"Salvage Master",127
"Daily Kills",224
"Stay Out!",319
"Shattered",340
"PvP Daily Player Kills",403
"Bachelor of Secrets, World 1",553
"A Rallying Flame",572
"Learn to Kite",718
"I Like Evon",742
"Speedy Sprinter",762
"Risk Taker",805
"Soft Lander",816
"Daily Invasion Responder",842
"Daily Hostage Negotiator",844
"Watch Your Step!",907
"What Does She Know?",919
"Deep Down or Airships Grounded",950
"Daily Aetherblade Ender",965
"Candy Craver",1021
"Trick-or-Treater V",1060
"Toxic Spore Cleanser",1064
"Toxic Gardener",1075
"Tower Antitoxin Injector",1130
"Shockwave Skipper",1192
"Weapons Tester",1193
"Aftermath Viathan Cleaner",1200
"That Wintersday Ring III",1274
"Making Some Wintersday Friends III",1275
"Spreading Wintersday Joy IV",1283
"Wurm Phytotoxin Collector",1332
"Raiders of the Lost Parts",1346
"Hold the Line",1415
"WvW Spring Tournament 2014: 3rd Place",1559
"Pirate Purger",1577
"Dive Master: Prospect Valley",1633
"Mischief Maker",1702
"Fractal Master",1712
"Fine Wining",1728
"Tormented Weapon Collection",1735
"Spirit Crafter",1752
"Defender: Amber Sandfall",1812
"Luminescent Gloves",1814
"Daily Pig Iron Quarry Jumping Puzzle",1927
"Daily Maguuma Wastes Vista Viewer",1937
"Daily Claw of Jormag",2026
"Nothing but Broken Toys",2047
"Daily Elementalist or Mesmer Winner",2104
"Auric Basin Insight: Southwatch Creep",2164
"Sign Cutting",2392
"Machined Dagger",2404
"Daily Recommended Fractal—Scale 31",2533
"Machined Focus",2545
"\"Endurance\" Strongbox",2565
"The Most Dangerous Game",2570
"Treetop Retriever",2574
"Loot Finder",2651
"RGB",2655
"League Top Stats—Recruit",2698
"Silver for the Season",2779
"Dragon's Gaze",2809
"Chuka and Champawat II: Ambush",2921
"Daily Tier 3 Aetherblade",2928
"Thwart the Inquest",3009
"Siege the Stronghold",3024
"Anomalies of the World",3029
"Don't Cross the Streams",3066
"Surf and Turf",3085
"Walking on Fire",3147
"Skrilla's Benefactor",3150
"Bitterfrost Frontier Insight: The Bitter Cold",3174
"Delicious Desserts",3191
"Daily Recommended Fractal—Scale 64",3215
"Daily Recommended Fractal—Scale 69",3219
"Light Up the Sky",3273
"Commanding Officer",3312
"Spirit Watch Killer",3373
"The Whispers Way",3374
"Born for Battle",3406
"White Hat",3439
"Abaddon's Ascent",3473
"Siren's Landing Insight: Lava Leap",3475
"Daily Siren's Landing: Kingpin Killer",3479
"Aurora II: Empowering",3489
"Lake Doric Master",3491
"Live Wire",3505
"A Soaring Stench",3670
"Adept Renegade",3674
"Blood and Sand",3681
"Daily Desert Vista Viewer",3721
"Warpblade",3745
"Master of Mummies",3797
"Domain of Vabbi Insight: Zagonur Towers",3841
"Jilai the Radiant",3851
"The First City",3996
"Daily Domain of Istan Racer",4005
"Champion's Dawn",4040
"(Annual) Snow Drifter",4052
"Friends in High Places",4076
"Survey on Subjects of Importance",4167
"Master Diver: Kessex Hills",4171
"Roller Beetle Training: Silver",4192
"For Petey's Sake",4193
"Beetlemania",4202
"[FTT 202] Intermediate Dynamics—Area Damage Level 2",4219
"Blitz Breaker",4319
"Day Trader",4333
"Not Today",4384
"Words of Mending",4408
"Mad Drifter",4440
"Rolling Competitor: Jormag's Fang",4467
"Chasing Tales: Hobbler",4542
"Chasing Tales: The Old Ways",4585
"Visions of Dragonfall",4757
"Vision I: Awakening",4762
"Quell the Storm",4779
"Hologram Herder",4834
"(Annual) Boss Blitz: Beat Boom-Boom",4864
"Coming Home",4914
"Stealing the Limelight",4927
"Grothmar Grand Tour: Pole Position",4948
"Pest Control",4965
"Stay Frosty",4979
"Bodyguarded",4987
"Royal Flame Weapons",5004
"Ox's Revelation",5098
"Voice in the Deep",5113
"Onsite Procurement",5191
"Emergency Maintenance",5200
"Tengu Weapon Collector",5252
"Special Mission: Clear the Lighthouse",5253
"Special Mission: Declawed",5349
"Death to the Dominion",5403
"Dragon Response Initiate",5528
"Crystal Bloom Global Ranks",5529
"Daily Crystal Bloom Missions",5532
"Bright Inquisitor Weapon Collection",5606
"Shiver Reward Track",5616
"Emergency Dragon Responder: Bloodtide Coast",5642
"Ooze Herding",5682
"Return to Ember Bay",5743
"Return to Dry Top 1",5773
"Seasons of the Dragons",5790
"Revenge of Kuda",5917
"Return to Forging Steel",5985
"The Goldclaw Holiday Collection",6031
"On the Case",6071
"Slippery as a Fish",6078
"Turtle Unlock: Suiting Up",6099
"An Impostor Walks among Us",6159
"Arborstone Hide-and-Seek Master",6161
"Echovald Wilds Mastery",6162
"Misty Leap",6198
"End of Dragons: Act 4 Mastery",6202
"Avid Krytan Fisher",6263
"Prima Donna",6295
"Daily End of Dragons Forager",6296
"Dragon's End Culture: The Luxon Armada",6303
"Head's Up!",6312
"Fishmongers Know Me",6478
"Dog Nap",6522
"The Path of Most Resistance",6534
"Weekly Jade Vault",6575
"Defeating the Icebrood",6616
"Trick-or-Treat across Tyria",6775
"(Weekly) Ruin Runner",6835
"Black Lion Requisition Mission Week 1",6842
"Tester of Secrets, Under 3",6886
"Paladin's Decree Weapon Collection",6891
"Gyala Delve Jade Bot Racer: Silver",6902
"Peace and Quiet",6934
"Never-Ending Nurture Knowledge",6983
"Legendary Weapon: Sunrise",7084
"Skywatch Archipelago Insight: MinSec Server Room",7150
"Elon Riverlands Rift Hunting",7237
"Bitterfrost Frontier Incursions",7618
"Dry Top Incursions",7679
"(Weekly) Convergences",7706
"Returning to Scarlet's War",7754
"Local Response: Battle for Lion's Arch (Weekly)",7768
"Realm Avenger V",7870
"True Dragon",7883
"Realm Avenger IX",7912
"Emotionless",7946
"Convergence Challenge Mode—Demon Knight: Gold",7983
"Reuniting Lost Kryptis: Gold",7998
"Devona's Rest Veteran",8013
"Convergence Challenge Mode—Umbriel: Gold",8050
"Very Enthusiastic about Wrestling",8192
"Revenge of the Death-Branded Shatterer (Weekly)",8396
"Road of Victory IV",8399
"(Weekly) Convergences: Mount Balrior",8448
"The Queen of Battle",8492
"This is my story.",8546
"Mistburned Barrens Insight: Alliance Staging Ground Overlook",8597
"Lightbringer",8615
"Home Sweet Homestead: Dragon's End",8636
"Daily Echovald Wilds",8692
"Mini Collection—Janthir Wilds",8745
"Kinfall Fractal",8762
"Revenge of the Kryptis",8791