"Slayer",1
"Hero",2
"PvP Conqueror",3
"Tradesman",4
"Explorer",5
"Fashion",6
"Weapon Master",7
"Community",10
"Hall of Monuments",11
"World vs World",13
"Jumping Puzzles",14
"Bosses",16
"Super Adventure Box: World 1",22
"Secret of Southsun",23
"Dragon Bash",25
"Dungeons",27
"A Very Merry Wintersday '12",28
"Shadow of the Mad King",29
"Fractals of the Mists",30
"Keg Brawl",31
"Bazaar of the Four Winds",34
"Belcher's Bluff",35
"Support Ellen Kiel",36
"Support Evon Gnashblade",37
"Sanctum Sprint",38
"Southsun Survival",39
"Crab Toss",40
"Queen Jennah's Jubilee",41
"The Queen's Gauntlet",42
"Clockwork Chaos",43
"Emissary Vorpp's Field Assistant",44
"Super Adventure Box: World 2",45
"Super Adventure Box: Tribulation Mode",46
"Tequatl",47
"Boss Week",48
"World vs. World Season 1",49
"Twilight Assault",50
"Twilight Arbor Aetherpath",51
"Blood and Madness",52
"Tower of Nightmares",53
"The Nightmares Within",54
"Fractured!",55
"The Nightmare Is Over",56
"A Very Merry Wintersday '13",57
"Triple Trouble",58
"The Origins of Madness",59
"Edge of the Mists",60
"Edge of the Mists",61
"Escape from Lion's Arch",62
"The Battle for Lion's Arch",65
"WvW Spring Tournament 2014",66
"Festival of the Four Winds",67
"Gates of Maguuma",68
"Dry Top",69
"Entanglement",70
"The Dragon's Reach,\nPart 1",71
"The Dragon's Reach,\nPart 2",72
"Retired Achievements",73
"WvW Fall Tournament 2014",74
"Rare Collections",75
"Black Lion Collections",76
"Basic Collections",77
"Blood and Madness",78
"Halloween Daily",79
"The Silverwastes",80
"Echoes of the Past",81
"Tangled Paths",82
"Seeds of Truth",83
"Daily Fractals",88
"Daily",97
"Wintersday Daily",98
"A Very Merry Wintersday '14",99
"Point of No Return",100
"Seasonal Activities",101
"Lunar New Year Dailies",102
"Heart of Thorns: Act 1",104
"Mastery Insights",108
"Dragon's Stand",109
"Specializations",110
"Auric Basin",111
"Tangled Depths",112
"Legendary Weapons",114
"Verdant Brink",116
"Specialization Collections",117
"Legendary Backpacks",118
"Shadow of the Mad King",119
"Heart of Thorns: Act 4",121
"Heart of Thorns: Act 3",122
"Heart of Thorns: Act 2",123
"Spirit Vale",124
"Legendary Armor",125
"Year of the Ascension Part I",126
"Year of the Ascension Part IV",127
"Year of the Ascension Part II",129
"Year of the Ascension Part III",130
"A Very Merry Wintersday '15",131
"Lunar New Year 2016",132
"The Shatterer",133
"Salvation Pass",134
"Fractals of the Mists",136
"Current Events",137
"Stronghold of the Faithful",138
"Out of the Shadows",139
"Revenge of the Capricorn",141
"Eternal Coliseum",143
"Rising Flames",144
"Shadow of the Mad King",146
"A Crack in the Ice",147
"Nightmare Fractal",148
"The Wondrous Workshop of Toymaker Tixx",150
"Lunar New Year 2017",151
"Forest of Niflhel",152
"Legacy of Foefire",153
"The Head of the Snake",154
"Bastion of the Penitent",155
"Battle of Kyhlo",156
"Temple of the Silent Storm",157
"Battle of Champion's Dusk",158
"Spirit Watch",160
"Skyhammer",161
"Daily Super Adventure Festival",162
"Flashpoint",164
"Mastery Insights",169
"Shattered Observatory Fractal",170
"One Path Ends",171
"Legendary Trinkets",173
"Domain of Vabbi",174
"Knight of the Thorn",175
"The Desolation",176
"Anomalous Occurrences",177
"Specializations",178
"Crystal Oasis",179
"Conservation of Magic",180
"Crystal Desert",181
"Elon Riverlands",182
"Path of Fire: Act 2",183
"Transfer Chaser",184
"Crystal Desert Weapon Collections",185
"Justice of the Blade",186
"Path of Fire: Act 3",187
"Path of Fire: Act 1",188
"Mastery Insights",189
"Desert Highlands",190
"Halloween Rituals",191
"Lunatic Wardrobe",192
"Shadow of the Mad King",193
"Hall of Chains",195
"Daybreak",196
"Wintersday Traditions",197
"Winter's Presence",198
"Dragon Ball",199
"New Year's Customs",200
"Daily Lunar New Year",201
"Lunar New Year",202
"A Bug in the System",203
"Super Adventure Box: Nostalgia",205
"Sunken Treasure Hunter",206
"Daily Sunken Treasure Hunter",207
"Long Live the Lich",209
"Festival of the Four Winds",210
"Crown Pavilion",211
"Four Winds Customs",212
"Daily Festival of the Four Winds",213
"Queen's Gauntlet",214
"Mythwright Gambit",215
"A Star to Guide Us",216
"Djinn's Dominion",218
"Roller Beetle Racing",220
"Daily Roller Beetle Racing",221
"All or Nothing",224
"World vs World Warclaw",225
"War Eternal",226
"Boss Rush",228
"The Key of Ahdashim",229
"Historical PvP Achievements",230
"Dragon Bash",231
"Dragon Bash Feats",232
"Daily Dragon Bash",233
"Prologue: Bound by Blood",236
"Festival Collections",237
"Daily Living World Season 3",238
"Whisper in the Dark",241
"Daily Living World Season 4",243
"Drakkar",245
"Shadow in the Ice",246
"Tutorial",247
"PvP Seasons",248
"Daily Strike Mission",250
"Visions of the Past: Steel and Fire",251
"No Quarter",253
"Jormag Rising",254
"Meta-Event Rush",256
"Champion Rush",257
"Sunqua Peak Fractal",258
"Fractal Rush",260
"Weekly Fractals",261
"Marshaling the Crystal Bloom",262
"Marshaling the Ebon Vanguard",263
"Mobilization Global Rewards",265
"Champions",266
"Marshaling the Deldrimor Dwarves",267
"Mobilization Global Rewards",268
"Mobilization Global Rewards",270
"Mobilization Global Rewards",271
"Marshaling the Tengu",272
"Mobilization Global Rewards",273
"Marshaling the Exalted",274
"Mobilization Global Rewards",275
"Mobilization Global Rewards",276
"Marshaling the Flame Legion",277
"Marshaling the Olmakhan",278
"Mobilization Global Rewards",279
"Marshaling the Skritt",280
"Mobilization Global Rewards",281
"Marshaling the Kodan",282
"Dragonstorm",284
"Return to Out of the Shadows",285
"Return to Seeds of Truth and Point of No Return",286
"Return to Flashpoint",287
"Return to The Head of the Snake",288
"Return to A Crack in the Ice",289
"Return to Rising Flames",290
"Return to Gates of Maguuma and Entanglement",291
"Return to The Dragon's Reach",292
"Portal Panic",293
"Return to One Path Ends",294
"Return to Echoes of the Past and Tangled Paths",295
"Revenge of the Marionette",296
"Wrath of the Twisted Marionette",297
"Return to Whisper in the Dark",298
"Return to Bound by Blood",299
"Return to Long Live the Lich",300
"Return to Steel and Fire",301
"Return to Jormag Rising",302
"Return to Shadow in the Ice",303
"Return to War Eternal",304
"Return to No Quarter",305
"Return to A Star to Guide Us",306
"Return to All or Nothing",307
"Return to Champions",308
"Return to A Bug in the System",309
"Return to Daybreak",310
"End of Dragons: Act I",311
"End of Dragons: Act V",312
"Cantha",313
"Arborstone",314
"New Kaineng City",315
"The Legendary Facets of Aurene",316
"Fishing",317
"The Echovald Wilds",318
"End of Dragons: Act II",319
"Dragon's End",320
"Daily End of Dragons",321
"End of Dragons: Act III",322
"Seitung Province",323
"Specializations",324
"End of Dragons: Act IV",325
"Mastery Insights",326
"Flame and Frost",328
"Sky Pirates",329
"Daily Icebrood Saga",330
"Adventure Guide: Volume Five",331
"Adventure Guide: Volume Two",332
"End of Dragons",333
"Adventure Guide: Volume Three",334
"Adventure Guide: Volume Four",335
"Adventure Guide: Volume One",336
"Decade of the Dragons",338
"Extra Life Donation Drive",342
"Adventure Guide: Bonus Rewards",345
"Weekly World vs. World",346
"Delve into the Haze",347
"Black Lion Requisition Missions",350
"Super Adventure Box: Quality Testing",351
"What Lies Within",353
"End of Dragons: Interlude",354
"Secrets of the Obscure: Act 1",355
"Silent Surf Fractal",356
"The Wizard's Tower",357
"Skywatch Archipelago",358
"Wizard's Vault Seasonal Objectives",359
"Secrets of the Obscure: Act 3",360
"Rift Hunting",361
"Secrets of the Obscure",362
"Wizard's Vault Weekly Objectives",363
"Skies of Tyria",364
"Weekly Rift Hunting",365
"Amnytas",366
"Wizard's Vault Daily Objectives",367
"Secrets of the Obscure: Act 2",368
"Mastery Insights",369
"Black Lion Stolen Goods Recovery Event",372
"Dungeon Rush",386
"Dungeon Rush",392
"Fractal Rush",393
"Player vs. Player Rush",400
"World vs. World Rush",401
"New Hero Jump Start",402
"Inner Nayos: Heitor's Territory",403
"Convergences",404
"Through the Veil",405
"The Realm of Dreams",408
"Inner Nayos: Nyedra Surrounds",409
"Profession Achievements",412
"Heights of Glory",413
"Inner Nayos: Citadel of Zakiros",416
"The Midnight King",417
"Lonely Tower Fractal",418
"Sunken Treasure Week",420
"The Wizard's Vault",422
"Weekly Rift Hunting",423
"Janthir Wilds: Act 2",424
"Janthir",425
"Repeatable",426
"Janthir Wilds: Act 1",427
"Mastery Insights",428
"Janthir Side Stories",429
"Janthir Syntri",430
"Lowland Shore",431
"Renown Hearts",432
"PvP Champion Series",435