"Potted Sprouting Night Thistle",1
"Wagon",2
"Ice Castle: Floor",3
"Partial Disciplines Research Commemorative Statue",4
"Seitung Bridge",5
"Spooky Dining Table",6
"Red Cushion",7
"Male Norn Holo-Dancer",9
"Firecracker",10
"Lounging Tiger Statue",12
"Super Forest House",13
"Obstacle: Knockback Turret",14
"Golden Rabbit Statue",16
"Obstacle: Fear Turret",18
"Kodan Hero Statue",21
"Melandru Statue",22
"Square Planter",23
"Large Square Pillar",24
"Blue Balloon",25
"Dhuum's Token",26
"Super Cloud",27
"Painting of Moto",28
"Potted Shaggy Palm",29
"Bronze River of Souls Trophy",30
"Season 1: Bronze Guild Challenger Trophy",31
"Immense Lion Statue",32
"Kodan Cottage Wall",35
"Potted Gold Fern",36
"Obstacle: White Torch",37
"Potted Mature Night Thistle",38
"Ascalonian Tree",39
"Seance Candle",40
"Festive Arch",41
"Kodan Feast",42
"Large Cuboid of Snow",43
"Monkey Statue",44
"Raven Spirit Statue",45
"Lattice Planter with Blue Petunias",46
"Super Mountain",47
"Pumpkin Lanterns",48
"Twin Largos' Token",49
"Infinirarium Deck",50
"Fancy Chair",52
"Silver Triple Trouble Trophy",53
"Ox Statue",54
"Arrow Cart Siege",55
"Body Topiary",56
"Potted Maguuma Lily (Double Bloom)",57
"Red Lantern",58
"Obstacle: Vortex Trap",59
"Blue Pirate Flag",61
"Skewed Stairway (Left)",62
"Potted Tree",63
"Divinity Lamp",64
"Thin Candlestick",65
"Bronze Gorseval Trophy",68
"Kodan Woodsy Cabinet",70
"Pot of Chrysanthemums",71
"Snow Mound",72
"Super Campfire",73
"Broken Mast Pole",74
"Red Festival Tent",77
"Weathered Elonian Column",79
"Silver Keep Construct Trophy",80
"Super Lily Pad",81
"Victorious Dragon Bash Poster",82
"Typical Drizzlewood Coast Tree",83
"Spire Topiary",87
"Bronze White Mantle Abomination Trophy",88
"Xera's Ribbon Scrap",89
"Bronze Xera Trophy",91
"Silver Sabetha Trophy",92
"Wave of the Solid Ocean",93
"Slab of the Solid Ocean",94
"Dragon Bash Pylon",95
"Silver Gorseval Trophy",97
"Boar Statue",98
"Basic Pedestal",99
"Mad Moon",100
"Spire of the Solid Ocean",101
"Super Snow Floor",103
"Primordial Leviathan Rib Cage",104
"Rec Room Floor Tile",107
"Trebuchet Siege",108
"Canthan Garden Wall",110
"Loaded Wagon",111
"Bronze Triple Trouble Trophy",112
"Fun Balloon Bundle",113
"Obstacle: Fan Trap",114
"Super Snowy Cliff Face",115
"Ether Djinn's Token",116
"Large Block of the Solid Ocean",118
"Worn Pillar",119
"Snowman Ice Sculpture",120
"Thorny Mushroom",122
"Silver Statue of Grenth Trophy",123
"Short Guild Banquet Table",124
"Traditional Kodan Bed",125
"Bronze Statue of Grenth Trophy",127
"Impaled Prisoner",128
"Toymaker's Machine",129
"Kodan Refined End Table",131
"Elegant Square Pillar",132
"Obstacle: Chill Turret",133
"WvW Mortar Siege",134
"Guild Catapult Siege",136
"Qadim's Token",137
"Small Canthan Cherry Tree",139
"Sandstone Pillar",140
"Elaborate Sandstone Pillar",141
"Kodan Woodsy Trunk",143
"Skewed Stairway (Right)",144
"Grenth Statue",145
"Ominous Fortress Wall: Corrupted",147
"Djinn Launching Device",148
"Signal Lantern",149
"Empty Square Planter",150
"Mushroom",152
"Potted Broad Paddlefrond",153
"Kodan Writing Desk",154
"Ice Castle: Wall",155
"Primordial Leviathan Rib Cage: Curved",156
"Superior Trebuchet Siege",157
"Comprehensive Disciplines Research Commemorative Statue",158
"Glacier Overhang",160
"Deluxe Vine Wall",161
"Effervescent Pod",162
"Dwayna Statue",163
"Elonian Teapot",164
"Season 4: Bronze Guild Challenger Trophy",165
"Divinity Streetlamp",166
"Guild Chair",167
"Guild Shield Generator Siege",168
"Potted Fan Palm",169
"Super Large Rock",170
"Basic Commemorative Statue",171
"Portrait of Logan Thackeray",172
"Mists Drake Statue",173
"Statue of Joko the Regal",174
"Silver Slothasor Trophy",175
"Clock Tower's Broken Beam",176
"Griffon Rental Post",177
"Obstacle: Lava Floor",179
"Silver Qadim Trophy",180
"White Wintersday Gift",181
"Rabbit Statue",182
"Potted Fruiting Night Thistle",183
"Tea Set",184
"Square Candlestick",185
"Basic Signpost",186
"Ghostly Dining Table",187
"Squat Thorny Mushroom",188
"Red Dragon Target",189
"Elonian Wood Chair",190
"Potted Maguuma Lily",191
"Chak Gerent Eye",192
"Frost Legion Machine",193
"Chandelier",194
"Astral Ward Square Floor",196
"Bonfire",197
"Obstacle: Purple Torch",198
"Candy Cane Ramp",199
"Bronze Conjured Amalgamate Trophy",200
"Jack-o'-Lantern",201
"Kodan Decorative Wardrobe",202
"Shatterer Crystal",203
"Super Mushroom Platform",204
"Wintersday Tree",206
"Ascalonian Lamp",207
"Guild Ballista Siege",211
"Steel Pan",213
"Floral Canthan Rug",215
"White Mantle Abomination Crystal",216
"Snow Maker",218
"Hedge Pillar",220
"Season 4: Silver Guild Challenger Trophy",221
"Primordial Leviathan Rib Cage: Right Curved",222
"Zephyr Net",223
"Kodan Table Setting",224
"Kodan Fancy Bed",225
"Red Throw Pillow",226
"Plush Armchair",227
"Zephyr Sailboat",230
"Super King Frog",231
"Freezie's Heart Statue",232
"Desmina's Token",233
"Purple Balloon",234
"Fine Armor Stand",236
"Simple Shelf",237
"Golem Siege",238
"Basic Basket",239
"Bronze Tequatl Trophy",240
"Rustic Brazier",241
"Mordremoth Mandible",242
"Silver Cardinal Sabir Trophy",243
"Obstacle: Wide Wall",244
"Basic Candle",245
"Vale Guardian Pieces",246
"Ornate Bed",247
"Lattice Planter with Orange Petunias",248
"Marriner Statue",249
"Kodan Painting",250
"Basic Flagpole",251
"Super Cave Plateau",252
"Petite Statue of Joko the Immortal",253
"Clock Tower Gear",254
"Dock Crane",255
"Super Leaf Platform",257
"River of Souls Token",258
"Potted Blooming Moa Fern",259
"Rooster Statue",260
"Arrow Pattern Snowflake Platform",261
"Kodan Hanging Lantern",263
"Broken Square Pillar",264
"Obstacle: Tall Wall",267
"Superior Golem Siege",268
"Ceramic Planter",269
"Hanging Tree",272
"Silver Mordremoth Trophy",273
"Red Bowl",275
"Red Bowl of Food",276
"Charr Scrap Cannon",277
"Streets of Divinity's Reach",278
"Kodan Fish Tank",279
"Green Cushion",280
"Zephyr Koi Lantern",281
"Branded Devourer Monument",283
"Cube of Snow",284
"Elonian Tent",288
"Snow Pile",291
"Janthir Grass (Small)",292
"Ram Statue",295
"Worn Arch",296
"Zephyr Waterpot",297
"Shield Generator Siege",298
"Obstacle: Green Torch",299
"Kodan Cottage Wall (Small)",300
"Fancy Table",302
"Lattice Planter",303
"Obstacle: Wall",305
"Kodan Vanity",306
"Basic Column",307
"Square Cabinet",308
"Canthan Condiments",309
"Zephyr Walkway",311
"Kodan Crystal Candle",312
"Kodan Heritage Chest",315
"Reaching Twisted Tree",316
"Zephyr Canopy",317
"Draped Wintersday Garland",319
"Bronze Cardinal Adina Trophy",320
"Catapult Siege",321
"Balthazar Statue",324
"Basic Table",325
"Guild Bench",326
"Kodan Dining Chair",327
"Fuchsia Balloon",328
"Superior Ballista Siege",329
"Super Rock Wall",330
"Elegant Pillar",332
"Bronze Mordremoth Trophy",333
"Mists Griffon Statue",335
"Decorated Casket",336
"Silver Deimos Trophy",337
"Zephyr Scaffolding",338
"Elonian Hawk Statue",340
"Block Topiary",341
"Fancy Round Table",343
"Corrupted Ox Shrine",344
"Haunted Armchair",345
"Weathered Elonian Obelisk",346
"Season 6: Bronze Guild Challenger Trophy",347
"Armor Stand",350
"Dragon's Tooth Lantern",351
"Red Festival Umbrella",352
"Lunar Arch",353
"Purple Dragon Target",355
"Potted Lady Palm",357
"Majority Disciplines Research Commemorative Statue",359
"Obstacle: Wide Lava Floor",361
"Zephyr Support",362
"Super Cave Stalagmite",364
"Bronze Dhuum Trophy",365
"Deep Pot",366
"Pumpkin",367
"Hedge",368
"Massive Balloon Bouquet",369
"Festival Tent",371
"Silver Dhuum Trophy",372
"Spider's Web Floor",373
"Blue Wintersday Gift",374
"Wayfinder's Versatile Table",375
"Basic Shrub",376
"Broken Sandstone Pillar",377
"Superior Catapult Siege",378
"Unimpressive King Frog",379
"Potted Cypress",381
"Short Guild Bar",382
"Yellow Cushion",383
"Square Firepit",384
"Kodan Ivory Couch",385
"Cardinal Adina's Token",386
"Planter Box",387
"Distressed Lion Statue",388
"Large Cube of Snow",389
"Zephyr Lantern",390
"Bronze Ether Djinn Trophy",391
"Bronze Samarog Trophy",393
"Oakheart's Essence",394
"Season 6: Silver Guild Challenger Trophy",395
"[[1100540]]",396
"Festive Streetlamp",397
"Embellished Wintersday Star",398
"Kormir Statue",400
"Janthir Grass (Large)",402
"Small Elonian Planter",404
"Potted Palm",405
"Charr Statue",406
"Mists Rock Dog Statue",407
"Refined Streetlamp",409
"Tiger Statue",410
"Silver Siege the Stronghold Trophy",411
"Square Guild Banquet Table",412
"Cardinal Sabir's Token",413
"Ephemeral Spider's Web Wall",414
"Season 3: Silver Guild Challenger Trophy",415
"Season 2: Silver Guild Challenger Trophy",417
"Kodan Timber Stool",419
"Silver Conjured Amalgamate Trophy",421
"Plush Sofa",422
"Guild Arrow Cart Siege",423
"Guild Trebuchet Siege",424
"Blue Dragon Target",426
"Guild Stool",427
"Keg",429
"Windmill Wheel",430
"Well",431
"Snowfall Drift",432
"Obstacle: Weakness Turret",433
"Raptor Rental Post",434
"Super Cliff Face",435
"Kodan Woodsy Cabinet (Tall)",436
"Super Beech Tree",438
"Guild Barstool",440
"Canthan Stair Bridge",442
"Lyssa Statue",443
"Green Balloon",445
"Green Pirate Flag",446
"Branded Crystal",447
"Sparse Drizzlewood Coast Tree",448
"Basic Fountain",449
"Weathered Elonian Arch",450
"Large Hemisphere of Snow",451
"Block of the Solid Ocean",452
"Commemorative Weapon Stand",453
"Bronze Cardinal Sabir Trophy",454
"Basic Grave Marker",455
"Gilded Banner",457
"[[1102512]]",458
"Zephyr Window Pane",461
"Large Bamboo Clump",463
"Silver Ether Djinn Trophy",464
"Fog Machine",467
"Plush Rug",471
"Visage of Madness",472
"Fancy Urn",474
"Forged Brazier",475
"Antler Pattern Snowflake Platform",476
"Superior Flame Ram Siege",478
"Peppermint Arrow",480
"Super Tree Trunk",481
"Bronze Deimos Trophy",482
"Kodan Decorative Torch",483
"Demon Statue",485
"Kodan Wall Mirror",486
"Bundle of Corn Stalks",487
"Bowl Topiary",489
"Red Pirate Flag",490
"Basic Bookshelf",491
"Bronze Vale Guardian Trophy",492
"Super Grumpy Cloud",493
"Season 1: Silver Guild Challenger Trophy",494
"Potted Bamboo Cluster",495
"Super Happy Cloud",496
"Grenth's Palm",497
"Elonian Wood Table",498
"Portrait of Caudecus",499
"Elonian Stone Tower",501
"Fragment of Saul's Burden",502
"Bronze Qadim Trophy",503
"Broken Ascalonian Pillar",504
"Tall Elonian Column",506
"Silver Mursaat Overseer Trophy",507
"Lit Wagon",510
"Griffon Fountain",511
"Elonian Vase",513
"Library Shelf",515
"Zephyr Rowboat",516
"Crooked Mushroom",517
"Mast Pole",518
"Crystal Block of the Solid Ocean",519
"Throne",521
"Season 5: Silver Guild Challenger Trophy",522
"Potted Jungle Grass",523
"Guild Bar",526
"Silver Cardinal Adina Trophy",527
"Super Rock",528
"Basic Planter",529
"Tranquil Birdbath",530
"Flame Ram Siege",531
"Ghostly Dining Chair",532
"Potted Maguuma Lily (Triple Bloom)",534
"Wintersday Garland",535
"Fancy Armchair",537
"Short Elonian Column",539
"Griffon Statue",540
"Conjured Amalgamate's Token",541
"Obstacle: Flame Turret",543
"Zephyr Bridge",544
"Bronze Keep Construct Trophy",547
"Super Rock Ramp",548
"Super Cave Pillar",549
"Ominous Fortress Wall",550
"Kournan Brazier",552
"Candy Cane Beam",553
"Rug",554
"Tray of Eggnog",555
"Primordial Leviathan Rib Cage: Left Curved",556
"Round Elonian Windmill",557
"Head Topiary",558
"Spooky Cauldron",559
"Hedge Corner",560
"Dragon Bash Windcatcher",561
"Kodan Lantern",565
"Thick Drizzlewood Coast Tree",566
"Wintersday Star",567
"Super Rock Platform",568
"Obstacle: Wide Tall Wall",569
"Kodan Cottage Wall (Pillar)",570
"Female Norn Holo-Dancer",571
"Basic Tree",572
"Kodan Painting 2",573
"Snow Mound",574
"Bronze Sabetha Trophy",575
"Peppermint Platform",576
"Bronze Chak Gerent Trophy",577
"Superior Shield Generator Siege",580
"Eternal Flame",581
"Netted Crates",582
"Ice Castle: Roof",583
"Pillar Candle",585
"Kodan Soup Kettle",586
"Silver Twin Largos Trophy",587
"Elegant Wall Panel",588
"Kodan Sink",589
"Keep Construct Rubble",590
"Lattice Planter with Loosestrife",591
"Pulley Hook",592
"Super Pine Tree",593
"Jade Bot Workbench",594
"Silver White Mantle Abomination Trophy",595
"Lion Fountain",596
"Bat Lanterns",597
"Potted Paddlefrond",598
"Super Short Cliff Face",599
"Potted Junglerice",600
"Potted Night Thistle Bud",601
"Silver Samarog Trophy",603
"Super Giant Cloud",604
"Zephyr Banner",605
"Potted Night Thistle",606
"Super Tall Cliff Face",607
"Potted Tall Cypress",608
"Kodan Woodsy Armchair",610
"Potted Reaching Gold Fern",611
"Crooked Thorny Mushroom",612
"Kodan Woodsy Dining Table",613
"Lattice Planter with Red Petunias",614
"Red Flag",616
"Super Flower",617
"Pew",618
"Yellow Balloon",619
"Kodan Bone Bookshelf",622
"Cairn the Indomitable Shard",623
"Super Mushroom",624
"A Day in Kryta",625
"Potted Reaching Blue Fern",626
"Silver Tequatl Trophy",627
"Kodan Hammock",628
"Highback Chair",630
"Super Small Rock",631
"Triumphant Dragon Bash Poster",632
"Hedge Planter",633
"Silver Cairn the Indomitable Trophy",634
"Elonian Cairn Stones",635
"Slothasor Mushroom",637
"Mists Minotaur Statue",638
"Cheery Balloon Bundle",639
"Kodan Woodsy Cabinet (High)",641
"Shattered Stairway",643
"Superior Arrow Cart Siege",644
"Ephemeral Spider's Web Floor",645
"Elonian Lattice",647
"Lattice",648
"Large Crystal Block of the Solid Ocean",650
"Scarecrow",651
"Tall Candlestick",653
"Ice Sheet",654
"Unchained Platform",655
"Mounted Dolyak Head",656
"Dog Statue",657
"Dragon Bash Firework Launcher",658
"Miniature Joko Bust (for Personal Worship)",659
"Season 5: Bronze Guild Challenger Trophy",660
"Dragon Bash Kite",661
"Vined Lattice",662
"Guild Initiative Banner",664
"Mausoleum",665
"Blue Cushion",666
"Silver Chak Gerent Trophy",667
"Silver River of Souls Trophy",668
"Thorny Jack-o'-Lantern",670
"Wedge of Snow",671
"Potted Djinn's Tongue",673
"Elonian Incense Stand",674
"Gorseval Tentacle",675
"Owl Spirit Statue",676
"Super Angry Cloud",677
"Obstacle: Blue Torch",678
"Potted Shrub",679
"Basic Crate",680
"Gingerbread-Man Ice Sculpture",681
"Silver Desmina Trophy",682
"Cuboid of Snow",683
"Fancy Wagon",684
"Orange Balloon",685
"Wintersday Music Platform",686
"Demolished Mast Pole",687
"Season 3: Bronze Guild Challenger Trophy",688
"Large Festival Tent",689
"Corrupted Wolverine Shrine",691
"Kodan Swirl Rug",692
"Reindeer Ice Sculpture",693
"Obstacle: Red Torch",694
"Bronze Twin Largos Trophy",695
"Ballista Siege",698
"Zephyr Sail",699
"Potted Bamboo",700
"Woodfire Grill",701
"Ice Slide",702
"Forged Fire Wall",704
"Tall Lattice",705
"Potted Fern Tree",706
"Potted Croton",707
"The Heart of the Priory",708
"Ascalonian Pillar",709
"Potted Blue Orchid",711
"Ominous Fortress Wall: Angled",712
"Lion Statue",713
"Super Tree",714
"Utensil Rack",715
"Green Wintersday Gift",716
"Dragon Bash Banner",717
"Spooky Dining Chair",718
"Bronze Shatterer Trophy",719
"Weapon Display Case",720
"Obstacle: Heal Turret",721
"Rectangular Planter",722
"Lynx Statue",723
"Gramophone",725
"Large Elonian Planter",726
"Kodan Kitchen Hearth",727
"Cannon Siege",728
"Tequatl Tailbone",729
"Holiday Wreath",730
"White Flag",731
"Kodan Rocky Fireplace",732
"Square Guild Bar",733
"Sphere Topiary",734
"Gold Firepit",735
"Fire Circle",736
"Giant Candy Cane",738
"Bronze Cairn the Indomitable Trophy",739
"Kodan Woven Divider",740
"Super Pagoda Column",741
"Dragon's Breath Lantern",744
"Bronze Siege the Stronghold Trophy",745
"Keg Rack",746
"Forged Pylon",747
"Campfire",750
"Festive Balloon Bundle",751
"Simple Table",752
"Obstacle: Strike Turret",753
"Mossy Pillar",754
"Spiral Elonian Windmill",755
"Miniature Majestic Joko (for Personal Worship)",756
"Bronze Desmina Trophy",757
"Bronze Mursaat Overseer Trophy",758
"Kodan Joined Wooden Divider",759
"Large Wave of the Solid Ocean",760
"Spider's Web Wall",761
"Super Ice Wall",762
"Significant Disciplines Research Commemorative Statue",763
"Potted Blue Moa Fern",765
"Palm Tree",766
"Elonian Snake Statue",767
"Silver Xera Trophy",768
"Illuminated Fountain",769
"Haunted Love Seat",770
"Large Wedge of Snow",771
"Ice Castle: Turret",773
"Hemisphere of Snow",774
"Wide Library Shelf",777
"Lattice Planter with Daisies",778
"Basic Boulder",781
"Super Tree Branch",782
"Incredulous Stage",783
"Corrupted Eagle Shrine",784
"Creepy Jack-o'-Lantern",786
"Grand Clock Tower Gear",787
"Sabetha Flamethrower Fragment",789
"Bronze Slothasor Trophy",790
"Triple Trouble Tooth",792
"Silver Shatterer Trophy",794
"Statue of Grenth Token",795
"Potted Petticoat Palm",796
"Season 2: Bronze Guild Challenger Trophy",797
"Chunk of the Solid Ocean",798
"Bloodstone Turret Fragment",799
"Writhing Twisted Tree",800
"Obstacle: Poison Turret",801
"Super Cave Floor",802
"Rat Statue",804
"Green Tree",805
"Elonian Railing",806
"Obstacle: Cripple Turret",807
"Red Balloon",808
"Grandfather Clock",809
"Basic Chair",810
"Row of Candles",811
"Basic Torch",812
"Potted Slender Fern Tree",813
"Infernal Facade",814
"Silver Vale Guardian Trophy",815
"White Balloon",816
"Plush Bear Head Pal",817
"Plush Choya Pal",818
"Plush Quaggan Pal",819
"Wayfinder's Versatile Board Game Table",820
"Wayfinder's Versatile Navigation Table",821
"Wayfinder's Versatile War Table",822
"Plush Bird Pal",823
"Wayfinder's Versatile Plain Table",824
"Flame-Bearing Gargoyle",825
"Meditative Stone Lantern",826
"Meditative Long Bamboo Fence",827
"Warclaw Rental Post",828
"Meditative Bamboo Fence",829
"Antique Bell",830
"Meditative Lucky Rock",831
"Meditative Sand Circle",832
"Meditative Windswept Tree",833
"Meditative Favored Rock",834
"Meditative Bamboo Fountain",835
"Meditative Sand Lines",836
"Meditative White Lantern",837
"Gargoyle",838
"Meditative Red Lantern",839
"Haunted Bell",840
"Bronze Decima Trophy",841
"Silver Greer Trophy",842
"Silver Decima Trophy",844
"Ura's Token (Homestead)",845
"Silver Ura Trophy",846
"Bronze Greer Trophy",847
"Greer's Token (Homestead)",849
"Bronze Ura Trophy",850
"Roller Beetle Boost Pad",851
"Decima's Token (Homestead)",855