"Queensdale",15
"Harathi Hinterlands",17
"Divinity's Reach",18
"Plains of Ashford",19
"Blazeridge Steppes",20
"Fields of Ruin",21
"Fireheart Rise",22
"Kessex Hills",23
"Gendarran Fields",24
"Iron Marches",25
"Dredgehaunt Cliffs",26
"Lornar's Pass",27
"Wayfarer Foothills",28
"Timberline Falls",29
"Frostgorge Sound",30
"Snowden Drifts",31
"Diessa Plateau",32
"Ascalonian Catacombs",33
"Caledon Forest",34
"Metrica Province",35
"Ascalonian Catacombs",36
"Arson at the Orphanage",37
"Eternal Battlegrounds",38
"Mount Maelstrom",39
"Lion's Arch",50
"Straits of Devastation",51
"Sparkfly Fen",53
"Brisban Wildlands",54
"The Hospital in Jeopardy",55
"Infiltration",61
"Cursed Shore",62
"Sorrow's Embrace",63
"Sorrow's Embrace",64
"Malchor's Leap",65
"Citadel of Flame",66
"Twilight Arbor",67
"Twilight Arbor",68
"Citadel of Flame",69
"Honor of the Waves",70
"Honor of the Waves",71
"Bloodtide Coast",73
"Caudecus's Manor",75
"Caudecus's Manor",76
"Search the Premises",77
"The Informant",79
"A Society Function",80
"Crucible of Eternity",81
"Crucible of Eternity",82
"Chasing the Culprits",89
"The Grove",91
"The Trial of Julius Zamon",92
" Alpine Borderlands",95
" Alpine Borderlands",96
"Infiltration",97
"The Perils of Friendship",110
"Victory or Death",111
"The Ruined City of Arah",112
"Desperate Medicine",113
"The Commander",120
"Defense of Shaemoor",138
"Rata Sum",139
"The Apothecary",140
"Going Undercover",142
"Going Undercover",143
"The Greater Good",144
"The Rescue",145
"Breaking the Blade",147
"The Fall of Falcon Company",148
"The Fall of Falcon Company",149
"Confronting Captain Tervelan",152
"Seek Logan's Aid",153
"Seek Logan's Aid",154
"Accusation",157
"Accusation",159
"Liberation",161
"Voices From the Past",162
"Voices From the Past",163
"Rending the Mantle",171
"Rending the Mantle",172
"The Floating Grizwhirl",178
"The Floating Grizwhirl",179
"The Floating Grizwhirl",180
"Clown College",182
"The Artist's Workshop",184
"Into the Woods",185
"The Ringmaster",186
"The Orders of Tyria",190
"The Orders of Tyria",191
"Brute Force",192
"Mortus Virge",193
"Triskell Quay",195
"Track the Seraph",196
"Speaker of the Dead",198
"The Sad Tale of the \"Ravenous\"",199
"Kellach's Attack",201
"The Queen's Justice",202
"The Trap",203
"Best Laid Plans",211
"Welcome Home",212
"The Tribune's Call",215
"The Tribune's Call",216
"The Tribune's Call",217
"Black Citadel",218
"A Spy for a Spy",222
"Scrapyard Dogs",224
"A Spy for a Spy",225
"On the Mend",226
"Spilled Blood",232
"Ghostbore Musket",234
"Iron Grip of the Legion",237
"The Flame Advances",238
"The Flame Advances",239
"Test Your Metal",242
"Quick and Quiet",244
"Salma District (Home)",248
"An Unusual Inheritance",249
"Windrock Maze",250
"Mired Deep",251
"Mired Deep",252
"Deadly Force",254
"Ghostbore Artillery",255
"No Negotiations",256
"Salvaging Scrap",257
"Salvaging Scrap",258
"In the Ruins",259
"In the Ruins",260
"Busted Flagon Public House",261
"Chain of Command",262
"Chain of Command",263
"Time for a Promotion",264
"The End of the Line",267
"Magic Users",269
"Rage Suppression",271
"Rage Suppression",272
"Operation: Bulwark",274
"AWOL",275
"Human's Lament",276
"Misplaced Faith",282
"Thicker Than Water",283
"Dishonorable Discharge",284
"Searching for the Truth",287
"Lighting the Beacons",288
"Stoking the Flame",290
"A Fork in the Road",294
"Sins of the Father",295
"Graveyard Ornaments",297
"Hoelbrak",326
"Desperate Medicine",327
"Seraph Headquarters",330
"Keg Brawl",334
"Claw Island",335
"Chantry of Secrets",336
"Heart of the Mists",350
"The Sting",363
"Drawing Out the Cult",364
"Ashes of the Past",365
"Hero's Canton (Home)",371
"Blood Tribune Quarters",372
"The Command Core",373
"Knut Whitebear's Loft",374
"Hunter's Hearth (Home)",375
"Stonewright's Steading",376
"Queen's Throne Room",378
"The Great Hunt",379
"A Weapon of Legend",380
"The Last of the Giant-Kings",381
"Disciples of the Dragon",382
"A Weapon of Legend",385
"Echoes of Ages Past",386
"Wild Spirits",387
"Out of the Skies",388
"Echoes of Ages Past",389
"Twilight of the Wolf",390
"Rage of the Minotaurs",391
"A Pup's Illness",392
"Through the Veil",393
"A Trap Foiled",394
"Raven's Revered",396
"One Good Drink Deserves Another",397
"Shape of the Spirit",399
"Into the Mists",400
"Through the Veil",401
"Blessed of Bear",405
"The Wolf Havroun",407
"Minotaur Rampant",410
"Minotaur Rampant",411
"Unexpected Visitors",412
"Rumors of Trouble",413
"A New Challenger",414
"Unexpected Visitors",415
"Roadblock",416
"Assault on Moledavia",417
"Don't Leave Your Toys Out",418
"A New Challenger",419
"First Attack",420
"The Finishing Blow",421
"The Semifinals",422
"The Championship Fight",423
"The Championship Fight",424
"The Machine in Action",425
"Among the Kodan",427
"Rumors of Trouble",428
"Rage of the Minotaurs",429
"Darkness at Drakentelt",430
"Fighting the Nightmare",432
"Preserving the Balance",434
"Means to an End",435
"Dredge Technology",436
"Underground Scholar",439
"Dredge Assault",440
"The Dredge Hideout",441
"Sabotage",444
"Codebreaker",447
"Armaments",449
"Assault the Hill",453
"Silent Warfare",454
"Sever the Head",455
"Fury of the Dead",458
"A Fork in the Road",459
"Citadel Stockade",460
"Tribunes in Effigy",464
"Sins of the Father",465
"Misplaced Faith",466
"Gladiator",469
"Graveyard Ornaments",470
"Undead Infestation",471
"Whispers in the Dark",474
"Dangerous Research",476
"Digging Up Answers",477
"Defending the Keep",480
"Undead Detection",481
"Ever Vigilant",483
"Research and Destroy",485
"Whispers of Vengeance",487
"Killer Instinct",488
"Meeting my Mentor",489
"A Fragile Peace",490
"Don't Shoot the Messenger",492
"Meeting my Mentor",496
"Dredging Up the Past",497
"Dredging Up the Past",498
"Scrapyard Dogs",499
"Quaestor's Siege",502
"Minister's Defense",503
"Called to Service",504
"Called to Service",505
"Mockery of Death",507
"Discovering Darkness",509
"Hounds and the Hunted",511
"Hounds and the Hunted",512
"Loved and Lost",513
"Saving the Stag",514
"Hidden in Darkness",515
"Good Work Spoiled",516
"Black Night, White Stag",517
"The Omphalos Chamber",518
"Weakness of the Heart",519
"Awakening",520
"Holding Back the Darkness",521
"A Sly Trick",522
"Deep Tangled Roots",523
"The Heart of Nightmare",524
"Beneath a Cold Moon",525
"The Knight's Duel",527
"Hammer and Steel",528
"Where Life Goes",529
"After the Storm",532
"After the Storm",533
"Beneath the Waves",534
"Mirror, Mirror",535
"A Vision of Darkness",536
"Shattered Light",537
"An Unknown Soul",538
"An Unknown Soul",539
"Where Life Goes",540
"Source of the Issue",542
"Wild Growth",543
"Wild Growth",544
"Seeking the Zalisco",545
"The Direct Approach",546
"Trading Trickery",547
"Eye of the Sun",548
"Battle of Kyhlo",549
"Seeking the Zalisco",552
"Forest of Niflhel",554
"A Different Dream",556
"A Splinter in the Flesh",557
"Shadow of the Tree",558
"Eye of the Sun",559
"Sharpened Thorns",560
"Bramble Walls",561
"Secrets in the Earth",563
"The Blossom of Youth",564
"The Bad Apple",566
"Trouble at the Roots",567
"Flower of Death",569
"Dead of Winter",570
"A Tangle of Weeds",571
"Explosive Intellect",573
"In Snaff's Footsteps",574
"Golem Positioning System",575
"Monkey Wrench",576
"Defusing the Problem",577
"The Things We Do For Love",578
"The Snaff Prize",579
"A Sparkling Rescue",581
"High Maintenance",582
"Snaff Would Be Proud",583
"Taking Credit Back",584
"Political Homicide",586
"Here, There, Everywhere",587
"Piece Negotiations",588
"Readings On the Rise",589
"Snaff Would Be Proud",590
"Readings On the Rise",591
"Unscheduled Delay",592
"Stand By Your Krewe",594
"Unwelcome Visitors",595
"Where Credit Is Due",596
"Where Credit Is Due",597
"Short Fuse",598
"Short Fuse",599
"Salt in the Wound",606
"Free Rein",607
"Serving Up Trouble",608
"Serving Up Trouble",609
"Flash Flood",610
"I Smell a Rat",611
"Magnum Opus",613
"Magnum Opus",614
"Bad Business",617
"Beta Test",618
"Beta Test",619
"Any Sufficiently Advanced Science",620
"Any Sufficiently Advanced Science",621
"Bad Forecast",622
"Industrial Espionage",623
"Split Second",624
"Carry a Big Stick",625
"Meeting my Mentor",627
"Stealing Secrets",628
"A Bold New Theory",629
"Forging Permission",630
"Forging Permission",631
"Setting the Stage",633
"Containment",634
"Containment",635
"Hazardous Environment",636
"Down the Hatch",638
"Down the Hatch",639
"The Stone Sheath",642
"Bad Blood",643
"Test Subject",644
"Field Test",645
"The House of Caithe",646
"Dreamer's Terrace (Home)",647
"The Omphalos Chamber",648
"Snaff Memorial Lab",649
"Applied Development Lab (Home)",650
"Council Level",651
"A Meeting of the Minds",652
"Mightier than the Sword",653
"They Went Thataway",654
"Lines of Communication",655
"Untamed Wilds",656
"An Apple a Day",657
"Base of Operations",658
"The Lost Chieftain's Return",659
"Thrown Off Guard",660
"Pets and Walls Make Stronger Kraals",662
"Doubt",663
"The False God's Lair",664
"Bad Ice",666
"Bad Ice",667
"Pets and Walls Make Stronger Kraals",668
"Attempted Deicide",669
"Doubt",670
"Rat-Tastrophe",672
"Salvation Through Heresy",673
"Enraged and Unashamed",674
"Pastkeeper",675
"Protest Too Much",676
"Prying the Eye Open",677
"The Hatchery",678
"Convincing the Faithful",680
"Evacuation",681
"Untamed Wilds",682
"Champion's Sacrifice",683
"Thieving from Thieves",684
"Crusader's Return",685
"Unholy Grounds",686
"Chosen of the Sun",687
"Set to Blow",691
"Gadd's Last Gizmo",692
"Library Science",693
"Rakt and Ruin",694
"Suspicious Activity",695
"Reconnaissance",696
"Critical Blowback",697
"The Battle of Claw Island",698
"Suspicious Activity",699
"Priory Library",700
"On Red Alert",701
"Forearmed Is Forewarned",702
"The Oratory",703
"Killing Fields",704
"The Ghost Rite",705
"The Good Fight",706
"Defense Contract",707
"Shards of Orr",708
"The Sound of Psi-Lance",709
"Early Parole",710
"Magic Sucks",711
"A Light in the Darkness",712
"The Priory Assailed",713
"Under Siege",714
"Retribution",715
"Retribution",716
"The Sound of Psi-Lance",719
"Wet Work",726
"Shell Shock",727
"Volcanic Extraction",728
"Munition Acquisition",729
"To the Core",730
"The Battle of Fort Trinity",731
"Tower Down",732
"Forging the Pact",733
"Willing Captives",735
"Marshaling the Truth",736
"Breaking the Bone Ship",737
"Liberating Apatia",738
"Liberating Apatia",739
"Fixing the Blame",743
"A Sad Duty",744
"Striking off the Chains",745
"Delivering Justice",746
"Intercepting the Orb",747
"Close the Eye",750
"Through the Looking Glass",751
"The Cathedral of Silence",758
"Starving the Beast",760
"Stealing Light",761
"Hunters and Prey",762
"Romke's Final Voyage",763
"Marching Orders",764
"Air Drop",766
"Estate of Decay",767
"What the Eye Beholds",768
"Conscript the Dead Ships",769
"Ossuary of Unquiet Dead",772
"Temple of the Forgotten God",775
"Temple of the Forgotten God",776
"Temple of the Forgotten God",777
"Through the Looking Glass",778
"Starving the Beast",779
"Against the Corruption",780
"The Source of Orr",781
"Armor Guard",782
"Blast from the Past",783
"The Steel Tide",784
"Further Into Orr",785
"Ships of the Line",786
"Source of Orr",787
"Victory or Death",788
"A Grisly Shipment",789
"Blast from the Past",790
"A Pup's Illness",792
"Hunters and Prey",793
"Legacy of the Foefire",795
"The Informant",796
"A Traitor's Testimony",797
"Follow the Trail",799
"Awakening",806
"Eye of the North",807
"The Omphalos Chamber",820
"The Omphalos Chamber",821
"Codebreaker",825
"Caer Aval",827
"The Durmand Priory",828
"Vigil Headquarters",830
"Ash Tribune Quarters",833
"Shattered Light",845
"Reaper's Rumble",862
"Ascent to Madness",863
"Lunatic Inquisition",864
"Mad King's Clock Tower",865
"Mad King's Labyrinth",866
"Fractals of the Mists",872
"Southsun Cove",873
"Temple of the Silent Storm",875
"Snowball Mayhem",877
"Tixx's Infinirarium",878
"Toypocalypse",880
"Bell Choir Ensemble",881
"Winter Wonderland",882
"Spirit Watch",894
"Super Adventure Box",895
"North Nolan Hatchery",896
"Cragstead",897
"Obsidian Sanctum",899
"Skyhammer",900
"Molten Furnace",901
"Crab Toss",905
"Dragon Ball Arena",911
"Ceremony and Acrimony—Memorials on the Pyre",912
"Hard Boiled—The Scene of the Crime",913
"The Dead End",914
"Aetherblade Retreat",915
"No More Secrets—The Scene of the Crime",917
"Aspect Arena",918
"Sanctum Sprint",919
"Southsun Survival",920
"Labyrinthine Cliffs",922
"Grandmaster of Om",924
"The Crown Pavilion",929
"Opening Ceremony",930
"Scarlet's Playhouse",931
"Closing Ceremony",932
"Super Adventure Box",934
"Super Adventure Box",935
"Scarlet's End",937
"The Tower of Nightmares (Public)",943
"The Nightmare Ends",945
"Fractals of the Mists",947
"Fractals of the Mists",948
"Fractals of the Mists",949
"Fractals of the Mists",950
"Fractals of the Mists",951
"Fractals of the Mists",952
"Fractals of the Mists",953
"Fractals of the Mists",954
"Fractals of the Mists",955
"Fractals of the Mists",956
"Fractals of the Mists",957
"Fractals of the Mists",958
"Fractals of the Mists",959
"Fractals of the Mists",960
"Scarlet's Secret Lair",964
"The Origins of Madness: A Moment's Peace",965
"Edge of the Mists",968
"The Dead End: A Study in Scarlet",971
"The Evacuation of Lion's Arch",973
"The Dead End: Celebration",980
"Courtyard",984
"Lion's Arch: Honored Guests",987
"Dry Top",988
"Prosperity's Mystery",989
"Cornered",990
"Disturbance in Brisban Wildlands",991
"Fallen Hopes",992
"Scarlet's Secret Room",993
"The Concordia Incident",994
"Discovering Scarlet's Breakthrough",997
"The Machine",998
"Trouble at Fort Salma",999
"The Waypoint Conundrum",1000
"Summit Invitations",1001
"Mission Accomplished",1002
"Rallying Call",1003
"Plan of Attack",1004
"Party Politics",1005
"Foefire Cleansing",1006
"Recalibrating the Waypoints",1007
"The Ghosts of Fort Salma",1008
"Taimi's Device",1009
"The World Summit",1010
"Battle of Champion's Dusk",1011
"The Silverwastes",1015
"Hidden Arcana",1016
"Reunion with the Pact",1017
"Caithe's Reconnaissance Squad",1018
"Fort Trinity",1019
"Into the Labyrinth",1021
"Return to Camp Resolve",1022
"Tracking the Aspect Masters",1023
"No Refuge",1024
"The Newly Awakened",1025
"Meeting the Asura",1026
"Pact Assaulted",1027
"The Mystery Cave",1028
"Arcana Obscura",1029
"Prized Possessions",1032
"Buried Insight",1033
"The Jungle Provides",1037
"Hearts and Minds",1040
"Dragon's Stand",1041
"Verdant Brink",1042
"Auric Basin",1043
"Tangled Depths",1045
"Roots of Terror",1046
"City of Hope",1048
"Torn from the Sky",1050
"Prisoners of the Dragon",1051
"Verdant Brink",1052
"Bitter Harvest",1054
"Strange Observations",1057
"Prologue: Rally to Maguuma",1058
"Spirit Vale",1062
"Southsun Crab Toss",1063
"Claiming the Lost Precipice",1064