"Explosive Intellect",15
"Golem Positioning System",16
"In Snaff's Footsteps",17
"Monkey Wrench",18
"Defusing the Problem",19
"The Things We Do For Love",20
"The Snaff Prize",21
"High Maintenance",22
"A Sparkling Rescue",23
"Taking Credit Back",24
"Snaff Would Be Proud",25
"Political Homicide",26
"Here, There, Everywhere",27
"Piece Negotiations",28
"Readings on the Rise",29
"Unscheduled Delay",30
"Unwelcome Visitors",31
"Stand By Your Krewe",32
"Gadd's Last Gizmo",33
"Any Sufficiently Advanced Science",34
"Beta Test",35
"Industrial Espionage",36
"Carry A Big Stick",37
"Split Second",38
"Serving up Trouble",39
"Short Fuse",40
"I Smell a Rat",41
"Magnum Opus",42
"Bad Business",43
"Where Credit Is Due",44
"Salt in the Wound",45
"Free Rein",46
"Flash Flood",47
"Bad Forecast",48
"A Bold New Theory",49
"Forging Permission",50
"Hazardous Environment",51
"Test Subject",52
"Field Test",53
"A Meeting of the Minds",54
"Lines of Communication",55
"Protest Too Much",56
"Pry the Eye Open",57
"Rakt and Ruin",58
"Best Laid Plans",59
"The Tribune's Call",60
"A Spy for a Spy",61
"Scrapyard Dogs",62
"Spilled Blood",63
"Ghostbore Musket",64
"Iron Grip of the Legion",65
"The Flame Advances",66
"Test Your Metal",67
"Quick and Quiet",68
"Deadly Force",69
"Ghostbore Artillery",70
"Chain of Command",71
"Time for a Promotion",72
"The End of the Line",73
"Magic Users",74
"Rage Suppression",75
"Operation: Bulwark",76
"Fury of the Dead",77
"An Unusual Inheritance",78
"Mired Deep",79
"No Negotiations",80
"Salvaging Scrap",81
"In the Ruins",82
"AWOL",83
"Follow the Trail",84
"Misplaced Faith",85
"Thicker Than Water",86
"Dishonorable Discharge",87
"Searching for the Truth",88
"Stoking the Flame",89
"A Fork in the Road",90
"Sins of the Father",91
"Tribunes in Effigy",92
"Graveyard Ornaments",93
"Undead Infestation",94
"Whispers in the Dark",95
"Dangerous Research",97
"Digging Up Answers",98
"Defending the Keep",100
"Undead Detection",101
"Ever Vigilant",102
"Research and Destroy",104
"Whispers of Vengeance",105
"The Informant",106
"Search the Premises",107
"A Society Function",108
"Chasing the Culprits",109
"The Trial of Julius Zamon",110
"Arson at the Orphanage",111
"The Hospital in Jeopardy",112
"Infiltration",113
"The Commander",114
"The Perils of Friendship",115
"Desperate Medicine",116
"Defending Shaemoor",117
"The Apothecary",118
"Going Undercover",119
"The Greater Good",120
"The Rescue",121
"Breaking the Blade",122
"Welcome Home",123
"On the Mend",124
"The Fall of Falcon Company",125
"Confronting Captain Tervelan",126
"Seek Logan's Aid",127
"Accusation",128
"Voices From the Past",129
"Rending the Mantle",130
"The Sting",131
"Drawing Out the Cult",132
"Ashes of the Past",133
"The Floating Grizwhirl",134
"Clown College",135
"The Artist's Workshop",136
"Into the Woods",137
"The Ringmaster",138
"Liberation",139
"The Orders of Tyria",140
"Brute Force",141
"Mortus Virge",142
"Triskell Quay",144
"Track the Seraph",145
"Speaker of the Dead",147
"The Sad Tale of the \"Ravenous\"",148
"Kellach's Attack",150
"The Queen's Justice",151
"The Trap",152
"The Great Hunt",154
"A Weapon of Legend",155
"The Last of the Giant-Kings",156
"Disciples of the Dragon",157
"Echoes of Ages Past",158
"Wild Spirits",159
"Out of the Skies",160
"Twilight of the Wolf",161
"A Pup's Illness",162
"Rage of the Minotaurs",163
"Through the Veil",164
"A Trap Foiled",165
"One Good Drink Deserves Another",166
"Shape of the Spirit",167
"Raven's Revered",168
"Blessed of Bear",169
"Into the Mists",170
"The Wolf Havroun",171
"Minotaur Rampant",172
"Unexpected Visitors",173
"Don't Leave Your Toys Out",174
"A New Challenger",175
"Assault on Moledavia",176
"First Attack",177
"The Finishing Blow",178
"The Semifinals",179
"The Championship Fight",180
"The Machine in Action",181
"Roadblock",182
"Among the Kodan",183
"Rumors of Trouble",184
"Darkness at Drakentelt",185
"Preserving the Balance",186
"Means to an End",187
"Dredge Technology",188
"Underground Scholar",189
"Dredge Assault",191
"Sabotage",192
"The Dredge Hideout",194
"Code Breaker",195
"Armaments",197
"Assault the Hill",198
"Sever the Head",199
"Silent Warfare",200
"Fighting the Nightmare",201
"Called to Service",202
"Mockery of Death",203
"Discovering Darkness",204
"Loved and Lost",205
"Hounds and the Hunted",206
"Saving the Stag",207
"A Good Work Spoiled",208
"Black Night, White Stag",209
"Hidden in Darkness",210
"Weakness of the Heart",211
"Awakening",212
"Holding Back the Darkness",213
"A Sly Trick",214
"Deeply Tangled Roots",215
"The Heart of Nightmare",216
"Beneath a Cold Moon",217
"Hammer and Steel",218
"The Knight's Duel",219
"Wild Growth",220
"Seeking the Zalisco",221
"The Direct Approach",222
"Trading Trickery",223
"Eye of the Sun",224
"Where Life Goes",225
"An Unknown Soul",226
"Source of the Issue",227
"A Different Dream",228
"Snuffing Out Embers",229
"After the Storm",230
"Beneath the Waves",231
"Mirror, Mirror",232
"A Vision of Darkness",233
"Shattered Light",234
"The Bad Apple",235
"A Splinter in the Flesh",236
"Sharpened Thorns",237
"Secrets in the Earth",238
"Bramble Walls",239
"Trouble at the Roots",241
"A Tangle of Weeds",243
"The Blossom of Youth",244
"Flower of Death",246
"Dead of Winter",247
"A Fragile Peace",248
"Killer Instinct",249
"Don't Shoot the Messenger",250
"Dredging up the Past",251
"Quaestor's Siege",252
"Stealing Secrets",253
"Containment",254
"Down the Hatch",255
"Bad Blood",256
"Mightier than the Sword",257
"They Went Thataway",258
"Thrown Off Guard",259
"An Apple a Day",260
"The Stone Sheath",261
"Minister's Defense",262
"Doubt",263
"The False God's Lair",264
"Attempted Deicide",265
"Salvation Through Heresy",266
"Champion's Sacrifice",267
"Convincing the Faithful",268
"Unholy Grounds",269
"Chosen of the Sun",270
"Untamed Wilds",271
"Pets and Walls Make Stronger Kraals",272
"The Lost Chieftain's Return",273
"Bad Ice",274
"Enraged and Unashamed",275
"Pastkeeper",276
"Evacuation",277
"Rat-Tastrophe",278
"The Hatchery",279
"Thieving from Thieves",280
"Set to Blow",281
"The Battle of Claw Island",282
"A Light in the Darkness",283
"Retribution",284
"On Red Alert",285
"The Ghost Rite",286
"Shards of Orr",287
"The Sound of Psi-Lance",288
"The Priory Assailed",289
"Suspicious Activity",290
"Reconnaissance",291
"Early Parole",292
"Magic Sucks",293
"Critical Blowback",294
"Forearmed Is Forewarned",295
"Killing Fields",296
"The Good Fight",297
"Defense Contract",298
"Under Siege",299
"The Battle of Fort Trinity",300
"Forging the Pact",301
"Fixing the Blame",302
"Volcanic Extraction",303
"Shell Shock",304
"Marshaling the Truth",305
"Delivering Justice",306
"Munition Acquisition",307
"To The Core",308
"Tower Down",309
"Breaking the Bone Ship",310
"A Sad Duty",311
"Striking Off the Chains",312
"Wet Work",313
"Willing Captives",314
"Intercepting the Orb",315
"Liberating Apatia",316
"Cathedral of Silence",317
"Further into Orr",318
"Romke's Final Voyage",319
"What the Eye Beholds",320
"Temple of the Forgotten God",321
"Against the Corruption",322
"The Source of Orr",323
"Victory or Death",324
"Hunters and Prey",325
"Air Drop",326
"Blast from the Past",327
"Marching Orders",328
"Armor Guard",329
"The Steel Tide",330
"Stealing Light",331
"Conscript the Dead Ships",332
"Ships of the Line",333
"Close the Eye",334
"Through the Looking Glass",335
"Starving the Beast",336
"Estate of Decay",337
"Ossuary of Unquiet Dead",338
"A Grisly Shipment",339
"Setting the Stage",358
"Cornered",359
"Tracking the Master of Peace",360
"Prosperity's Mystery",361
"Fallen Hopes",362
"Disturbance in Brisban Wildlands",363
"Scarlet's Secret Room",364
"Discovering Scarlet's Breakthrough",365
"The Concordia Incident",366
"The Machine",367
"Trouble at Fort Salma",368
"The Waypoint Conundrum",369
"Rallying Call",371
"Uprooting the Iron Marches",372
"Plan of Attack",373
"Summit Invitations",374
"The World Summit",375
"Recalibrating the Waypoints",377
"Party Politics",378
"Taimi and the Asura",379
"Hidden Arcana",380
"Reunion with the Pact",381
"Caithe's Reconnaissance Squad",383
"The Ghosts of Fort Salma",384
"Into the Labyrinth",385
"Return to Camp Resolve",386
"Tracking the Aspect Masters",387
"The Newly Awakened",388
"Meeting the Asura",389
"No Refuge",390
"Arcana Obscura",391
"Pact Assaulted",392
"The Mystery Cave",393
"Bitter Harvest",398
"Buried Insight",401
"City of Hope",402
"Hearts and Minds",404
"The Jungle Provides",405
"Prized Possessions",407
"Roots of Terror",408
"Torn from the Sky",409
"Prisoners of the Dragon",410
"Prologue: Rally to Maguuma",411
"Strange Observations",413
"Remembering Scarlet's War",415
"The Way In",417
"Sign Cutting",418
"Establishing a Foothold",419
"In Their Footsteps",421
"The Predator's Path",423
"Confessor's Stronghold",425
"Reaper of Magic",426
"A Shadow's Deeds",429
"Eir's Memorial in Hoelbrak",431
"Blood and Stone",432
"Research in Rata Novus",435
"Trip to the Circus",436
"Old Foes, Old Ghosts",437
"Igneous Breach",440
"Taimi's Game",441
"Machine in the Flame",442
"Destroying Destroyers",443
"Dragon Vigil",444
"Frozen Out",446
"Journey to Bitterfrost Frontier",447
"Elixir Recipe",448
"Elixir Cookin'",449
"The Bitter Cold",451
"Frozen in Ice",452
"Precocious Aurene",453
"Confessor's End",454
"Regrouping with the Queen",455
"A Meeting of Ministers",456
"Sabotage Fort Evennia",457
"Eyes on Lake Doric",458
"Breaking the Siege",459
"In Pursuit of a God",460
"Arrival and Survival",461
"Elder Druid Protection",462
"Heart of the Volcano",464
"Taimi's Pet Project",466
"The Last Chance",468
"\"Where's Balthazar?\"",469
"The Flow of Magic",472
"Shining Blade Secrets",473
"On Orrian Shores",475
"The Way Forward",477
"Bringing Out the Archon",479
"Blazing a Trail",480
"To Kill a God",481
"The Sacrifice",482
"Beast of War",483
"Crystalline Memories",484
"Night of Fires",486
"Sparking the Flame (Prologue)",488
"The Sacrifice",491
"Facing the Truth",493
"The Departing",496
"Small Victory (Epilogue)",499
"Hallowed Ground",500
"Enemy of My Enemy",501
"Sparking the Flame",503
"The Hero of Istan",504
"Eye of the Brandstorm",505
"Under the Stars",506
"The First City",508
"Champion's Dawn",509
"Convincing the Corsair",511
"The Charge",513
"The Road to Rata Primus",519
"A Kindness Repaid",521
"The Test Subject",525
"Tracking the Scientist",526
"Forearmed Is Forewarned",527
"Seized",529
"Be My Guest",532
"Tactical Triage",533
"I'm Brave, You Know",535
"Chaos Theory",536
"A Shattered Nation",537
"Legacy",538
"Storm Tracking",539
"From the Ashes",540
"The Crystal Dragon",542
"Scion & Champion",543
"Dragonsblood",544
"The Crystal Blooms",545
"Resonance",546
"Descent",547
"Glory of Dragons",548
"The End",549
"Bleed",551
"Landfall",552
"Coming Home",553
"Revels & Rivals",554
"A Race to Arms",555
"Deeper and Deeper",556
"Bad Blood",557
"What's Left Behind",559
"The Invitation",561
"Silence",562
"The Wind and Nothing More",563
"Chasing Ghosts",564
"Voice in the Deep",565
"The Hunt Begins",566
"Lost Spirits Found",567
"Still Waters Speaking",568
"Darkrime Delves",569
"Forging Steel",570
"Pointed Parley",571
"Distract, Destroy, Distrust",572
"Snapping Steel",573
"Shoulder to Shoulder",574
"Turnabout",575
"Behind Enemy Lines",576
"Wrench in the Works",577
"Pantheon of the Wild",578
"A Simple Negotiation",579
"One Charr, One Dragon, One Champion",580
"Roaring Flames",581
"Defending Tyria",583
"Calm in the Storm",587
"Flame vs. Frost",590
"Frozen Tide",593
"Primordus Rising",595
"Tidings and Misgivings",596
"Champion's End",598
"Wildfire",599
"Calm in the Storm",600
"Calm in the Storm",602
"Jormag's World",605
"Calm in the Storm",606
"Jormag's Madness",608
"Dragonstorm",611
"Extraction Point",613
"Your Kind of People",614
"The Future in Jade",616
"The Cycle, Reborn",617
"Convergence",618
"Can't Trust a Pirate",620
"Weight of the World",621
"Outreach",622
"Empty",623
"The Scenic Route",626
"The Only One",627
"Old Friends",629
"Fallout",630
"Deepest Secrets",632
"To Catch a Spider",633
"In the Name of the Law",634
"New Friends, New Enemies",635
"A Quiet Celebration",636
"The Battle for Cragstead",638
"Alliance Investigation",640
"Molten Furnace",641
"No More Secrets",642
"Ceremony and Acrimony",643
"Hard Boiled",644
"Case Closed",645
"The Aetherblade Retreat",646
"Aether Investigation",647
"Clockwork Invasion",648
"Scarlet's Playhouse",649
"Picking Up the Pieces",650
"The Queen's Address",651
"The Opening Ceremony",652
"The Tower of Nightmares",653
"The Nightmare Unveiled",654
"Awake and Allied",656
"The Nightmare Incarnate",657
"Making the Antitoxin",658
"The Nightmare Ends",659
"Battle on the Breachmaker",660
"The Battle For Lion's Arch",661
"Scarlet's End",662
"Connecting the Pieces",663
"The Twisted Marionette",664
"Dawn of the Next Journey",665
"Escape from Lion's Arch",666
"After the Battle",667
"On the Case",668
"Deep Trouble",669
"Sleuthing a Solution",672
"An Air of Mystery",673
"A Raw Deal",674
"A Plan Emerges",677
"Full Circle",678
"Entrapment",680
"Emotional Release",681
"Bottle Your Emotions",683
"Interlude: Forward",684
"10. Treachery",685
"4. Voices beyond the Veil",686
"Prologue: Uncertain Times",687
"3. Mother of Stars",688
"Prologue: Uncertain Times",689
"Prologue: Uncertain Times",690
"7. Mabon's Fate",691
"6. Tower of Secrets",692
"Prologue: Uncertain Times",693
"2. Hell Breaks Loose",694
"Prologue: Uncertain Times",695
"8. Into the Obscure",696
"1. Commander without a Cause",697
"Prologue: Uncertain Times",698
"5. The Missing Facet",699
"9. The World Spire",700
"13. Heitor's Gate",701
"11. Duress",702
"12. The Survivors",703
"15. Forced Hand",704
"16. Eventide's March",705
"14. The War Council",706
"18. The Eleventh Hour",707
"19. Sovereign of Nayos",708
"17. Desperate Measures",709