"Throw Gunk",1110
"Branch Leap",1115
"Throw Chain",1118
"Consume Plasma",1123
"Eat Egg",1125
"Ice Shard Stab",1129
"Mace Head Crack",1131
"Healing Seed",1139
"Skull Fear",1141
"Blinding Tuft",1148
"Whirling Axe",1162
"Whirling Strike",1167
"Bandage",1175
"Binding Roots",1279
"Slash",1355
"Flurry",1359
"Whirlwind",1364
"Galloping Slash",1408
"Dual Attack",1510
"Shoot",1512
"Slash",1531
"Stab",1539
"Leap",1541
"Throw",1626
"Skull Bolas",1628
"Stab",1629
"Throw Javelin",1631
"Stab",1641
"Lunge",1642
"Smash",1644
"Slash",1691
"Trample",1932
"Slash",1940
"Counter Attack",1991
"Frost Trap",1996
"Axe",2013
"Cyclone Spin",2014
"Sever Artery",2131
"Gash",2132
"Final Thrust",2133
"Slash",2134
"Savage Leap",2135
"Whirlwind Attack",2136
"Flurry",2302
"Punch",2365
"Branded Crystals",2367
"Slash",2397
"Slice",2399
"Ambush",2400
"Ambush",2401
"Ambush",2403
"Spit",2433
"Tar Pool",2434
"Shred",2446
"Fire Bolt",2498
"Slash",2503
"Lunge",2504
"Slash",2505
"Fire Blast",2760
"Hit",2783
"Glue Shot",2784
"Eye Beam",2800
"Tentacle Slash",2804
"Shoot",2806
"Slash",2823
"Throw Axe",2824
"Slash",2839
"Paw Swipe",2843
"Brutal Mauling",2845
"Jab",2871
"Bite",2879
"Eye Blast",2880
"Petrifying Gaze",2881
"Slash",2904
"Swoop",2905
"Shred",2907
"Thump",2919
"Lunge",2920
"Charge",2922
"Oakheart Swipe",2924
"Vomit",2937
"Slash",2939
"Rock Shards",2961
"Bite",2962
"Jab",3032
"Slash",3080
"Slash",3096
"Diseased Bite",3101
"Slash",3102
"Screech",3103
"Frost Spit",3717
"Buff Passive Oakheart",3777
"Maul",3786
"Lunge",3787
"Jab",3788
"Frozen Burst",3789
"Frozen Burst",5487
"Lightning Whip",5489
"Comet",5490
"Fireball",5491
"Fire Attunement",5492
"Water Attunement",5493
"Air Attunement",5494
"Earth Attunement",5495
"Drake's Breath",5496
"Flamewall",5497
"Stone Shards",5500
"Meteor Shower",5501
"Glyph of Lesser Elementals",5502
"Signet of Restoration",5503
"Discharge Lightning",5504
"Grasping Earth",5505
"Glyph of Elemental Power",5506
"Ether Renewal",5507
"Flamestrike",5508
"Water Trident",5510
"Frozen Ground",5515
"Conjure Fiery Greatsword",5516
"Fiery Rush",5517
"Chain Lightning",5518
"Stoning",5519
"Frost Aura",5520
"Obsidian Flesh",5521
"Churning Earth",5522
"Ring of Earth",5525
"Arc Lightning",5526
"Shocking Aura",5527
"Eruption",5528
"Ride the Lightning",5529
"Swirling Winds",5530
"Firestorm",5531
"Flame Wave",5532
"Fiery Eruption",5533
"Tornado",5534
"Cleansing Fire",5535
"Lightning Flash",5536
"Cone of Cold",5537
"Shatterstone",5538
"Arcane Blast",5539
"Conjure Flame Axe",5540
"Lava Axe",5541
"Signet of Fire",5542
"Conjure Earth Shield",5546
"Magnetic Surge",5547
"Lava Font",5548
"Water Blast",5549
"Ice Spike",5550
"Healing Rain",5551
"Lightning Surge",5552
"Gust",5553
"Mist Form",5554
"Magnetic Wave",5555
"Freezing Gust",5556
"Fire Grab",5557
"Cleansing Wave",5558
"Earthen Rush",5559
"Lightning Strike",5561
"Gale",5562
"Vapor Form",5564
"Steam",5566
"Conjure Frost Bow",5567
"Frost Fan",5568
"Glyph of Elemental Harmony",5569
"Signet of Water",5570
"Signet of Earth",5571
"Signet of Air",5572
"Glyph of Renewal",5573
"Explosive Lava Axe",5593
"Water Arrow",5595
"Boil",5597
"Magma Orb",5598
"Lava Chains",5599
"Heat Wave",5600
"Whirlpool",5602
"Whirlpool",5603
"Water Missile",5604
"Ice Globe",5605
"Ice Wall",5606
"Tidal Wave",5607
"Water Fist",5608
"Stone Kick",5609
"Steam Vent",5610
"Shield Smack",5621
"Fortify",5623
"Conjure Lightning Hammer",5624
"Lightning Leap",5625
"Arcane Power",5635
"Arcane Wave",5638
"Armor of Earth",5639
"Arcane Shield",5641
"Burning Speed",5644
"Convergence",5646
"Air Bubble",5648
"Lightning Cage",5650
"Air Pocket",5652
"Vacuum",5653
"Electrocute",5655
"Forked Lightning",5656
"Rock Blade",5657
"Rock Spray",5658
"Rock Anchor",5659
"Murky Water",5661
"Magnetic Current",5662
"Glyph of Elementals",5666
"Static Field",5671
"Phoenix",5675
"Fire Shield",5678
"Flame Burst",5679
"Burning Retreat",5680
"Geyser",5681
"Windborne Speed",5682
"Unsteady Ground",5683
"Magnetic Aura",5685
"Shock Wave",5686
"Updraft",5687
"Earthquake",5690
"Ring of Fire",5691
"Dragon's Tooth",5692
"Ice Shards",5693
"Blinding Flash",5694
"Rock Barrier",5695
"Dust Devil",5696
"Fiery Whirl",5697
"Burning Retreat",5717
"Ring of Fire",5718
"Flame Leap",5719
"Frost Volley",5720
"Deep Freeze",5721
"Frost Storm",5723
"Invoke Lightning",5725
"Lightning Swing",5726
"Static Swing",5727
"Thunderclap",5728
"Static Field",5732
"Wind Blast",5733
"Glyph of Storms",5734
"Ice Storm",5735
"Firestorm",5736
"Lightning Storm",5737
"Sandstorm",5738
"Crippling Shield",5746
"Magnetic Shield",5747
"Undercurrent",5748
"Electrified Tornado",5752
"Dust Tornado",5753
"Debris Tornado",5754
"Renewal of Air",5760
"Renewal of Earth",5761
"Renewal of Fire",5762
"Renewal of Water",5763
"Hurl",5780
"Geyser",5782
"Blinding Flash",5792
"Cleansing Wave",5793
"Flame Burst",5794
"Shock Wave",5795
"Med Kit",5802
"Grenade Kit",5805
"Poison Grenade",5806
"Shrapnel Grenade",5807
"Flash Grenade",5808
"Freeze Grenade",5809
"Grenade Barrage",5810
"Personal Battering Ram",5811
"Bomb Kit",5812
"Big Ol' Bomb",5813
"Rifle Turret",5818
"Throw Junk",5820
"Elixir B",5821
"Concussion Bomb",5822
"Fire Bomb",5823
"Smoke Bomb",5824
"Slick Shoes",5825
"Fragmentation Shot",5827
"Poison Dart Volley",5828
"Static Shot",5829
"Glue Shot",5830
"Blowtorch",5831
"Elixir X",5832
"Elixir H",5834
"Flame Turret",5836
"Net Turret",5837
"Thumper Turret",5838
"Bomb",5842
"Healing Turret",5857
"Elixir C",5860
"Elixir S",5861
"Elixir U",5862
"Utility Goggles",5865
"Toss Elixir R",5867
"Supply Crate",5868
"Automatic Fire",5874
"Grenade",5882
"Thump",5889
"Electrified Net",5893
"Smoke Screen",5900
"Tool Kit",5904
"Pry Bar",5905
"Rocket Boots",5910
"Rocket Turret",5912
"Explosive Rockets",5913
"Floating Mine",5916
"Anchor",5917
"Buoy",5918
"Flamethrower",5927
"Flame Jet",5928
"Napalm",5929
"Air Blast",5930
"Flame Blast",5931
"Elixir Gun",5933
"Tranquilizer Dart",5934
"Glob Shot",5935
"Acid Bomb",5936
"Super Elixir",5937
"Glue Bomb",5939
"Detonate Rifle Turret",5957
"Detonate Thumper Turret",5960
"Detonate Healing Turret",5961
"Grappling Line",5962
"Booby Trap",5963
"Fumigate",5965
"Healing Mist",5966
"Toss Elixir B",5967
"Elixir R",5968
"Toss Elixir C",5969
"Toss Elixir U",5970
"Toss Elixir S",5972
"Superspeed",5973
"Incendiary Ammo",5977
"Toss Elixir H",5978
"Cleansing Burst",5980
"Launch Personal Battering Ram",5982
"Rocket Kick",5983
"Detonate Net Turret",5984
"Detonate Flame Turret",5985
"Flame Turret",5987
"Net Turret",5988
"Rifle Turret",5989
"Thumper Turret",5990
"Rocket Turret",5991
"Smack",5992
"Whack",5993
"Thwack",5994
"Box of Nails",5995
"Magnet",5996
"Gear Shield",5998
"Throw Wrench",5999
"Rifle Burst",6003
"Net Shot",6004
"Jump Shot",6005
"Grenade Kit",6020
"Super Elixir",6046
"Elixir F",6047
"Tranquilizer Dart",6048
"Lesser Grenade Barrage",6050
"Magnetic Shield",6053
"Static Shield",6054
"Throw Shield",6057
"Toss Elixir C",6077
"Detonate Elixir C",6078
"Detonate Elixir B",6082
"Detonate Elixir S",6084
"Detonate Elixir R",6086
"Detonate Elixir U",6088
"Toss Elixir U",6089
"Toss Elixir S",6090
"Toss Elixir R",6091
"Toss Elixir B",6092
"Harpoon Turret",6093
"Detonate Harpoon Turret",6097
"Automatic Fire",6098
"Super Elixir",6102
"Super Elixir",6104
"Stow Med Kit",6109
"Stow Grenade Kit",6110
"Stow Bomb Kit",6111
"Stow Tool Kit",6113
"Stow Flamethrower",6114
"Stow Elixir Gun",6115
"Toss Elixir H",6118
"Detonate Elixir H",6119
"Magnetic Inversion",6126
"Detonate Rocket Turret",6134
"Healing Turret",6140
"Net Wall",6145
"Scatter Mines",6147
"Homing Torpedo",6148
"Timed Charge",6149
"Blunderbuss",6153
"Overcharged Shot",6154
"Smoke Vent",6159
"Throw Mine",6161
"Detonate",6162
"Deploy Mine",6163
"Mine Field",6164
"Detonate Mine Field",6166
"Poison Grenade",6167
"Freeze Grenade",6168
"Flash Grenade",6169
"Shrapnel Grenade",6170
"Grenade",6171
"Grenade Barrage",6172
"Box of Piranhas",6175
"Regenerating Mist",6176
"Rocket",6177
"Surprise Shot",6178
"Net Attack",6179
"Rumble",6180
"Throw Napalm",6181
"Harpoon",6182
"Supply Crate",6183
"Leap of Faith",9080
"Whirling Wrath",9081
"Shield of Wrath",9082
"\"Receive the Light!\"",9083
"\"Advance!\"",9084
"\"Save Yourselves!\"",9085
"Protector's Strike",9086
"Shield of Judgment",9087
"Cleansing Flame",9088
"Zealot's Fire",9089
"Symbol of Punishment",9090
"Shield of Absorption",9091
"Bane Signet",9093
"Symbol of Judgment",9095
"Wave of Light",9096
"Symbol of Blades",9097
"Orb of Wrath",9098
"Chains of Light",9099
"Lesser Smite Condition",9101
"Shelter",9102
"Zealot's Flame",9104
"Sword of Wrath",9105
"Sword Arc",9106
"Zealot's Defense",9107
"Faithful Strike",9108
"True Strike",9109
"Pure Strike",9110
"Symbol of Faith",9111
"Ray of Judgment",9112
"Virtue of Justice",9115
"Virtue of Courage",9118
"Virtue of Resolve",9120
"Bolt of Wrath",9122
"Banish",9124
"Hammer of Wisdom",9125
"Sanctuary",9128
"Strike",9137
"Vengeful Strike",9138
"Wrathful Strike",9139
"Holy Strike",9140
"Symbol of Swiftness",9143
"Line of Warding",9144
"Symbol of Resolution",9146
"Binding Blade",9147
"Wrath",9149
"Signet of Judgment",9150
"Signet of Wrath",9151
"\"Hold the Line!\"",9152
"\"Stand Your Ground!\"",9153
"Renewed Focus",9154
"Signet of Resolve",9158
"Hammer Swing",9159
"Hammer Bash",9160
"Symbol of Protection",9161
"Signet of Mercy",9163
"Sword of Justice",9168
"Bow of Truth",9175
"Shield of the Avenger",9182
"Purging Flames",9187
"Spear of Light",9189
"Zealot's Flurry",9190
"Brilliance",9191
"Symbol of Spears",9192
"Wrathful Grasp",9193
"Mighty Blow",9194
"Ring of Warding",9195
"Light Ball",9205
"Weight of Justice",9206
"Purify",9207
"Symbol of Light",9208
"Refraction",9209
"Renewing Current",9210
"Reveal the Depths",9211
"Shackle",9212
"Shield of Absorption",9224
"Pull",9226
"Sword Wave",9227
"Purifying Blast",9234
"Smite Condition",9245
"Merciful Intervention",9246
"Judge's Intervention",9247
"Contemplation of Purity",9248
"Virtue of Resolve",9250
"Wall of Reflection",9251
"Hallowed Ground",9253
"Zealot's Embrace",9260
"Empower",9265
"Virtue of Courage",9268
"Confusing Images",10168
"Chaos Storm",10169
"Mind Slash",10170
"Mind Gash",10171
"Mind Spike",10172
"Illusionary Leap",10173
"Phantasmal Swordsman",10174
"Phantasmal Duelist",10175
"Ether Feast",10176
"Mirror",10177
"Kick",10180
"Peck",10181
"Screech",10182
"Claw",10183
"Arcane Thievery",10185
"Temporal Curtain",10186
"Veil",10187
"Phantasmal Mage",10189
"Cry of Frustration",10190
"Mind Wrack",10191
"Distortion",10192
"Mind Blast",10196
"Portal Entre",10197
"Portal Exeunt",10199
"Blink",10200
"Decoy",10201
"Mirror Images",10202
"Null Field",10203
"Mantra of Distraction",10204
"Power Lock",10206
"Mantra of Resolve",10207
"Power Cleanse",10209
"Mantra of Pain",10211
"Power Spike",10212
"Mantra of Recovery",10213
"Power Return",10214
"Phantasmal Warlock",10216
"Mind Stab",10218
"Spatial Surge",10219
"Illusionary Wave",10220
"Phantasmal Berserker",10221
"Phantasmal Rogue",10224
"Magic Bullet",10229
"Signet of Domination",10232
"Signet of Midnight",10234
"Signet of Inspiration",10236
"Mantra of Concentration",10237
"Power Break",10238
"Illusion of Life",10244
"Mass Invisibility",10245
"Signet of Illusions",10247
"Phantasmal Mariner",10251
"Vortex",10255
"Siren's Call",10258
"Blinding Tide",10259
"Illusion of Drowning",10260
"Phantasmal Disenchanter",10267
"Winds of Chaos",10273
"Illusionary Counter",10276
"Illusionary Riposte",10280
"Phantasmal Warden",10282
"The Prestige",10285
"Diversion",10287
"Ether Bolt",10289
"Ether Blast",10290
"Ether Clone",10291
"Feedback",10302
"Phase Retreat",10310
"Time Warp",10311
"Counterspell",10314
"Stab",10315
"Jab",10316
"Evasive Strike",10317
"Feigned Surge",10318
"Slipstream",10325
"Imminent Voyage",10327
"Phantasmal Whaler",10328
"Chaos Armor",10331
"Mirror Blade",10333
"Blurred Frenzy",10334
"Swap",10337
"Phantasmal Defender",10341
"Feedback",10356
"Counter Blade",10358
"Into the Void",10363
"Deception",10366
"Bite",10372
"Chomp",10373
"Frenzy",10374
"Flee",10375
"Spit",10376
"Time Warp",10377
"Well of Blood",10527
"Ghastly Claws",10528
"Dark Pact",10529
"Grasping Dead",10532
"Summon Bone Fiend",10533
"Putrid Explosion",10540
"Summon Bone Minions",10541
"Summon Flesh Wurm",10543
"Blood Is Power",10544
"Well of Corruption",10545
"Well of Suffering",10546
"Summon Blood Fiend",10547
"Consume Conditions",10548
"Plaguelands",10549
"Lich Form",10550
"Putrid Curse",10552
"Life Blast",10554
"Spinal Shivers",10555
"Wail of Doom",10556
"Locust Swarm",10557
"Fetid Ground",10559
"Life Leech",10560
"Rending Claws",10561
"Plague Signet",10562
"Life Siphon",10563
"Rigor Mortis",10570
"Death Shroud",10574
"Taste of Death",10577
"Spectral Armor",10583
"End Death Shroud",10585
"Locked",10586
"Doom",10588
"Summon Shadow Fiend",10589
"Haunt",10590
"Life Transfer",10594
"Necrotic Grasp",10596
"Necrotic Traversal",10600
"Corrupt Boon",10602
"Dark Path",10604
"Chillblains",10605
"Epidemic",10606
"Well of Darkness",10607
"Spectral Ring",10608
"Well of Power",10609
"Signet of Undeath",10611
"Signet of the Locust",10612
"Dark Spear",10616
"Reaper's Scythe",10617
"Deadly Feast",10619
"Spectral Grasp",10620
"Signet of Spite",10622
"Crimson Tide",10623
"Feast",10624
"Foul Current",10625
"Sinking Tomb",10628
"Frozen Abyss",10629
"Grim Specter",10632
"Ripple of Horror",10633
"Deathly Claws",10634
"Lich's Gaze",10635
"Summon Madness",10636
"Life Leech",10640
"Death Curse",10641
"Feeding Frenzy",10642
"Gathering Plague",10643
"Dark Water",10644
"Wave of Fear",10645
"Summon Flesh Golem",10646
"Charge",10647
"Fear",10660
"Withering Plague",10661
"Plague of Darkness",10662
"Plague of Pestilence",10663
"Well of Blood",10670
"Well of Corruption",10671
"Well of Darkness",10672
"Well of Power",10673
"Well of Suffering",10674
"Spectral Walk",10685
"Spectral Recall",10687
"Corrosive Poison Cloud",10689
"Plague Blast",10690
"Cruel Strike",10692
"Wicked Strike",10693
"Wicked Spiral",10694
"Deadly Catch",10695
"Blood Curse",10698
"Rending Curse",10699
"Unholy Feast",10701
"Necrotic Slash",10702
"Necrotic Stab",10703
"Necrotic Bite",10704
"Deathly Swarm",10705
"Enfeebling Blood",10706
"Feast of Corruption",10709
"Mistfire Wolf",10800
"Rending Lunge",11164
"Technobabble",12318
"Radiation Field",12319
"Pain Inverter",12320
"Summon 7-Series Golem",12323
"Summon D-Series Golem",12324
"Summon Power Suit",12325
"Confusing Speech",12334
"Pain Transference",12335
"Vent Radiation",12336
"Shrapnel Mine",12337
"Battle Roar",12338
"Hidden Pistol",12339
"Warband Support",12340
"Artillery Barrage",12343
"Charrzooka",12344
"Fire Rocket",12345
"Fire Rocket Barrage",12346
"Rocket Jump",12347
"Rocket Spray",12348
"Heat Seeker",12349
"Invigorating Roar",12354
"Booby Trap",12355
"Hidden Pistols",12357
"Prayer to Dwayna",12360
"Prayer to Kormir",12361
"Prayer to Lyssa",12362
"Hounds of Balthazar",12363
"Reaper of Grenth",12367
"Oakheart Swipe",12370
"Binding Roots",12371
"Remove Avatar of Melandru",12372
"Avatar of Melandru",12373
"Cleansing Leaves",12374
"Summon Healing Spring",12375
"Roar of the Forest",12376
"Blessing of Dwayna",12377
"Blessing of Kormir",12378
"Blessing of Lyssa",12379
"Charge",12380
"Become the Bear",12385
"Release the Bear",12386
"Call Owl",12387
"Leap",12389
"Howl",12390
"Become the Wolf",12391
"Release the Wolf",12392
"Prowl",12399
"Become the Snow Leopard",12401
"Release the Snow Leopard",12402
"Become the Raven",12403
"Release the Raven",12404
"Wind Blast",12406
"Rending Talons",12407
"Shriek",12408
"Swoop",12409
"Swipe",12410
"Call Wurm",12417
"Crippling Swipe",12421
"Rending Swipe",12422
"Rending Slash",12423
"Blood Frenzy",12424
"Snarl",12425
"Dash",12427
"Frenzy",12429
"Growl",12430
"Pounce",12431
"Swipe",12432
"Brutal Swipe",12433
"Heavy Swipe",12434
"Roar",12435
"Maul",12436
"Eat Wurm Egg",12438
"Eat Owl Egg",12439
"Healing Seed",12440
"Summon Druid Spirit",12447
"Summon Sylvan Hound",12450
"Grasping Vines",12453
"Seed Turret",12456
"Take Root",12457
"Throw Vine",12462
"Vine Shield",12463
"Leafy Bandage",12465
"Ricochet",12466
"Poison Volley",12468
"Barrage",12469
"Crossfire",12470
"Slash",12471
"Crippling Thrust",12472
"Precision Swipe",12473
"Slash",12474
"Hilt Bash",12475
"Spike Trap",12476
"Crippling Talon",12477
"Stalker's Strike",12478
"Splitblade",12480
"Hornet Sting",12481
"Monarch's Leap",12482
"Troll Unguent",12483
"Thunderclap",12485
"Throw Dirt",12486
"Slice",12487
"Enduring Swing",12488
"Healing Spring",12489
"Winter's Bite",12490
"Signet of the Wild",12491
"Frost Trap",12492
"Storm Spirit",12493
"Lightning Reflexes",12494
"Stone Spirit",12495
"Viper's Nest",12496
"Frost Spirit",12497
"Sun Spirit",12498
"Flame Trap",12499
"Signet of Stone",12500
"Muddy Terrain",12501
"Signet of Renewal",12502
"Bonfire",12504
"Crippling Shot",12507
"Concussion Shot",12508
"Rapid Fire",12509
"Long Range Shot",12510
"Point-Blank Shot",12511
"Lick Wounds",12515
"\"Strength of the Pack!\"",12516
"Quick Shot",12517
"Swoop",12521
"Counterattack",12522
"Counterattack Kick",12523
"Maul",12525
"Splinter Shot",12526
"Mercy Shot",12527
"Feeding Frenzy",12528
"Coral Shot",12529
"Ink Blast",12530
"Viper's Nest",12533
"Frost Trap",12535
"Sharpening Stone",12537
"Signet of the Hunt",12542
"Quickening Zephyr",12550
"Man O' War",12552
"Stab",12553
"Jab",12555
"Toxic Strike",12556
"Surging Maw",12557
"Swirling Strike",12559
"Counterstrike",12561
"Throw Knife",12566
"Spirit of Nature",12569
"Flame Trap",12570
"Hunter's Shot",12573
"Entangle",12580
"Solar Flare",12592
"Cold Snap",12593
"Call Lightning",12594
"Quicksand",12595
"Nature's Renewal",12596
"Solar Flare",12597
"Call Lightning",12598
"Quake",12599
"Cold Snap",12600
"Nature's Renewal",12601
"Hunter's Call",12620
"Call of the Wild",12621
"Serpent's Strike",12622
"Counter Throw",12630
"\"Protect Me!\"",12631
"\"Guard!\"",12632
"\"Sic 'Em!\"",12633
"Throw Torch",12635
"Path of Scars",12638
"Whirling Defense",12639
"Icy Bite",12656
"Mighty Roar",12658
"Rending Maul",12664
"Shake It Off",12666
"Icy Roar",12667
"Fire Breath",12670
"Poison Barbs",12674
"Poisonous Cloud",12675
"Rending Barbs",12679
"Rending Pounce",12680
"Stalk",12681
"Enfeebling Roar",12685
"Poison Cloud",12687
"Enfeebling Maul",12688
"Icy Maul",12689
"Poisonous Maul",12690
"Purge Conditions",12691
"Icy Pounce",12693
"Boil",12695
"Frost Breath",12696
"Frost Nova",12697
"Lightning Breath",12698
"Electrocute",12699
"Poison Cloud",12700
"Insect Swarm",12701
"Poison Cloud",12702
"Regenerate",12703
"Lashtail Venom",12704
"Dazing Screech",12708
"Dazing Screech",12709
"Icy Screech",12711
"Furious Screech",12712
"Protecting Screech",12713
"Terrifying Howl",12714
"Intimidating Howl",12715
"Chilling Howl",12716
"Regenerate",12717
"Howl of the Pack",12718
"Chilling Slash",12721
"Lacerating Slash",12722
"Blinding Slash",12723
"Paralyzing Venom",12729
"Weakening Venom",12730
"Deadly Venom",12731
"Forage",12732
"Stunning Rush",12744
"Chilling Whirl",12748
"Immobilizing Whirl",12749
"Forage",12754
"Forage",12755
"Forage",12756
"Feeding Frenzy",12757
"Shadowstep",13002
"Trail of Knives",13003
"Double Strike",13004
"Backstab",13005
"Death Blossom",13006
"Larcenous Strike",13007
"Bola Shot",13008
"Slice",13009
"Shadow Strike",13010
"Unload",13011
"Head Shot",13012
"Steal",13014
"Infiltrator's Strike",13015
"Flanking Strike",13016
"Dancing Dagger",13019
"Scorpion Wire",13020
"Withdraw",13021
"Trick Shot",13022
"Choking Gas",13024
"Infiltrator's Arrow",13025
"Prepare Thousand Needles",13026
"Hide in Shadows",13027
"Caltrops",13028
"Pistol Whip",13031
"Smoke Bomb",13033
"Roll for Initiative",13035
"Spider Venom",13037
"Prepare Shadow Portal",13038
"Shadow Shot",13040
"Cluster Bomb",13041
"Detonate Cluster",13043
"Blinding Powder",13044
"Assassin's Signet",13046
"Signet of Malice",13050
"Skale Venom",13055
"Prepare Seal Area",13056
"Prepare Pitfall",13057
"Signet of Shadows",13060
"Signet of Agility",13062
"Infiltrator's Signet",13064
"Smoke Screen",13065
"Haste",13066
"Shadow Assault",13068
"Flanking Dive",13069
"Tow Line",13070
"Piercing Shot",13072
"Deluge",13073
"Escape",13074
"Crippling Shot",13075
"Ink Shot",13076
"Smoke Trail",13078
"Diving Knife",13079
"Vanish in the Deep",13080
"Cheap Shot",13081
"Thieves Guild",13082
"Disabling Shot",13083
"Vital Shot",13084
"Dagger Storm",13085
"Wild Strike",13087
"Slash",13088
"Devourer Venom",13093
"Ice Drake Venom",13096
"Heartseeker",13097
"Seal Area",13099
"Shadow Return",13106
"Lotus Strike",13108
"Twisting Fangs",13110
"Repeater",13111
"Stab",13112
"Black Powder",13113
"Tactical Strike",13114
"Sneak Attack",13115
"Crippling Strike",13116
"Shadow Refuge",13117
"Stab",13119
"Jab",13120
"Poison Tip Strike",13121
"Nine-Tailed Strike",13122
"Deadly Strike",13125
"The Ripper",13126
"Infiltrator's Return",13128
"Surprise Shot",13129
"Break Stance",13130
"Basilisk Venom",13132
"Venomous Knife",13138
"Shadow Escape",13140
"Flame Expulsion",13334
"Lesser Elixir B",13465
"Ally Ward",13516
"Smoke Bomb",13551
"Static Discharge",13552
"Lesser Symbol of Resolution",13677
"Lesser Symbol of Protection",13684
"Lesser Shield of Absorption",13688
"Lesser Chaos Storm",13733
"Lesser Well of Blood",13849
"Lesser Spinal Shivers",13906
"Lesser Enfeeble",13907
"Lesser Mark of Blood",13918
"Lesser Muddy Terrain",13938
"Lesser Caltrops",14136
"Reckless Impact",14268
"Return",14350
"Eviscerate",14353
"Throw Bolas",14354
"Signet of Rage",14355
"Greatsword Swing",14356
"Hammer Swing",14358
"Staggering Blow",14359
"Rifle Butt",14360
"Shield Bash",14361
"Shield Stance",14362
"Hamstring",14363
"Sever Artery",14364
"Gash",14365
"Savage Leap",14366
"Flurry",14367
"Frenzy",14368
"Chop",14369
"Double Chop",14370
"Triple Chop",14371
"\"Shake It Off!\"",14372
"Greatsword Slice",14373
"Brutal Strike",14374
"Arcing Slice",14375
"Mace Smash",14376
"Mace Bash",14377
"Pulverize",14378
"Arcing Arrow",14381
"Hammer Bash",14384
"Hammer Smash",14385
"Fierce Blow",14386
"Earthshaker",14387
"Stomp",14388
"Healing Signet",14389
"Throw Rock",14390
"Vengeance",14391
"Endure Pain",14392
"Charge",14393
"Call of Valor",14394
"Brutal Shot",14395
"Kill Shot",14396
"Throw Axe",14398
"Whirling Axe",14399
"Riposte",14400
"Mending",14401
"\"To the Limit!\"",14402
"\"For Great Justice!\"",14403
"Signet of Might",14404
"Banner of Strength",14405
"Berserker Stance",14406
"Banner of Discipline",14407
"Banner of Tactics",14408
"\"Fear Me!\"",14409
"Signet of Fury",14410
"Balanced Stance",14412
"Dolyak Signet",14413
"Skull Crack",14414
"Tremor",14415
"Volley",14416
"Dual Strike",14418
"Battle Standard",14419
"Cyclone Axe",14421
"Eviscerate",14422
"Eviscerate",14423
"Eviscerate",14424
"Skull Crack",14425
"Skull Crack",14426
"Skull Crack",14427
"Flurry",14428
"Flurry",14429
"Flurry",14430
"Dual Shot",14431
"Fierce Shot",14432
"Stab",14437
"Jab",14438
"Impale",14439
"Mariner's Frenzy",14440
"Parry",14441
"Whirling Strike",14443
"Rush",14446
"Whirlwind Attack",14447
"Barbed Pull",14448
"Punch",14463
"Kick",14464
"Repeating Shot",14465
"Puncture Shot",14466
"Knot Shot",14467
"Forceful Shot",14469
"Forceful Shot",14470
"Forceful Shot",14471
"Explosive Shell",14472
"Kill Shot",14473
"Kill Shot",14474
"Kill Shot",14475
"Signet of Stamina",14479
"Tsunami Slash",14480
"Split Shot",14481
"Hammer Shock",14482
"Rampage",14483
"Smash",14485
"Bash",14486
"Uppercut",14487
"Kick",14488
"Dash",14489
"Seismic Leap",14490
"Final Thrust",14497
"Impale",14498
"Rip",14501
"Kick",14502
"Pommel Bash",14503
"Pin Down",14504
"Smoldering Arrow",14505
"Combustive Shot",14506
"Counterblow",14507
"Bladetrail",14510
"Backbreaker",14511
"Earthshaker",14512
"Earthshaker",14513
"Earthshaker",14514
"Hammer Toss",14515
"Bull's Charge",14516
"Crushing Blow",14518
"Fan of Fire",14519
"Combustive Shot",14520
"Combustive Shot",14521
"Combustive Shot",14522
"Banner of Defense",14528
"Forceful Shot",14544
"Arcing Slice",14545
"Arcing Slice",14546
"Arcing Slice",14547
"Adrenaline Rush",14548
"Whirling Strike",14549
"Whirling Strike",14550
"Whirling Strike",14551
"Mariner's Shot",14552
"Hundred Blades",14554
"Adrenaline Rush",14555
"Throw Boulder",14556
"Adrenaline Rush",14557
"\"Shake It Off!\"",14568
"Battle Standard",14569
"Banner of Defense",14570
"Banner of Discipline",14571
"Banner of Strength",14572
"Banner of Tactics",14573
"\"On My Mark!\"",14575
"Super Elixir",15072
"Vapor Blade",15716
"Impale",15717
"Dragon's Claw",15718
"Agony",15773
"Mist Form",15795
"Shield of Judgment",15834
"Return",15861
"Return",15862
"Flee",15863
"Stomp",16012
"Spit",16013
"Sticky Spit",16014
"Leap",16027
"Stomp",16040
"Sticky Spit",16097
"Sticky Spit",16098
"Spin",16296
"Eaten",16298
"Tidal Shock",16301
"Sonic Shriek",16426
"Sonic Barrier",16427
"Cloak and Dagger",16432
"Shadow Portal",16435
"Spin",16918
"Punch",16919
"Pound",16920
"Overload",16921
"Magnetic Leap",17008
"Detonate Flame Blast",17260
"Drop Mine",17810
"Magnetic Bomb",17811
"Superspeed",17812
"Fire Shield",17813
"Magnetic Aura",17814
"Glue Trail",17815
"Dhuumfire",18504
"Reaper's Mark",19115
"Putrid Mark",19116
"Mark of Blood",19117
"Tainted Shackles",19504
"Elixir X",20451
"Lacerating Slash",20975
"Shield Smash",21646
"Stone Sheath",21647
"Arcane Brilliance",21656
"A.E.D.",21659
"Static Shock",21661
"Litany of Wrath",21664
"Signet of the Ether",21750
"Signet of Vampirism",21762
"Water Spirit",21773
"Aqua Surge",21775
"Aqua Surge",21776
"Skelk Venom",21778
"Glacial Heart",21795
"Lesser Endure Pain",21813
"Defiant Stance",21815
"Mistlock Instability: Earthquake",22221
"Mystic Rebuke",22499
"Lesser Cleansing Fire",22521
"Arcane Wave",22572
"Rocket",22573
"Rocket Turret",22574
"Dhuumfire",24287
"Lightning Rod",24305
"Bunker Down",24329
"Poison Nova",24356
"Renewal of Fire",24407
"Renewal of Air",24409
"Renewal of Water",24410
"Renewal of Earth",24411
"Signet of Mercy",24414
"Signet of Undeath",24544
"Thousand Cuts",24755
"Shocking Bolt",25480
"Glyph of Lesser Elementals",25486
"Glyph of Lesser Elementals",25487
"Glyph of Elementals",25488
"Glyph of Elementals",25489
"Glyph of Elementals",25490
"Glyph of Elementals",25491
"Crashing Waves",25492
"Glyph of Lesser Elementals",25495
"Glyph of Lesser Elementals",25497
"Stomp",25498
"Flame Barrage",25499
"Phantasmal Blade",25513
"Illusion of Life",25541
"Lesser Arcane Shield",25579
"Vengeful Hammers",26557
"Facet of Strength",26644
"Manifest Toxin",26666
"Forced Engagement",26679
"Resist the Darkness",26693
"Unrelenting Assault",26699
"Anguish Swipe",26730
"Protective Solace",26821
"Enchanted Daggers",26937
"Release Hammers",26956
"Facet of Elements",27014
"Natural Harmony",27025
"Forceful Displacement",27063
"Misery Swipe",27066
"Deathstrike",27074
"Gaze of Darkness",27080
"Impossible Odds",27107
"Elemental Blast",27162
"Dome of the Mists",27198
"Facet of Light",27220
"Infuse Light",27228
"Leaping Slice",27280
"Pain Absorption",27322
"Energy Expulsion",27356
"Soothing Stone",27372
"Banish Enchantment",27505
"Slash",27510
"Diminish Solace",27628
"Field of the Mists",27665
"Purifying Essence",27715
"Facet of Chaos",27760
"Vengeful Blast",27792
"Call to Anguish",27917
"Echoing Eruption",27964
"Rite of the Great Dwarf",27975
"Phase Smash",27976
"Frigid Blitz",28029
"Chaotic Release",28075
"Legendary Dragon Stance",28085
"Drop the Hammer",28110
"Burst of Strength",28113
"Legendary Assassin Stance",28134
"Essence Sap",28180
"Legendary Centaur Stance",28195
"Empowering Misery",28219
"Phase Traversal",28231
"Coalescence of Ruin",28253
"Crystal Hibernation",28262
"Embrace the Darkness",28287
"Searing Fissure",28357
"Facet of Darkness",28379
"Relinquish Power",28382
"Maul",28405
"Jade Winds",28406
"Temporal Rift",28409
"Legendary Dwarf Stance",28419
"Ventari's Will",28427
"Shackling Wave",28472
"Legendary Demon Stance",28494
"Inspiring Reinforcement",28516
"Hammer Bolt",28549
"Duelist's Preparation",28571
"Deathstrike",28625
"Igniting Brand",28692
"Spear of Anguish",28714
"Frigid Discharge",28797
"Devour Brand",28815
"Venomous Sphere",28827
"Rapid Assault",28915
"Rift Containment",28930
"Rift Slash",28964
"Surge of the Mists",28978
"Rejuvenating Assault",29002
"Preparation Thrust",29057
"Natural Harmony",29082
"Energy Expulsion",29114
"Mender's Rebuke",29145
"Project Tranquility",29148
"Rapid Swipe",29180
"Purifying Essence",29197
"Riposting Shadows",29209
"Chilling Isolation",29233
"Tail Stab",29248
"Brutal Blade",29256
"Warding Rift",29288
"Protective Solace",29310
"Renewing Wave",29321
"Forceful Bash",29331
"Facet of Nature",29371
"Envoy of Exuberance",29386
"True Nature",29393
"\"You Are All Weaklings!\"",29414
"Overload Water",29415
"Life Rend",29442
"Lesser Call of the Wild",29449
"Sand Squall",29453
"Life Slash",29458
"Detonate",29473
"Decoy",29477
"Reconstruction Field",29505
"Toss Elixir X",29515
"Impact Strike",29516
"Detonate Supply Crate Turrets",29518
"Signet of Humility",29519
"Eternal Champion",29521
"Rocket Boots",29522
"Well of Precognition",29526
"Wildfire",29533
"\"Wash the Pain Away!\"",29535
"Bandage Blast",29547
"Heat Sync",29548
"Glyph of the Tides",29558
"Spiteful Spirit",29560
"Mimic",29578
"Utility Goggles",29591
"Chilling Nova",29604
"Invisible Analysis",29606
"Sundering Leap",29613
"Overload Earth",29618
"Deflecting Shot",29630
"Finishing Blow",29639
"Gun Flame",29644
"Deja Vu",29649
"Bypass Coating",29665
"\"Nothing Can Save You!\"",29666
"Skull Grinder",29679
"Dusk Strike",29705
"Overload Fire",29706
"Terrify",29709
"Cleansing Pulse",29712
"Med Pack Drop",29716
"Overload Air",29719
"Detonate Elixir X",29722
"Purge Gyro",29739
"Grasping Darkness",29740
"Bandage Self",29772
"Negative Bash",29785
"Test of Faith",29786
"Symbol of Energy",29789
"Lesser Utility Goggles",29812
"Continuum Split",29830
"Shock Shield",29840
"Blaze Breaker",29845
"Arc Divider",29852
"Nightfall",29855
"Well of Senility",29856
"Chilling Scythe",29867
"Spear of Justice",29887
"Aim-Assisted Rocket",29889
"Lesser Signet of Vampirism",29894
"Drop Gunk",29902
"Stow Mortar Kit",29905
"Weakening Charge",29911
"Shredder Gyro",29921
"Scorched Earth",29923
"Flames of War",29940
"Wild Blow",29941
"\"Flash-Freeze!\"",29948
"Infusing Terror",29958
"\"Feel My Wrath!\"",29965
"\"Rebound!\"",29968
"Lesser Signet of Might",29977
"Personal Battering Ram",29991
"Cyclone",30008
"Purification",30025
"Defense Field",30027
"Shield of Courage",30029
"Elixir Shell",30032
"Shield of Courage",30039
"\"Eye of the Storm!\"",30047
"Shattering Blow",30074
"Uppercut",30077
"Wings of Resolve",30083
"Electro-whirl",30088
"Bulwark Gyro",30101
"\"Chilled to the Bone!\"",30105
"Flash Shell",30121
"\"Search and Rescue!\"",30123
"Staff Bash",30135
"Bandage",30142
"Gravedigger",30163
"Lesser Power Cleanse",30166
"Berserk",30185
"Blood Reckoning",30189
"Lesser Phantasmal Defender",30192
"Hook Strike",30210
"Wings of Resolve",30225
"True Shot",30229
"Overcharge Supply Crate",30230
"Glyph of the Tides",30238
"Lesser Haste",30239
"Lesser Signet of Wrath",30255
"Outrage",30258
"Detection Pulse",30262
"Overcharge Supply Crate",30264
"Dragon's Maw",30273
"Life Reap",30278
"Chemical Field",30279
"Wings of Resolve",30286
"Well of Eternity",30305
"Endothermic Shell",30307
"Dust Storm",30336
"Throw Mine",30337
"Head Butt",30343
"Medic Gyro",30357
"Gravity Well",30359
"Procession of Blades",30364
"Impairing Daggers",30369
"Mortar Shot",30371
"Channeled Vigor",30400
"\"Aftershock!\"",30432
"Punishing Strikes",30434
"Berserk",30435
"Water Globe",30446
"Glyph of the Tides",30448
"Signet of Courage",30461
"Puncture Shot",30471
"\"Your Soul Is Mine!\"",30488
"Equalizing Blow",30489
"Positive Strike",30501
"Soul Spiral",30504
"Reflexive Strike",30519
"Debilitating Arc",30520
"Med Blaster",30521
"Well of Calamity",30525
"Fragments of Faith",30553
"Executioner's Scythe",30557
"Distracting Daggers",30568
"Med Pack Drop",30588
"Vault",30597
"Orbital Strike",30599
"Staff Strike",30614
"Hunter's Ward",30628
"Tides of Time",30643
"Bandit's Defense",30661
"\"Feel the Burn!\"",30662
"Rocket Charge",30665
"\"Suffer!\"",30670
"Flaming Flurry",30682
"Palm Strike",30693
"Thunderclap",30713
"Toss Elixir X",30725
"Continuum Shift",30747
"Echo of Memory",30769
"Pulmonary Impact",30770
"\"Rise!\"",30772
"Dust Strike",30775
"Wings of Resolve",30783
"Reaper's Shroud",30792
"Lightning Orb",30795
"Fading Twilight",30799
"Elite Mortar Kit",30800
"Well of Action",30814
"Sneak Gyro",30815
"Death's Charge",30825
"Slick Shoes",30828
"Decapitate",30851
"Death Spiral",30860
"Tidal Surge",30864
"Fist Flurry",30868
"Light's Judgment",30871
"Rupturing Smash",30879
"A.E.D.",30881
"Poison Gas Shell",30885
"Deploy Mine",30893
"Exit Reaper's Shroud",30961
"Burning Shackles",30989
"Wild Whirl",31048
"Call to Anguish",31100
"Bound",31129
"Purging Flames",31159
"Spare Capacitor",31167
"Dash",31187
"Blast Gyro",31248
"Impaling Lotus",31267
"Jade Winds",31294
"Sanctuary",31295
"Lunar Impact",31318
"Glyph of Alignment",31322
"Time Bomb",31324
"Distributed Magic",31340
"Ghastly Rampage",31344
"Glyph of Alignment",31348
"Spike Barrage",31367
"Magic Aura",31375
"Heat",31390
"Distributed Magic",31391
"Unstable Magic Spike",31392
"Wicked Swipe",31396
"Glyph of Equality",31401
"Smash",31403
"Seed of Life",31406
"Glyph of Rejuvenation",31407
"Ghastly Rampage",31410
"Release Celestial Avatar",31411
"Magic Storm",31419
"Essence Sap",31438
"Punch",31442
"Furious Pounce",31451
"Consuming Flame",31459
"Magic Aura",31462
"Haunting Aura",31483
"Quick Shot",31491
"Sublime Conversion",31496
"Natural Convergence",31503
"Distributed Magic",31529
"Ancestral Grace",31535
"Unstable Pylon",31539
"Flak Shot",31544
"Magic Aura",31557
"Ghastly Rampage",31565
"Smoke Cloud",31568
"Glyph of Unity",31582
"Glyph of Alignment",31607
"Ghastly Rampage",31622
"Ghastly Prison",31623
"You Will Join Us",31624
"Punch",31636
"Lightning Assault",31639
"Cannon Barrage",31643
"Glyph of Equality",31658
"Glyph of the Stars",31677
"Vine Surge",31700
"Solar Beam",31710
"Kick",31720
"Hail of Bullets",31721
"Essence Sap",31723
"Forceful Displacement",31727
"Glyph of Unity",31740
"Glyph of Equality",31746
"Ghastly Rampage",31747
"Distributed Magic",31750
"Linked Ignition",31760
"Flame Blast",31761
"Platform Quake",31763
"Distributed Magic",31769
"Explosion",31788
"Ectoplasm",31792
"Bullet Storm",31793
"Cosmic Ray",31796
"Glyph of Rejuvenation",31819
"Heat",31820
"Unstable Pylon",31828
"Unstable Magic Spike",31860
"Spirit Fury",31861
"Glyph of Rejuvenation",31867
"Celestial Avatar",31869
"Spectral Impact",31875
"Unstable Pylon",31884
"Magic Aura",31885
"Magic Pulse",31886
"Glyph of Unity",31888
"Astral Wisp",31889
"Rejuvenating Tides",31894
"\"We Heal As One!\"",31914
"Seed of Life",32242
"Rejuvenating Tides",32253
"Lunar Impact",32364
"Rite of the Great Dwarf",32588
"Hunter's Verdict",33134
"Cosmic Ray",33387
"Natural Convergence",34070
"Platform Crush",34112
"Time Bomb",34152
"Platform Crush",34174
"Brutal Shot",34296
"\"Search and Rescue!\"",34309
"Feedback",34326
"Sweep",34335
"Well of the Profane",34336
"Swing",34343
"Fiery Vortex",34344
"Unrelenting Assault",34345
"Swing",34353
"Tormenting Bite",34354
"Snowstorm",34356
"Jab",34359
"Spontaneous Combustion",34363
"Bleeding Bite",34368
"Oppressive Gaze",34371
"Flame Spray",34375
"Oppressive Gaze",34380
"Hail of Bullets",34383
"Volatile Poison",34387
"Swing",34388
"Unrelenting Assault",34396
"Snipe",34398
"Shards of Rage",34404
"Shards of Rage",34411
"Surrender",34413
"Flak Shot",34417
"Vulnerable Spit",34431
"Fiery Spit",34438
"Blood Shards",34440
"Overhead Smash",34448
"Unstable Blood Magic",34450
"Sweep",34455
"Poisonous Spit",34460
"Slowing Thump",34462
"Slow Burn",34464
"Fiery Vortex",34466
"Corruption",34473
"Tantrum",34479
"Blood Shards",34480
"Volatile Poison",34481
"Spore Release",34482
"Poison Spatter",34488
"Crippling Thump",34503
"Volatile Aura",34505
"Halitosis",34516
"Heat Wave",34526
"Zealous Benediction",34528
"Toxic Cloud",34537
"Thunder",34543
"Downpour",34554
"Toxic Cloud",34565
"Corrosive Residue",34569
"Glyph of Elemental Harmony",34609
"Glyph of Elemental Power",34637
"Glyph of Elemental Harmony",34651
"Glyph of Elemental Power",34714
"Glyph of Elemental Harmony",34724
"Glyph of Elemental Power",34736
"Glyph of Elemental Harmony",34743
"Glyph of Elemental Power",34772
"Magic Blast",34894
"Unraveling Torrent",34910
"Temporal Vortex",34913
"Confounding Flurry",34916
"Cerebral Slash",34922
"Construct Aura",34946
"Slash",34953
"Chaotic Haze",34963
"Phantasmal Blades",34971
"Confounding Frenzy",35009
"Xera's Fury",35031
"Swipe",35047
"Phantasmal Blades",35064
"Hail of Fury",35077
"Phantasmal Blades",35082
"Tower Drop",35086
"Teleport Displacement Field",35116
"Temporal Shred",35128
"Phantasmal Blades",35137
"Tormenting Dredge",35139
"Backhand",35142
"Face Smash",35154
"Illusionary Shot",35164
"Overhead Smash",35167
"Elemental Requiem",35224
"Dust Charge",35304
"Sword of Decimation",35637
"Rock Throw",35822
"Summon Crablings",36281
"Slash",36488
"Flurry",36995
"Cyclone",37060
"Leap",37197
"Jab",37607
"Spatial Manipulation",37611
"Mind Crush",37613
"Spatial Manipulation",37629
"Orbital Sweep",37631
"Spatial Manipulation",37642
"Mace Smash",37660
"Spatial Manipulation",37673
"Soldier's Aura",37677
"Regret",37703
"Rapid Decay",37716
"Shared Agony",37775
"Impact",37784
"Jade Explosion",37788
"Trampling Rush",37797
"Soul Feast",37805
"Spear Impact",37816
"Claw",37843
"Inevitable Betrayal",37851
"Demonic Aura",37872
"Channeled Agony",37873
"Demonic Projection",37881
"Soul Swarm",37892
"Effigy Pulse",37901
"Gravity Wave",37910
"Spear Impact",37927
"Annihilate",37929
"Anguished Wail",37940
"Punishment Aura",37952
"Trampling Rush",37974
"Demonic Shock Wave",37980
"Demonic Shock Wave",37982
"Cosmic Aura",37989
"Shockwave",37996
"Corporal Punishment",38006
"Saul's Grace",38007
"Brutalize",38013
"Prison Shank",38040
"Demonic Shock Wave",38046
"Regret",38055
"Energy Surge",38060
"Spatial Manipulation",38074
"Jab",38094
"Impact",38102
"Displacement",38113
"Regret",38116
"Prisoner Sweep",38168
"Spear Return",38180
"Enemy Tile",38184
"Weak Minded",38187
"Annihilate",38208
"Shared Agony",38210
"Impaling Stab",38231
"Inevitable Betrayal",38236
"Brutal Aura",38258
"Inevitable Betrayal",38260
"??",38266
"Inevitable Betrayal",38268
"Cleave",38273
"Spatial Manipulation",38302
"Wrath",38304
"Bludgeon",38305
"Meteor Swarm",38313
"Anguished Bolt",38314
"Judgment of War",38451
"Detonate Rocket Turret",38748
"Detonate Supply Crate Turrets",38750
"Unholy Burst",38767
"Overhead Smash",38844
"Mist-Charged Chop",38846
"Crimson Dawn",38847
"Spiral Strike",38849
"Temporal Realignment",38858
"Big Shot",38863
"Crimson Dawn",38865
"Astral Surge",38867
"Diffractive Edge",38874
"Horizon Strike",38878
"Crimson Dawn",38881
"Radiant Fury",38889
"Head Kick",38894
"Punishing Kick",38896
"Taw Shot",38897
"Solar Bolt",38920
"Crimson Dawn",38924
"Radiant Fury",38926
"Horizon Strike",38927
"Solar Bolt",38941
"Whirligig",38942
"Crimson Dawn",38954
"Starburst Cascade",38966
"Vault",38977
"Starburst Cascade",38982
"Pulsar Blast",38986
"Crimson Dawn",38987
"Taw Shot",38991
"Horizon Strike",39001
"Supernova",39005
"Horizon Strike",39007
"((804376))",39011
"Warp",39013
"Starburst Cascade",39018
"Horizon Strike",39019
"Cosmic Streaks",39021
"Horizon Strike",39025
"Red Marble",39029
"Horizon Strike",39031
"Crimson Dawn",39033
"Astral Surge",39035
"Blinding Radiance",39037
"Solar Bolt",39039
"Horizon Strike",39053
"Big Shot",39054
"Cranial Cascade",39063
"Horizon Strike",39064
"Plunge",39078
"Lightning Bolt",39082
"Crimson Dawn",39093
"Fire Breath",39099
"Electrocute",39103
"Mist Bomb",39107
"Horizon Strike",39110
"Jab Combo",39116
"Explode",39122
"Wave of Mutilation",39133
"Horizon Strike",39135
"Solar Bolt",39136
"Solar Blast",39138
"Focused Anger",39139
"Crimson Dawn",39146
"Crimson Dawn",39152
"Taw Shot",39160
"Curved Shot",39163
"Taw Shot",39171
"Astral Surge",39185
"Crimson Dawn",39186
"",39195
"Focused Anger",39198
"Discharge",39200
"Focused Rage",39204
"Horizon Strike",39212
"Diffractive Edge",39213
"Crimson Dawn",39215
"Explode",39216
"Curved Shot",39217
"Cranial Cascade",39220
"Big Shot",39222
"Supernova",39225
"Solar Cyclone",39228
"Taw Shot",39232
"Searing Heat",39235
"Beaming Smile",39238
"Horizon Strike",39242
"Obliterate",39247
"Focused Rage",39251
"Diffractive Edge",39253
"Diffractive Edge",39254
"Focused Anger",39257
"Crimson Dawn",39261
"",39263
"Horizon Strike",39267
"Starburst Cascade",39274
"Corporeal Reassignment",39275
"Horizon Strike",39276
"Horizon Strike",39278
"Force of the Nightmare",39284
"Rolling Chaos",39291
"Horizon Strike",39297
"Solar Stomp",39298
"Blinding Radiance",39299
"Crimson Dawn",39300
"Solar Fury",39303
"Taw Shot",39306
"Focused Rage",39308
"Solar Bolt",39313
"Focused Anger",39319
"Supernova",39321
"Curved Shot",39322
"Horizon Strike",39323
"Crimson Dawn",39332
"Horizon Strike",39335
"Diffractive Edge",39345
"Rolling Chaos",39346
"Mist Bomb",39350
"Globolla Marble",39357
"Horizon Strike",39363
"Uppercut",39375
"Combustion Rush",39377
"Starburst Cascade",39383
"Jab Combo",39388
"Crimson Dawn",39392
"Cranial Cascade",39394
"Crimson Dawn",39395
"Mib Ring",39398
"Overhead Smash",39401
"Blinding Radiance",39416
"Taw Shot",39417
"Astral Surge",39419
"Small Shot",39422
"Horizon Strike",39423
"Horizon Strike",39426
"Combustion Rush",39427
"Flying Knee",39433
"Radiant Fury",39434
"Blinding Radiance",39442
"Focused Anger",39450
"Taw Shot",39454
"Horizon Strike",39458
"Uppercut",39466
"Teleport Lunge",39469
"Obliterate",39470
"Diffractive Edge",39478
"Mist-Charged Chop",39479
"Punishing Kick",39482
"Crimson Dawn",39483
"Horizon Strike",39485
"Explode",39491
"Globolla Marble",39495
"Flying Knee",39504
"Horizon Strike",39507
"Warp",39514
"Punishing Kick",39520
"Mist-Charged Chop",39521
"Starburst Cascade",39523
"Focused Anger",39526
"Cranial Cascade",39534
"Shared Shock",39539
"Thwack",39540
"Crimson Dawn",39541
"Explode",39551
"Mib Ring",39557
"Crimson Dawn",39564
"Diffractive Edge",39572
"Mist Smash",39575
"Diffractive Edge",39579
"Combustion Rush",39581
"Head Kick",39582
"Horizon Strike",39583
"Horizon Strike",39590
"Taw Shot",39602
"Blinding Radiance",39607
"Taw Shot",39609
"Combustion Rush",39615
"Punishing Kick",39619
"Globolla Marble",39628
"Mist Bomb",39638
"Crimson Dawn",39646
"Jab",39648
"Horizon Strike",39653
"Solar Bolt",39664
"Solar Fury",39667
"Focused Anger",39668
"Crimson Dawn",39673
"Rolling Chaos",39674
"Solar Fury",39684
"Horizon Strike",39685
"Cranial Cascade",39686
"Solar Discharge",39691
"Focused Anger",39694
"Teleport Lunge",39701
"Astral Surge",39708
"Focused Rage",39711
"Crimson Dawn",39713
"Horizon Strike",39714
"Solar Fury",39728
"Rolling Chaos",39734
"Globolla Marble",39745
"Crimson Dawn",39746
"Taw Shot",39748
"Diffractive Edge",39755
"Solar Bolt",39760
"Horizon Strike",39765
"Horizon Strike",39770
"Focused Rage",39775
"Supernova",39782
"Diffractive Edge",39787
"Discharge",39788
"Horizon Strike",39790
"Focused Anger",39795
"Corrupted Ground",39801
"Curved Shot",39816
"Solar Blast",39823
"Crimson Dawn",39829
"Diffractive Edge",39830
"Horizon Strike",39839
"Radiant Fury",39845
"Pulsar Blast",39847
"Solar Bolt",39848
"Explode",39849
"Horizon Strike",39853
"Horizon Strike",39854
"Solar Blast",39857
"Red Marble",39863
"Bowler Marble",39867
"Solar Fury",39874
"Focused Anger",39875
"Horizon Strike",39879
"Crimson Dawn",39884
"Radiant Fury",39886
"Horizon Strike",39889
"Rolling Chaos",39894
"Crimson Dawn",39895
"Punishing Kick",39910
"Spiral Strike",39911
"Jab",39915
"Combustion Rush",39916
"Overhead Smash",39920
"Crimson Dawn",39924
"Wave of Panic",39959
"Steal Warmth",39960
"Fire Strike",39964
"Silencer",39972
"Awakened Soldier Swing",39977
"Sodden Swath",39981
"Fire Bolt",40078
"Crushing Blow",40084
"Narcotic Spores",40111
"Portent of Freedom",40114
"Steal Resistance",40133
"Rust Frenzy",40139
"Radiant Arc",40160
"Natural Frenzy",40170
"Bloodbane Path",40175
"Primordial Stance",40183
"Chaos Vortex",40184
"False Oasis",40200
"Double Lava Axe",40229
"Smoke Assault",40255
"Trail of Anguish",40274
"Keen Strike",40275
"Leading Swipe",40301
"Fire Swipe",40326
"Pressure Blast",40332
"Hydrothermal Vent",40378
"Death's Advance",40436
"Icerazor's Ire",40485
"Shattershot",40497
"Vulture Stance",40498
"Coolant Blast",40507
"Launch Wall",40533
"Focused Slash",40560
"Primal Cry",40588
"Kneel",40600
"Earthshaker",40601
"Phantasmal Spinning Axe",40614
"Symbol of Vengeance",40624
"Bite",40625
"Intimidating Shout",40643
"Earthen Vortex",40709
"Deadly Aim",40710
"Worldly Impact",40729
"Giant Flurry",40791
"Earthen Synergy",40794
"Nefarious Favor",40813
"Deadly Kick",40857
"Steal Precision",40888
"Steal Health",40903
"Steal Strength",40904
"Mantra of Potence",40915
"Grinding Stones",40963
"Elemental Compression",41001
"Seiche",41052
"Crystal Sands",41065
"Free Action",41068
"Natural Healing",41100
"Skull Crack",41110
"Reverberant Shatter",41119
"Deactivate Photon Forge",41123
"Plasma Blast",41125
"Fang Grapple",41156
"Shadow Flare",41158
"Mirror Strikes",41164
"Aqua Siphon",41167
"Monsoon",41184
"Binding Shadow",41205
"Rain of Spikes",41206
"Spectrum Shield",41218
"Darkrazor's Daring",41220
"Giant Stomp",41247
"Boon Crusher",41283
"Citadel Bombardment",41294
"Phantasmal Seeking Axe",41324
"Unhindered Delivery",41328
"Forceful Shot",41330
"Mercy",41372
"Stow Tome",41380
"Maul",41406
"Brutal Aim",41422
"Devourer Retreat",41461
"Restoring Reprieve",41475
"Skirmisher's Shot",41494
"Citadel Bombardment",41513
"Kick",41524
"Chomp",41537
"Wounding Strike",41543
"Shield of the Avenger",41571
"Tail Swipe",41575
"Orbital Command Strike",41612
"Serpent Siphon",41615
"Flash Cutter—Storm",41684
"Plasmic Strike",41712
"Mantra of Solace",41714
"Screech",41721
"Whirling Strike",41746
"Tome of Resolve",41780
"Serpent Stab",41800
"Scorchrazor",41820
"Sevenshot",41829
"Dark Water",41837
"Prismatic Singularity",41843
"Legendary Renegade Stance",41858
"Slash",41860
"Peck",41887
"Wing Buffet",41908
"Imminent Threat",41919
"Death's Retreat",41937
"Overwhelming Celerity",41988
"Prime Light Beam",42009
"Kill Shot",42041
"Quickening Screech",42042
"Blade Burst",42163
"Blinding Roar",42180
"Fiery Frost",42181
"Reformed Mirage Mirror",42183
"Crystalline Impact",42235
"Tome of Courage",42259
"Twin Strike",42271
"Manifest Sand Shade",42297
"Ether Barrage",42304
"Pile Driver",42321
"Steam Surge",42330
"Ghastly Breach",42355
"Echo of Truth",42360
"Tome of Courage",42371
"Ashen Blast",42379
"Lesser Signet of Stone",42470
"Bright Slash—Storm",42475
"Flurry",42494
"Holographic Shockwave",42521
"Battering Slash",42575
"Lunge",42577
"Arcing Slice",42707
"Protection",42717
"Precise Cut",42745
"Dismiss Lieutenant Soulcleave",42752
"Charging Bite",42797
"Combustive Shot",42803
"Worldly Impact",42809
"Citadel Bombardment",42836
"Laser Disk",42842
"Mirage Advance",42851
"Steal Time",42863
"Opening Passage",42864
"Shearing Edge",42867
"Brutal Charge",42894
"Takedown",42907
"Lesser Stone Resonance",42913
"Sand Swell",42917
"Flame Surge",42924
"Desiccate",42935
"Engage Photon Forge",42938
"Beastmode",42944
"Razorclaw's Rage",42949
"Fracturing Strike",42954
"Rejuvenating Respite",42960
"Savannah Strike",42963
"Holo Leap",42965
"Potent Haste",42983
"Leave Beastmode",43014
"Defy Pain",43060
"Sand through Glass",43064
"Tail Lash",43068
"Pyro Vortex",43074
"Crystalline Strike",43080
"Break Enchantments",43123
"Bite",43136
"Sand Flare",43148
"Flash Spark",43176
"Healing Cloud",43186
"Breaking Wave",43199
"Blade Renewal",43343
"Mantra of Liberation",43357
"Steal Durability",43373
"Prelude Lash",43375
"Deadeye's Mark",43390
"Crystal Fling",43434
"Sand Cascade",43448
"Tar Font",43459
"Sun Edge",43476
"Fleeting Stability",43488
"Magebane Tether",43532
"Double Arc",43536
"Frenzied Attack",43548
"Bow of Truth",43565
"Eviscerate",43566
"Plasma Beam",43576
"Crystal Slash",43616
"Vent Exhaust",43630
"Head Toss",43636
"Weave Self",43638
"Searing Slash",43657
"Poison Gas",43671
"Photosynthesize",43701
"Crippling Leap",43726
"Photon Wall",43739
"Sight beyond Sight",43745
"Axes of Symmetry",43761
"Pyroclastic Blast",43762
"Reverberant Shatter",43766
"Steal Defenses",43768
"Call Lightning",43788
"Quantum Strike",43803
"Frenzied Peck",43815
"Searing Slash",43826
"Cauterize",43845
"Double Tap",43916
"Overheat",43937
"Spiritcrush",43993
"Wastrel's Ruin",44004
"Voice of Truth",44008
"Heroic Command",44076
"Mantra of Truth",44080
"Death's Judgment",44087
"Entangling Web",44097
"Refraction Cutter",44110
"Full Counter",44165
"Aquatic Stance",44239
"Lesser Quickening Zephyr",44240
"Split Surge",44241
"Clarified Conclusion",44248
"Light Strike—Storm",44260
"Deadly Delivery",44278
"Oppressive Collapse",44296
"Needle Shot",44305
"Imaginary Axes",44321
"Fear",44360
"Tome of Justice",44364
"Crippling Anguish",44384
"Holoforge Overheated",44386
"Dissonance",44397
"Riptide",44405
"Garish Pillar",44428
"Cauterizing Strike",44451
"Throw Boulder",44467
"Maul",44514
"Steal Mobility",44526
"Corona Burst",44530
"Lahar",44550
"Light Strike",44588
"Spotter's Shot",44591
"Bleeding Edge",44602
"Unravel",44612
"Harmonic Cry",44617
"Spiritual Reprieve",44626
"Tailored Victory",44637
"Hard Light Arena",44646
"Plasma Burst",44652
"Desert Shroud",44663
"Mirage Mirror",44677
"Charged Strike",44681
"Three Round Burst",44695
"Lacerating Chop",44791
"Ethereal Chop",44840
"Sword of Justice",44846
"Ambush Assault",44864
"Fire Blast",44876
"Chomp",44885
"Lesser Fiery Eruption",44918
"Stone Resonance",44926
"Disrupting Stab",44937
"Manifest Sand Shade",44946
"Bear Stance",44948
"Jacaranda's Embrace",44980
"Swoop",44991
"Polaric Leap",44998
"Giant Kick",45010
"Tome of Resolve",45023
"Illusionary Ambush",45046
"Core Cleave",45047
"Flame Rush",45082
"Malicious Restoration",45088
"Throw Gunk",45094
"Griffon Stance",45142
"Bladestorm",45160
"Call Lightning",45216
"Deactivate Photon Forge",45219
"Mirage Thrust",45230
"Lingering Thoughts",45243
"Breaching Strike",45252
"Polaric Slash",45259
"Flame Uprising",45313
"Winds of Disenchantment",45333
"Bite",45353
"Featherfoot Grace",45380
"Blazing Edge",45402
"Rain of Swords",45425
"Groundwork Gouge",45426
"Jaunt",45449
"Mantra of Lore",45460
"Sharpen Spines",45479
"Shadow Meld",45508
"Orders from Above",45537
"Sun Ripper",45581
"Mirage Retreat",45666
"Shadow Swap",45672
"Breakrazor's Bastion",45686
"Controlled Analysis",45709
"Sand Shards",45711
"One Wolf Pack",45717
"Particle Accelerator",45732
"Glacial Drift",45742
"Charge",45743
"Twist of Fate",45746
"Bright Slash",45756
"Soulcleave's Summit",45773
"March of Undeath",45780
"Photon Blitz",45783
"Dolyak Stance",45789
"Unflinching Fortitude",45797
"Harrowing Wave",45846
"Flash Cutter",45890
"Intimidating Slam",45962
"Moa Stance",45970
"Gleam Saber",45979
"Clapotis",45983
"Stone Tide",46014
"Mud Slide",46018
"Crystalline Sunder",46024
"Magehunter Strike",46044
"Instinctive Engage",46123
"Katabatic Wind",46140
"Mantra of Flame",46148
"Hammer of Wisdom",46170
"Empowering Roar",46183
"Molten Burst",46185
"Aura Slicer",46233
"Needle Explosion",46271
"Gale Strike",46295
"Shadow Gust",46335
"Absolute Zero",46360
"Tail Lash",46386
"Legendary Renegade Stance",46409
"Brutal Charge",46432
"Lava Skin",46447
"Manifest Sand Shade",46473
"Manifest Sand Shade",46474
"Blinding Radiance",46487
"((843346))",46547
"Bow of Truth",46600
"Blinding Radiance",46627
"Maul",46629
"Blinding Radiance",46732
"Blinding Radiance",46737
"Bow of Truth",46750
"Call of the Dwarf",46843
"Call of the Centaur",46847
"Call of the Renegade",46849
"Call of the Assassin",46854
"Call of the Demon",46856
"Call of the Dragon",46857
"Flame Shot",46862
"Sundering Smash",46901
"Shield Bash",46916
"Hundred Blades",46923
"Scythe Assault",46930
"Dwayna's Tempest",46934
"Smite",46941
"Portal Trap",46980
"Scythe Slash",46999
"King's Wrath",47005
"Hailstorm",47013
"Glaciate",47022
"",47053
"Scythe Slash",47080
"Bayonet Thrust",47115
"Dark Aura",47120
"Scythe Swing",47123
"Soul Shackle",47164
"",47186
"Soul Scourge",47191
"Charge",47205
"((817831))",47224
"Pounce",47245
"Soulless Torrent",47258
"",47260
"Hungering Miasma",47303
"Vortex Slash",47327
"Fingers of the Dead",47331
"Corpse Detonation",47356
"Breath of Death",47360
"Spinning Slash",47363
"Shatter Earth",47365
"Righteous Flames",47371
"Putrid Bomb",47387
"Soul Rift",47430
"Wall of Earth",47453
"Dwayna's Lightning",47468
"Soul Siphon",47470
"Piercing Shadow",47518
"Numbing Breach",47531
"Portal Trap",47533
"Portal Trap",47536
"Slash",47561
"Fingers of the Dead",47572
"Soul Spiral",47590
"Slice",47607
"Slice",47626
"Charged Shot",47632
"Mystic Wave",47662
"Pummel",47666
"Electric Bomb",47671
"Ice Breaker",47679
"Executioner's Scythe",47686
"Triumph of War",47694
"Pummel",47697
"Polymorph Moa",47714
"Frozen Demise",47723
"Fist",47725
"Slash",47726
"Hailstorm",47736
"Scythe Shock",47747
"Wurm Spit",47756
"Cull",47769
"",47771
"Charged Shot",47784
"Executioner's Scythe",47815
"Sonic Blast",47824
"Razor Dust",47830
"Chilling Aura",47837
"Slice",47842
"Eruption",47846
"Wings of Dwayna",47847
"Cascading Earth",47867
"Twisted Light",47907
"Fingers of the Dead",47908
"Quad Slash",47915
"Rend Earth",47933
"Soul Siphon",47939
"Balthazar's Flame",47941
"Avatar of Lyssa",47988
"Imbibe",48007
"Corpse Detonation",48009
"Unbridled Fear",48010
"",48020
"((816490))",48023
"Mystic Detonation",48038
"King's Wrath",48066
"Razor Dust",48093
"Shield Bash",48106
"King's Wrath",48108
"((818944))",48116
"Arcing Affliction",48121
"Fire Breath",48126
"Scythe Slam",48128
"",48138
"Earthquake",48147
"Deep Abyss",48150
"Scythe Slash",48167
"Hateful Ephemera",48172
"Death Mark",48176
"",48188
"Greater Death Mark",48210
"Biting Aura",48218
"Wings of Rage",48222
"",48235
"Deathly Aura",48238
"Scythe Slash",48260
"Rage Bomb",48269
"Bombshell",48272
"Rend Earth",48284
"Shock Wave",48285
"Call Meteor",48289
"Death's Reprise",48305
"Cull",48309
"Winds of Chaos",48318
"Corrupt the Living",48327
"Righteous Lightning",48339
"Quad Slash",48363
"Deep Freeze",48377
"Scythe Swipe",48386
"Shoot",48387
"Twisted Shadow",48389
"Cataclysmic Cycle",48398
"Despairing Darkness",48417
"",48419
"Call Meteor",48423
"Vortex Slash",48432
"Jagged Eruption",48437
"Scythe Slash",48448
"Dwayna's Lightning",48489
"Death Bloom",48500
"Rending Swipe",48531
"",48563
"Conjure Flame",48584
"Bite",48601
"Slash",48641
"Slice",48642
"Howling Death",48662
"Scythe Spin",48664
"Scythe Slash",48666
"Call Meteor",48673
"Charged Shot",48682
"Throw Boulder",48690
"Pathetic",48692
"Cull",48752
"Cull",48758
"Putrid Bomb",48760
"Avatar of Lyssa",48770
"Hungering Aura",48794
"Wurm Spit",48841
"Winds of Chaos",48851
"Razor Dust",48865
"Fissure",48875
"Cleansing Field",49045
"Signet of Water",49056
"Mind Wrack",49068
"Vital Burst",49082
"Lesser Elixir C",49097
"Uppercut",49142
"Arc Lightning",49154
"Noxious Reek",49176
"Uppercut",49237
"Branded Breath",49245
"Jab",49722
"Void Tail",49740
"Ley-Line Surge",49765
"Uppercut",49786
"Executioner's Scythe",49794
"Head Kick",50043
"Frontal Block",50197
"Flying Slam",50200
"Ring of Crags",50212
"Jab Combo",50245
"Furious Retaliation",50255
"Agony",50373
"Hooked Spear",50379
"Capture Line",50380
"Inspiring Reinforcement",50383
"Rift of Pain",50390
"Judgment of Light",50392
"Mistsfire",50395
"Detonate Light",50399
"Burst of Shadows",50408
"Reckoning Blast",50410
"Veil",50414
"Malicious Deadly Strike",50417
"Mirage Advance",50419
"Rocket Boots",50438
"Null Field",50440
"Rocket Boots",50441
"Infusion Bomb",50444
"Lightning Flash",50447
"Malicious Ripper",50449
"Malicious Surprise Shot",50451
"Portal Fire",50456
"Malicious Sneak Attack",50466
"Slick Shoes",50472
"Malicious Backstab",50481
"Torrential Mists",50483
"Malicious Tactical Strike",50484
"Slick Shoes",50491
"Drain",50520
"Pulverizing Leap",50523
"Lightning Storm",50594
"Lightning Bolt",50601
"Shadow Siphon",50630
"Web Spray",50637
"Clinging Shadows",50660
"Charge",50661
"Pulverizing Leap",50668
"Life Slash",50685
"Slashing Winds",50752
"Storm Summoning",50771
"Savage Strike",50787
"Shadow Bolt",50801
"Corrupted Claws",50817
"Agonizing Swipe",50823
"Disintegration Blast",50828
"Venomous Fangs",50833
"Life Reap",50858
"Slash",50859
"Shadow Bolt",50861
"Web Net",50926
"Venomous Fangs",50928
"Web Pull",50930
"Bloody Spin",50960
"Bloody Feed",50970
"Spectral Flame",50978
"Pulverizing Leap",50984
"Storm Blast",50999
"Shade Claw",51004
"Disintegration Blast",51039
"Shade Dart",51074
"Storm Summoning",51086
"Agonizing Rune",51093
"Bloody Leap",51105
"Agonizing Rune",51120
"Wake of Disintegration",51138
"Lightning Storm",51155
"Bloody Slice",51169
"Shadow Rift",51202
"Life Rend",51273
"Soul Leach",51321
"Shadow Blast",51349
"Agonizing Swipe",51364
"Slash",51380
"Pounce",51385
"Spike Trap",51395
"",51635
"",51638
"",51639
"",51641
"Seeking Judgment",51645
"Transmute Frost",51646
"Devouring Darkness",51647
"Searing Light",51660
"Transmute Lightning",51662
"True Nature",51667
"True Nature",51675
"Transmute Earth",51684
"True Nature",51696
"Elemental Blast",51698
"Transmute Fire",51711
"True Nature",51713
"True Nature",51714
"Flame Slash",51718
"Lava Rift",51721
"Aquatic Assassin",51727
"Junk Fall",51735
"Wing Buffet",51738
"Wave of Force",51759
"Mist Meteorite",51761
"Aid of the Water Djinn",51771
"Aquatic Slash",51776
"Incineration Orb",51802
"Teleport",51823
"Tidal Surge",51825
"Thorny Predicament",51828
"Buoyancy",51843
"Aid of the Water Djinn",51849
"Body of Flame",51879
"",51909
"Flaming Cascade",51918
"Shattered Earth",51923
"Scepter Beam",51937
"Candy Burst",51952
"Ripper",51956
"Slash",51958
"Meteor",51961
"Sundered Platform",51963
"Vapor Jet",51965
"Fireball",51969
"Djinn's Gaze",51975
"Aquatic Barrage",51977
"Dual Bite",51979
"Dreg Detritus",51989
"Cyclone Burst",51999
"Aquatic Aura",52005
"Branded Vortex",52013
"Incineration Orb",52030
"Summon",52054
"Fireball",52057
"Mythwright Discharge",52063
"",52082
"Junk Absorption",52086
"Largos' Domain",52116
"Junk Fall",52120
"Slash",52123
"Brandstone Impact",52125
"Aquatic Vortex",52130
"Wintersday Aura",52131
"Shark Splash",52135
"Junk Torrent",52150
"Fireball",52159
"Ruptured Ground",52161
"Plop",52167
"Pulverize",52173
"Ectoplasmic Flame",52191
"Teleport",52200
"Belch",52202
"Claw",52221
"Fire Wave",52224
"Shattering Impact",52242
"Whiplash",52248
"Brandstone Slash",52254
"Riposte",52265
"Swap",52281
"Presents for All",52294
"Big Hit",52310
"Aid of the Water Djinn",52320
"Fractured Brand",52321
"Volcanic Geyser",52323
"Seismic Stomp",52330
"Flame Slash",52333
"Flame Slash",52334
"Shark Splash",52361
"Foostivoo Flail",52365
"Conjured Slash",52370
"Aquatic Domain",52374
"Fire Dance",52383
"Blaze",52389
"Heavy Impact",52406
"Icy Breath",52415
"Noxious Perfume",52416
"Shatter",52422
"Heavy Landing",52428
"Spirit Scream",52444
"Falling Debris",52446
"Fire Trail",52452
"Sea of Flame",52461
"Big Hit",52462
"Swap",52471
"Aquatic Detainment",52477
"Pulverize",52479
"Aquatic Assassin",52489
"Whirling Slash",52493
"Shark Splash",52507
"Incineration Orb",52512
"Elemental Breath",52520
"Burning Crucible",52522
"Leap",52525
"Flame Slash",52528
"Throw Minion",52583
"Inferno",52587
"Fireball",52612
"Seismic Stomp",52613
"Fire Dance",52614
"",52636
"",52637
"Aquatic Slash",52646
"Crystalline Impact",52654
"Tremor",52656
"Brandstone Slash",52665
"Bouquet Toss",52669
"",52672
"Incineration Orb",52673
"Wing Buffet",52692
"Aid of the Water Djinn",52695
"Plop",52700
"Tail Swipe",52705
"Vaporous Strike",52716
"Fire Breath",52726
"Wing Buffet",52734
"Fire Breath",52748
"Sea of Flame",52775
"Aquatic Aura",52779
"Meteor",52791
"Leap",52793
"Aid of the Water Djinn",52811
"Tidal Pool",52812
"Flame Wave",52814
"Fire Wave",52820
"Thunderclap",52843
"Teleport",52862
"Fire Dance",52864
"Vapor Rush",52876
"Junk Fall",52878
"",52884
"Pull",52892
"Incineration Orb",52906
"Aquatic Detainment",52931
"Sword Spin",52933
"Geyser Slam",52934
"Fiery Meteor",52941
"Dreg Flop",52956
"Fire Streak",52969
"Claw",53011
"Fireball",53013
"Sea Swell",53018
"Sear",53038
"Fireball",53047
"Teleport",53051
"Meteor",53064
"Rising Heat",53065
"Detonate",53072
"Aid of the Water Djinn",53089
"Incineration Orb",53093
"Vaporous Strike",53100
"",53101
"Fire Dance",53102
"Tail Swipe",53105
"Geyser",53130
"Frigid Aura",53134
"Fireball",53146
"Fire Dance",53153
"Frost Patch",53446
"Frost Tomb",53452
"Ice Cone",53463
"Blizzard",53464
"Jutting Ice Spikes",53475
"Cold-Hearted Aura",53478
"Glacial Blow",53482
"Numbing Breach",53496
"Giant Snowball",53511
"Giant Snowball",53514
"Snowball",53520
"Jutting Ice Spikes",53531
"Slam",53537
"Frost Patch",53540
"Jutting Ice Spikes",53544
"Elixir E",53548
"Aurora Beam",53549
"Fetid Fog",53567
"Mine Explosion",53585
"Explosive Longshot",53586
"Deathly Chill",53591
"Scatter Grenade",53598
"Brand Gust",53601
"Static Grenade",53649
"Frost Shard",53663
"Brand Gust",53675
"Brandstone Impact",53678
"Comet",53707
"Cinder Cyclone",53727
"Throw Axe",53749
"Phantom Blast",53758
"Brand Squall",53762
"Piranhas of the Deep",53784
"Brand Gust",53797
"Deathly Chill",53828
"Smash",53847
"Roaring Brand",53867
"Life Siphon",53926
"Cadaver's Confetti",53934
"Shared Shock",53968
"Crippling Dagger",53983
"Double Strike",54011
"Brand Squall",54029
"Grim Lagoon",54050
"We Bleed Fire",54053
"Slash",54070
"Piercing Peck",54083
"Piranhas of the Deep",54109
"Heartseeker",54120
"Brandstone Slash",54123
"Piranhas of the Deep",54125
"Bloody Bludgeon",54133
"",54139
"Phantom Damnation",54164
"Charge",54201
"Stormfall",54243
"Throw Bomb",54261
"Buccaneer's Boot",54284
"Lotus Strike",54293
"Cinder Cyclone",54295
"Piranhas of the Deep",54300
"Freeze Grenade",54324
"We Bleed Fire",54348
"Cinder Cyclone",54394
"Tail Swipe",54410
"Disrupting Dagger",54413
"Chop",54428
"Cutlass Carve",54445
"Scurvy Prick",54463
"",54496
"Great Bludgeoning",54532
"Steadfast Strike",54544
"Water Blast",54581
"Brand Gust",54585
"Wraith's Lightning",54619
"Energy Wave",54620
"Flame Seeker",54626
"Throw Anchor",54688
"Deathly Chill",54699
"Wild Strike",54700
"Tail Slam",54744
"Hack",54748
"Teeth from the Deep",54749
"Brandstone Slash",54804
"Mace Smash",54806
"Crushing Blow",54823
"Frostblades",54849
"Sandstorm Shroud",54870
"Sword of Justice",55019
"Glyph of the Stars",55024
"Sword of Justice",55027
"Ancient Echo",55029
"Shield of the Avenger",55035
"Shield of the Avenger",55037
"Hammer of Wisdom",55040
"Glyph of the Stars",55046
"Soul Grasp",55050
"Hammer of Wisdom",55053
"Wisp of Will",55131
"Unearthly Fissure",55244
"Hungering Miasma",55258
"Barrage",55316
"Ambush",55342
"Ice Bomb",55406
"Crushing Blow",55549
"Slash",55596
"Unearthly Fissure",55845
"Wisp of Will",55907
"Mark of Anguish",55941
"",56012
"Force of Havoc",56017
"Energized Affliction",56020
"Quantum Quake",56035
"Unbearable Power",56038
"Blinding Radiance",56040
"Sand Geyser",56042
"",56047
"Terraform",56049
"Dynamic Deterrent",56055
"Brandstone Slash",56056
"",56064
"Chaotic Surcharge",56068
"",56070
"",56072
"",56077
"Ether Strikes",56078
"((907503))",56083
"",56092
"Exponential Repercussion",56093
"Walloping Wind",56094
"Ruinous Nova",56098
"((918748))",56105
"Diamond Palisade",56114
"",56128
"Force of Retaliation",56134
"Stalagmites",56141
"((910547))",56143
"Chaos Called",56145
"",56148
"((910093))",56162
"Brandstone Impact",56173
"Boulder Barrage",56179
"Residual Impact",56180
"",56187
"",56194
"Dynamic Deterrent",56196
"Unbridled Chaos",56199
"Dire Drafts",56202
"Tremor Wave",56206
"Chaotic Overflow",56218
"",56222
"",56232
"Cleansed Conductor",56237
"",56242
"",56246
"Exponential Repercussion",56254
"Tempest's Spike",56273
"",56277
"Tectonic Upheaval",56288
"",56303
"Storm's Edge",56307
"Eclipsed Backlash",56316
"Caustic Chaos",56332
"",56338
"Venomous Voltage",56340
"",56341
"",56349
"Seismic Suffering",56351
"Stone Claw",56354
"",56359
"Fury of the Storm",56372
"Residual Impact",56378
"Quantum Quake",56381
"((911196))",56387
"Perilous Pulse",56390
"Electrical Repulsion",56391
"((909022))",56412
"Quantum Quake",56414
"",56420
"Bolt Break",56431
"Volatile Fusion",56435
"Force of Havoc",56441
"",56444
"Electrospark",56451
"Stone Fist",56455
"Unbridled Chaos",56467
"Electro-Repulsion",56474
"Brandstone Slash",56487
"((911703))",56492
"Stone Fist",56496
"Stone Volley",56501
"((907353))",56502
"Shocking Barrage",56513
"Diamond Palisade",56516
"Stone Fist",56521
"Bolt Break",56523
"Rain of Chaos",56527
"",56528
"",56529
"Brandstorm Lightning",56537
"Pylon Debris Field",56541
"Caustic Chaos",56543
"Residual Impact",56551
"((910081))",56552
"Recharging",56555
"Tectonic Upheaval",56558
"",56569
"",56579
"Boulder Barrage",56580
"Eroding Curse",56586
"",56588
"Energy Eclipse",56590
"Shower of Chaos",56598
"Sand Call",56599
"",56611
"Residual Impact",56614
"((912947))",56617
"Storm's Edge",56620
"Chain Lightning",56629
"Stone Claw",56638
"Bolt Break",56642
"Unbridled Tempest",56643
"Boulder Barrage",56648
"Stalagmites",56649
"((907732))",56652
"",56653
"Poisoned Power",56655
"Brandstorm Lightning",56656
"Bonus Inspiration",56713
"Holographic Strain",56723
"Energized Hologram",56833
"Time Sink",56873
"Pitfall",56880
"Sunspot",56883
"Thousand Needles",56898
"Dark Pursuit",56916
"Function Gyro",56920
"Function Gyro",56921
"Split Second",56925
"Rewinder",56928
"Split Second",56930
"Water Bolt",56971
"Gnawed",56994
"Electrified Shield",57011
"Eruption",57012
"Stab",57014
"Gnawed",57025
"Frostbite Aura",57593
"Ice Shatter",57690
"Charr Volley",57951
"Globolla Marble",58000
"((937848))",58073
"Charr Volley",58076
"Med Blaster",58090
"Infusion Bomb",58104
"Hammer Spin",58132
"Unrelenting Pain",58139
"Aberrant Will",58160
"Vengeful Aura",58174
"Barrage",58179
"Ice Shock Wave",58184
"Torrent of Ice",58199
"Frostbite Aura",58219
"Ice Shock Wave",58230
"Ghostly Grasp",58262
"Snowblind",58276
"Slash",58300
"Barrage",58301
"Aberrant Will",58310
"Aberrant Will",58392
"Slice",58429
"Jab",58450
"Escape",58458
"Dagger Strike",58489
"Hammer Lunge",58497
"Ice Flail",58501
"Seismic Crush",58518
"Frozen Missile",58520
"Death Wind",58546
"Lunge",58605
"Aberrant Will",58606
"Ghostly Arrow",58638
"Aberrant Will",58645
"Ice Flail",58647
"Ambush",58664
"Barrage",58669
"Frostbite Aura",58694
"Unnatural Aura",58736
"Ice Shock Wave",58740
"Cyclone",58746
"Ambush",58750
"Douse in Darkness",58809
"Icequake",58811
"Dagger Strike",58828
"Aberrant Will",58833
"Dagger Strike",58854
"Tormenting Aura",58861
"Snowball",58886
"Aurora Beam",58954
"Mist Bomb",59029
"Ice Drop",59059
"Ice Shatter",59078
"Ice Tempest",59082
"Supernova",59089
"Ice Shatter",59096
"Noxious Wind",59101
"Spreading Ice",59102
"Ice Shatter",59147
"Ice Shatter",59149
"Ice Tempest",59155
"Ice Shatter",59158
"Chains of Frost",59159
"Flurry",59174
"Falling Ice",59192
"Frostbite Aura",59202
"Frigid Vortex",59213
"Supernova",59220
"Smash",59236
"Ice Tempest",59255
"Falling Ice",59288
"Ice Shatter",59308
"Supernova",59321
"Corrupted Ground",59331
"Supernova",59339
"Leap",59340
"Ice Tempest",59345
"Leaping Strike",59347
"Spiral Strike",59391
"Cold Front",59408
"Ice Shatter",59425
"Lethal Coalescence",59441
"Vortex of Hail",59450
"Falling Ice",59455
"Ice Shatter",59462
"Spreading Ice",59468
"Ice Shatter",59489
"Supernova",59493
"Repeater",59526
"Eternal Bond",59554
"Explosive Entrance",59562
"Invoke Torment",59591
"",59627
"Bomb Drop",59656
"",59837
"Shadow Aura",59961
"Ice Tempest",59989
"Detonate",60006
"Frozen Barrier",60067
"Frost Blast",60080
"Claws of Ice",60085
"Flurry of Ice",60089
"Charge!",60132
"Flame Wall",60133
"Slash",60138
"Flame Wall",60171
"Mighty Spin",60174
"Frostbite Aura",60193
"Ice Storm",60195
"Ice Whip",60200
"Giant Stomp",60208
"Breath of Corruption",60222
"Thrust",60233
"Blood Charge",60289
"Call Assassins",60308
"Frigid Trail",60315
"Conjure Flame",60328
"Boon of Flame",60344
"Icy Echoes",60354
"Body Slam",60369
"Mighty Spin",60370
"Mighty Slashes",60379
"Giant Kick",60473
"Giant Flurry",60524
"Blood Charge",60527
"Lethal Coalescence",60545
"Slash",60574
"Lunge",60577
"Bombardment",60633
"Leap",60664
"Ice Breath",60673
"Avalanche",60696
"Claw",60842
"Call Meteor",60856
"Claw Smash",60871
"Avalanche",60896
"Avalanche",60902
"Avalanche",60907
"Crash",60932
"Ice Breath",60947
"Claw Smash",60990
"Avalanche",61060
"Winds of Jormag",61118
"Crash",61132
"Claw Smash",61137
"Elemental Manipulation",61172
"Elemental Whirl",61173
"",61175
"Call Meteor",61176
"Torrential Bolt",61177
"Elemental Sweep",61179
"Aqua Jet",61181
"Rush",61182
"Terrorstorm",61184
"",61185
"Fulgor Sphere",61186
"Elemental Whirl",61189
"Call of Storms",61190
"Roiling Flames",61194
"Aqua Jet",61195
"Elemental Manipulation",61196
"Lightning Strikes",61197
"Aqua Jet",61199
"Call Meteor",61203
"Elemental Whirl",61204
"Wind Burst",61205
"Elemental Manipulation",61207
"Crushing Guilt",61208
"Aqua Jet",61210
"Surge of Darkness",61211
"Rush",61212
"Aqua Jet",61214
"Elemental Sweep",61215
"Elemental Manipulation",61216
"Empathic Manipulation",61217
"Aqua Jet",61222
"",61228
"Roiling Flames",61230
"Firestorm",61231
"Fulgor Sphere",61234
"Fulgor Sphere",61235
"Elemental Surge",61239
"Tempest of Flame",61240
"Overwhelming Sorrow",61241
"Call Meteor",61243
"Call Meteor",61245
"Plea of Tides",61246
"Empathic Manipulation",61247
"Flame Burst",61248
"Aquatic Burst",61251
"Aqua Jet",61255
"Elemental Manipulation",61256
"Aqua Jet",61258
"Empathic Manipulation",61260
"Arc Divider",61261
"Voltaic Expulsion",61263
"Aqua Jet",61264
"Call Meteor",61265
"Uppercut",61266
"Elemental Whirl",61268
"Elemental Whirl",61270
"Elemental Manipulation",61271
"Roiling Flames",61273
"",61275
"Brutal Strike",61276
"Elemental Manipulation",61279
"Torrential Bolt",61280
"Explosion",61282
"Call Meteor",61284
"Elemental Manipulation",61287
"Call of Storms",61288
"Negative Burst",61289
"Empathic Manipulation",61292
"Call Meteor",61293
"Aqua Jet",61294
"Aqua Jet",61299
"Aqua Jet",61305
"Elemental Sweep",61308
"Elemental Whirl",61309
"Tidal Bargain",61313
"Explosion",61317
"Elemental Surge",61318
"Call Meteor",61321
"Fulgor Sphere",61323
"Surge of Darkness",61325
"Call Meteor",61329
"Elemental Sweep",61330
"Elemental Manipulation",61336
"Call Meteor",61340
"Call Meteor",61341
"Call Meteor",61343
"Focused Wrath",61344
"Call Meteor",61345
"Elemental Sweep",61346
"Greatsword Slice",61347
"Call Meteor",61348
"Torrential Bolt",61349
"Aqua Jet",61352
"Surge of Darkness",61356
"Empathic Manipulation",61362
"Torrential Bolt",61364
"Elemental Surge",61365
"Call Meteor",61366
"Call Meteor",61367
"Elemental Surge",61369
"Elemental Manipulation",61370
"Elemental Surge",61376
"Aqua Jet",61378
"Rush End",61382
"Aquatic Burst",61384
"Elemental Sweep",61387
"Voltaic Expulsion",61394
"Aquatic Burst",61396
"Elemental Whirl",61398
"Aqua Jet",61400
"Plea of Tides",61401
"Elemental Sweep",61407
"",61409
"Call Meteor",61411
"Tidal Barrier",61412
"",61414
"Elemental Surge",61417
"Torrential Bolt",61418
"Volatile Waters",61419
"Elemental Manipulation",61423
"",61425
"Aqua Jet",61428
"Aqua Jet",61429
"Elemental Manipulation",61431
"",61434
"",61436
"Call Meteor",61438
"Call Meteor",61439
"Hundred Blades",61440
"Elemental Sweep",61441
"Call Meteor",61442
"Firestorm",61445
"Elemental Whirl",61449
"Elemental Manipulation",61453
"Elemental Surge",61454
"Greatsword Swing",61455
"Elemental Whirl",61456
"Call Meteor",61457
"Elemental Whirl",61463
"Aqua Jet",61466
"Elemental Whirl",61469
"Volatile Wind",61470
"Empathic Manipulation",61480
"",61484
"Elemental Surge",61486
"Fulgor Sphere",61487
"",61489
"Fulgor Sphere",61491
"Roiling Flames",61495
"Tempest of Flame",61498
"Focused Wrath",61499
"Elemental Whirl",61500
"Aqua Jet",61504
"Elemental Surge",61505
"Elemental Sweep",61507
"Empathic Manipulation",61508
"Call Meteor",61510
"Tidal Bargain",61512
"Call Meteor",61513
"Elemental Manipulation",61519
"",61520
"Surge of Darkness",61525
"",61526
"Empathic Manipulation",61527
"Rush",61528
"Empathic Manipulation",61529
"Call Meteor",61530
"Elemental Manipulation",61533
"Elemental Manipulation",61534
"Aqua Jet",61539
"Aquatic Burst",61541
"Voltaic Expulsion",61542
"Volatile Fire",61548
"Call Meteor",61549
"Air Blast",61551
"Call Meteor",61554
"Rush",61555
"Elemental Manipulation",61556
"",61559
"Elemental Surge",61560
"Fulgor Sphere",61561
"",61562
"Fulgor Sphere",61565
"Elemental Sweep",61567
"Call Meteor",61569
"Elemental Whirl",61573
"Elemental Manipulation",61574
"Aquatic Burst",61576
"Call Meteor",61581
"Roiling Flames",61582
"Explosion",61587
"Elemental Sweep",61590
"Elemental Whirl",61591
"Lightning Strikes",61592
"Aqua Jet",61597
"Empathic Manipulation",61600
"Plea of Tides",61601
"Empathic Manipulation",61602
"Plea of Tides",61603
"Empathic Manipulation",61604
"Empathic Manipulation",61606
"",61609
"",61614
"Slash",61686
"Claw",61741
"Leap",61758
"Leap",61762
"Leap",61782
"Burster Explosion",61799
"Fire Breath",62027
"Giant Kick",62076
"Frost Blast",62123
"Cataclysm",62183
"Cataclysm",62216
"Cataclysm",62262
"Apocalypse Rain",62335
"Cataclysm",62338
"Cataclysm",62340
"Cataclysm",62358
"Deception",62454
"Flying Cutter",62510
"Vile Blast",62511
"Weeping Shots",62513
"Elixir of Bliss",62514
"Vicious Shot",62517
"Roiling Light",62521
"Twin Blade Restoration",62522
"Executioner's Calling",62525
"Willbender Flames",62528
"Elixir of Risk",62530
"Crashing Courage",62532
"Voracious Arc",62539
"Exit Harbinger Shroud",62540
"Heel Crack",62549
"Willbender Flames",62552
"Rain of Swords",62553
"Crashing Courage",62555
"Approaching Doom",62558
"Bladecall",62560
"Heaven's Palm",62561
"Vital Draw",62563
"Whirling Light",62565
"Harbinger Shroud",62567
"Blade Leap",62568
"Psychic Force",62573
"Bladesong Harmony",62586
"Crashing Courage",62596
"Bladeturn Requiem",62597
"Bladesong Dissonance",62602
"Flowing Resolve",62603
"Unstable Bladestorm",62607
"Flash Combo",62608
"Tainted Bolts",62611
"Bladesong Sorrow",62616
"Bladesong Harmony",62617
"Willbender Flames",62618
"Dark Barrage",62621
"Reversal of Fortune",62622
"Flowing Resolve",62635
"Elixir of Ignorance",62646
"Crashing Courage",62648
"Advancing Strike",62650
"Elixir of Ambition",62655
"Cascading Corruption",62660
"Elixir of Anguish",62662
"Elixir of Promise",62667
"Rushing Justice",62668
"Repose",62669
"Deathly Haste",62671
"Devouring Cut",62672
"Returning Edge",62675
"Quick Retribution",62676
"Selfless Spirit",62680
"Stonestrike",62683
"Urn of Saint Viktor",62687
"Mist Slash",62688
"Saint's Shield",62689
"Mist Unleashed",62692
"Death Drop",62693
"Water Rush",62694
"Gunstinger",62697
"Shattering Ice",62698
"Battle Dance",62702
"Call of the Alliance",62705
"Shock Blast",62716
"Selfish Spirit",62719
"Deploy Jade Sphere",62723
"Elemental Celerity",62725
"Alliance Tactics",62729
"Drop Urn of Saint Viktor",62738
"Unsheathe Gunsaber",62745
"Wind Slam",62747
"Legendary Alliance",62749
"Arcing Mists",62752
"Energy Meld",62757
"Flame Wheel",62758
"Ground Pound",62778
"Tree Song",62793
"Awakening",62796
"Dragon's Roar",62800
"Dragon Trigger",62803
"Electric Fence",62804
"Triple Sear",62807
"Hurricane of Pain",62812
"Deploy Jade Sphere",62813
"Fortified Earth",62826
"Soothing Water",62827
"True Strike",62828
"Nomad's Advance",62832
"Icy Coil",62834
"Deploy Jade Sphere",62837
"Water Sphere",62839
"Scavenger Burst",62841
"Air Sphere",62842
"Cleansing Typhoon",62843
"Unseen Sword",62847
"((996787))",62857
"Imperial Impact",62859
"Sheathe Gunsaber",62861
"Chilling Crack",62862
"Stream Strike",62865
"Grand Finale",62876
"Reaver's Rage",62878
"Earth Sphere",62881
"Surging Flames",62884
"Crescent Wind",62887
"Legendary Alliance Stance",62891
"Phantom's Onslaught",62895
"Tactical Reload",62901
"Molten End",62910
"Mist Swing",62913
"Imperial Guard",62921
"Singeing Strike",62925
"Eternity's Requiem",62929
"Deploy Jade Sphere",62940
"Tree Song",62941
"Spear of Archemorus",62942
"Wind Storm",62947
"Crashing Font",62948
"Fire Sphere",62949
"Rain of Blows",62958
"Dragonspike Mine",62960
"Scavenger Burst",62962
"Relentless Fire",62965
"Flow Stabilizer",62967
"Flow",62969
"Rocky Loop",62975
"Whirling Stones",62976
"Combat Stimulant",62978
"Invigorating Air",62982
"Immutable Stone",62992
"Rectifier Signet",63049
"Crash Down",63050
"Vicious Pike",63065
"Shadow Bolt",63066
"Siphon",63067
"Savage Shock Wave",63073
"Overbearing Smash",63075
"Mace Smash",63077
"Recall Mech",63089
"Enveloping Haze",63094
"Overclock Signet",63095
"Grasping Shadows",63107
"Shift Signet",63111
"Superconducting Signet",63113
"Hammer Strike",63118
"Jade Mortar",63121
"Endless Night",63128
"Sundering Volley",63129
"Nature's Binding",63130
"Unleashed Savage Shock Wave",63131
"Triple Bolt",63134
"Barrier Burst",63141
"Unleash Ranger",63147
"Triple Threat",63154
"Enter Shadow Shroud",63155
"Exploding Spores",63157
"Eternal Night",63160
"Forest's Fortification",63163
"Grasping Shadows",63167
"Energizing Slam",63169
"Aerial Support",63172
"Barrier Blast",63174
"Double Bolt",63182
"Rocket Punch",63185
"Mace Strike",63186
"Spark Revolver",63188
"Unnatural Traversal",63195
"Unleashed Overbearing Smash",63197
"Unleashed Thump",63208
"Venomous Outburst",63209
"Mech Support: Depth Charges",63210
"Dawn's Repose",63220
"Hammer Slam",63222
"Multishot",63225
"Dawn's Repose",63227
"Well of Silence",63230
"Rocket Fist Prototype",63234
"Sky Circus",63236
"Mind Shock",63249
"Exit Shadow Shroud",63251
"Force Signet",63253
"Twilight Combo",63254
"Mutate Conditions",63256
"Rending Vines",63258
"Barrier Signet",63262
"Measured Shot",63267
"Shadowfall",63275
"Well of Sorrow",63276
"Well of Gloom",63292
"Crisis Zone",63293
"Well of Tears",63294
"Jagged Fan",63301
"Shadowsquall",63314
"Perilous Gift",63319
"Well of Bounty",63323
"Toxic Shot",63326
"Thump",63330
"Rolling Smash",63334
"Unleashed Wild Swing",63335
"Deft Strike",63336
"Heavy Smash",63337
"Unleash Pet",63344
"Core Reactor Shot",63345
"Savage Slash",63350
"Shadow Sap",63351
"Haunt Shot",63362
"Explosive Knuckle",63365
"Wild Swing",63366
"Discharge Array",63367
"Jade Buster Cannon",63374
"Deploy Jade Sphere",63396
"Deploy Jade Sphere",63416
"Relentless Whirl",63438
"Deploy Jade Sphere",63439
"Voracious Dive",63448
"Deploy Jade Sphere",63454
"Deploy Jade Sphere",63458
"Deploy Jade Sphere",63459
"Deploy Jade Sphere",63461
"Deploy Jade Sphere",63472
"Fall of the Axe",63503
"Stormfall",63607
"Jade Ricochet",63654
"Gale Breath",63716
"Rain of Blades",63739
"Missed Stroke",63788
"Wisp of Will",63802
"Storm of Swords",63838
"Explosive Thrust",63841
"Discarded Grasp",63984
"Jade Buster Cannon",64016
"Wicked Bite",64038
"Heaven's Palm",64039
"Destructive Aura",64042
"Ley Breach",64044
"Reckless Leap",64080
"Fire Dance",64104
"Jade Ricochet",64153
"Mist Meteorite",64214
"Jade Ricochet",64217
"Embalming Barrage",64236
"Consuming Hatred",64239
"Seismic Stomp",64266
"Targeted Expulsion",64277
"Jade Lob",64282
"Barrage",64338
"Heaven's Palm",64409
"Jade Mine",64435
"Hallucinating Shot",64514
"Explosion",64522
"Cyclone",64566
"Jade Ricochet",64602
"Dragon Slash—Rush",64619
"Mists Projection",64652
"Burster Explosion",64659
"Painterly Stance",64664
"Wave of Torment",64669
"Jade Cannon",64699
"Toxic Orb",64718
"Storm of Swords",64738
"Artillery Slash",64766
"Undead Plague",64882
"Fissure of Torment",64895
"Toxic Bullet",64914
"Explosive Uppercut",64920
"Dragon Slash—Burst",64940
"Dragon Slash—Wave",64952
"Flanking Strike",64965
"Stone Sweep",64997
"Booming Command",65023
"Tormenting Wave",65031
"Guardian's Roar",65109
"Heaven's Palm",65145
"Electric Blast",65157
"Rescue Protocol",65179
"Wisp of Will",65193
"Flanking Shot",65205
"Rushing Justice",65206
"Booming Command",65243
"Jade Lob",65249
"Spiritual Lightning",65294
"Soul Feast",65301
"Call Meteor",65338
"Dragon Slash—Burst",65378
"Hunker Down",65418
"Enhanced Destructive Aura",65423
"Enhanced Destructive Aura",65432
"Unrelenting Assault",65461
"Spotter's Shot",65528
"Electric Rain",65535
"Ember Sweep",65538
"Storm of Swords",65569
"Rushing Justice",65574
"Rushing Justice",65608
"Steel Divide",65618
"Reckless Leap",65655
"Stormfall",65674
"Targeted Expulsion",65680
"Wing Buffet",65681
"Arcing Jade",65696
"Blinding Retreat",65712
"Nightmare Fusillade",65749
"Flurry",65805
"Destructive Aura",65815
"Blade Thrust",65861
"Booming Command",65949
"Throat Slash",65980
"Shared Destruction",65995
"Booming Command",66021
"Targeted Expulsion",66025
"Nightmare Fusillade",66089
"Dragon Slash—Rush",66090
"Terrifying Apparition",66156
"Fall of the Axe",66187
"Inevitability of Death",66198
"Grasping Horror",66246
"Shatter Earth",66256
"Snap",66258
"Soul Feast",66266
"Leap",66386
"Dragon Slash—Wave",66436
"Dragon Slash—Burst",66465
"Fractured Brand",66472
"Swift Cut",66473
"Shock Wave",66505
"Shared Destruction",66538
"Death's Hand",66564
"Kaleidoscopic Chaos",66568
"Bloodthirsty Charge",66622
"Hallucinating Shot",66626
"",66675
"Pulverize",66760
"Vampiric Bite",66780
"Wall of Fear",66824
"Storm of Swords",66840
"Heartpiercer",66896
"Ember Sweep",66912
"Call Meteor",66952
"Slash",66960
"Targeted Expulsion",67070
"Shatter Earth",67104
"Death's Embrace",67160
"Toxic Bullet",67163
"Stone Sweep",67244
"Focused Destruction",67295
"Volatile Expulsion",67327
"Volatile Expulsion",67362
"Phase Pounce",67382
"Targeted Expulsion",67401
"Spiritual Lightning",67408
"Targeted Expulsion",67422
"Slice",67438
"Embalming Shot",67443
"Rushing Justice",67455
"Jade Laser Shot",67480
"Crippling Strike",67500
"Storm of Swords",67541
"Chaos and Destruction",67605
"Jade Ricochet",67611
"Jade Laser Shot",67691
"Stone Sweep",67702
"Jade Ricochet",67715
"",67791
"Toxic Bullet",67822
"Dragon Slash—Rush",67824
"Dragon Slash—Wave",67825
"Ley Breach",67832
"Wave of Torment",67839
"Explosive Uppercut",67849
"Imminent Death",67859
"Tormenting Wave",67866
"Dragon Slash—Rush",67943
"Focused Destruction",67954
"Targeted Expulsion",67982
"Jade Buster Cannon",67991
"Volatile Expulsion",67999
"Electric Rain",68006
"Fall of the Axe",68015
"Storm of Swords",68016
"Shared Destruction",68018
"Fall of the Axe",68023
"Rushing Justice",68028
"Spiritual Lightning",68034
"Jade Mine",68036
"Volatile Expulsion",68041
"Storm of Swords",68042
"Storm of Swords",68045
"Storm of Swords",68055
"Void Discharge",68071
"Elixir of Ignorance",68075
"Rifle Burst Grenade",68079
"Elixir of Promise",68081
"Overcharged Cartridges",68085
"Elixir of Ambition",68090
"Elixir of Risk",68105
"Elixir of Anguish",68113
"Detonate Cartridges",68128
"Elixir of Bliss",68132
"Bladesong Distortion",68273
"Defense Field",68280
"Toxic Slice",68308
"Exhaust Plume",68316
"Tri-Bolt",68318
"",68326
"Volatile Static",68327
"Dual Horizon",68336
"Noxious Vapor Blade",68346
"Volatile Static",68349
"Gravitational Wave",68352
"Gravitational Wave",68354
"Tribocharge",68362
"Crackling Wind",68372
"Noxious Return",68382
"Volatile Static",68387
"Thundering Ultimatum",68393
"Mass Driver",68402
"Noxious Vapor Blade",68414
"Gravity Hammer",68415
"Rupture",68420
"Noxious Return",68425
"Volatile Static",68429
"Dual Horizon",68435
"Crackling Wind",68474
"Boiling Aether",68483
"Boiling Aether",68493
"Tri-Bolt",68494
"Pernicious Vortex",68505
"Crackling Wind",68510
"Dysapoptosis",68514
"Volatile Static",68515
"Volatile Static",68526
"Spaghettification",68530
"Tribocharge",68532
"Broadside",68533
"Pernicious Vortex",68539
"Rupture",68540
"Boiling Aether",68543
"Relapse",68544
"Gravity Hammer",68556
"Boiling Aether",68580
"Sniper's Cover",68600
"Tome of Courage",68646
"Tome of Justice",68647
"Tome of Resolve",68648
"Tome of Resolve",68649
"Tome of Courage",68650
"Renewed Focus",68666
"\"Feel My Wrath!\"",68670
"Signet of Courage",68676
"Dragon's Maw",68686
"Slash",68714
"Energy Torrent",68756
"Corrupted Siphon",68807
"Engulfing Darkness",68809
"Engulfing Darkness",68865
"Mark of Anguish",68874
"Light Pool",68940
"Energy Torrent",68942
"Engulfing Darkness",68948
"Haze Discharge",68950
"Ambush",68954
"Engulfing Darkness",68958
"Earth Render",69001
"Shadow Gouge",69054
"Sky Render",69065
"",69149
"Dual Orbits: Fire and Earth",69164
"Wild Swing",69167
"Solar Brilliance",69169
"Malicious Shadowsquall",69173
"Solar Brilliance",69175
"Lesser \"Guard!\"",69183
"Dual Orbits: Fire and Water",69184
"",69185
"Pounce",69203
"Dual Orbits: Water and Air",69211
"Thump",69212
"Neurotoxin Burst",69223
"Dread Visage",69240
"Water Spirit",69244
"Breaching Strike",69245
"Dual Orbits: Air and Earth",69246
"Malicious Hook Strike",69250
"Overbearing Smash",69262
"Slicing Maelstrom",69290
"Breaching Strike",69297
"Spirit of Nature",69300
"Life Siphon",69302
"Bladecall",69311
"Death's Judgment",69316
"Savage Shock Wave",69340
"Dual Orbits: Fire and Air",69341
"Dread Visage",69343
"Lingering Thoughts",69344
"Sun Spirit",69349
"Storm Spirit",69351
"Frightening Speed",69356
"Stone Spirit",69378
"Frost Spirit",69379
"Axes of Symmetry",69385
"Phantom Razor",69389
"Breaching Strike",69392
"Dual Orbits: Water and Earth",69413
"",69418
"World Cleaver",69419
"Breaching Strike",69433
"",69475