"Chainmail Leggings",1
"Chainmail Chestpiece",2
"Apprentice Pants",3
"Apprentice Coat",4
"Rawhide Leggings",5
"Rawhide Vest",6
"Scallywag Legs",7
"Scallywag Chest",8
"Seer Coat",9
"Seer Pants",10
"Sneakthief Leggings",11
"Sneakthief Coat",12
"Country Coat",13
"Worn Chain Legs",14
"Apprentice Shoes",16
"Studded Coat",17
"Country Pants",18
"Rawhide Boots",19
"Chainmail Gauntlets",20
"Worn Chain Coat",21
"Studded Pants",22
"Worn Scale Legs",23
"Worn Scale Coat",24
"Apprentice Gloves",25
"Chainmail Shoulders",26
"Scallywag Greaves",27
"Swindler Pants",28
"Apprentice Shoulders",29
"Seer Boots",30
"Swindler Coat",31
"Rawhide Bracers",32
"Scallywag Gauntlets",33
"Magician Legs",34
"Sneakthief Sandals",35
"Rawhide Shoulders",36
"Magician Coat",37
"Scallywag Pauldrons",38
"Seer Gloves",39
"Worn Chain Greaves",40
"Reinforced Scale Legs",41
"Reinforced Scale Coat",42
"Sneakthief Gloves",43
"Privateer Pants",44
"Seer Mantle",45
"Privateer Coat",46
"Sneakthief Shoulderguards",47
"Studded Boots",48
"Cabalist Legs",49
"Worn Chain Gauntlets",50
"Cabalist Coat",51
"Worn Chain Pauldrons",52
"Country Boots",53
"Banded Coat",54
"Banded Legs",55
"Country Gloves",56
"Rogue Pants",57
"Rogue Coat",58
"Studded Gloves",59
"Swindler Pauldrons",60
"Conjurer Pants",62
"Conjurer Chest",63
"Country Mantle",64
"Worn Scale Boots",65
"Worn Scale Pauldrons",66
"Swindler Boots",67
"Worn Scale Gauntlets",68
"Magician Boots",69
"Magician Mantle",70
"Swindler Gloves",71
"Reinforced Scale Pauldrons",72
"Magician Gloves",73
"Reinforced Scale Boots",74
"Privateer Boots",75
"Privateer Shoulders",76
"Reinforced Scale Gauntlets",77
"Cabalist Boots",78
"Cabalist Shoulders",79
"Privateer Gloves",80
"Chainmail Helm",81
"Cabalist Gloves",82
"Banded Pauldrons",83
"Banded Greaves",84
"Apprentice Band",85
"Rogue Pauldrons",86
"Banded Gauntlets",87
"Conjurer Shoes",88
"Rawhide Mask",89
"Conjurer Mantle",90
"Rogue Gloves",91
"Scallywag Helm",92
"Conjurer Gloves",93
"Seer Mask",94
"Sneakthief Mask",95
"Worn Chain Helm",96
"Swindler Mask",97
"Country Mask",98
"Worn Scale Helm",99
"Magician Mask",100
"Reinforced Scale Helm",101
"Privateer Hat",102
"Cabalist Hood",103
"Banded Helm",104
"Marauder Mask",105
"Conjurer Mask",106
"Illustrious Breastplate",107
"Illustrious Tassets",108
"Illustrious Doublet",109
"Illustrious Breeches",110
"Illustrious Guise",111
"Illustrious Leggings",112
"Illustrious Pauldrons",113
"Illustrious Greaves",114
"Illustrious Footwear",115
"Illustrious Warfists",116
"Illustrious Striders",117
"Illustrious Wristguards",118
"Illustrious Epaulets",119
"Illustrious Grips",120
"Illustrious Shoulderguard",121
"Illustrious Visor",122
"Illustrious Masque",123
"Illustrious Visage",124
"Splint Coat",125
"Splint Legs",126
"Tempered Scale Chestplate",129
"Tempered Scale Legs",130
"Draconic Coat",131
"Draconic Legs",132
"Splint Pauldrons",133
"Splint Greaves",134
"Tempered Scale Pauldrons",137
"Draconic Pauldrons",138
"Tempered Scale Greaves",139
"Draconic Boots",140
"Embroidered Coat",141
"Embroidered Pants",142
"Student Coat",143
"Splint Helm",144
"Student Leggings",145
"Acolyte Coat",146
"Acolyte Pants",147
"Tempered Scale Helm",149
"Feathered Pants",150
"Feathered Vestments",151
"Draconic Helm",152
"Embroidered Mantle",153
"Student Mantle",154
"Embroidered Sandals",155
"Student Shoes",156
"Acolyte Mantle",157
"Winged Tunic",158
"Winged Pants",159
"Acolyte Boots",160
"Exalted Coat",161
"Exalted Pants",162
"Feathered Mantle",163
"Feathered Boots",164
"Embroidered Wristguards",165
"Student Gloves",166
"Winged Mantle",167
"Winged Boots",168
"Exalted Mantle",169
"Embroidered Mask",170
"Student Circlet",171
"Exalted Boots",172
"Acolyte Mask",173
"Feathered Gloves",174
"Leather Pants",175
"Leather Coat",176
"Feathered Headpiece",177
"Exalted Gloves",178
"Rascal Coat",179
"Rascal Pants",180
"Winged Headpiece",183
"Leather Shoulders",184
"Exalted Masque",185
"Leather Shoes",186
"Emblazoned Pants",187
"Emblazoned Coat",188
"Prowler Coat",189
"Prowler Pants",190
"Rascal Shoulders",191
"Rascal Boots",193
"Emblazoned Shoulders",195
"Prowler Shoulders",196
"Barbaric Legplates",197
"Emblazoned Boots",198
"Barbaric Coat",199
"Prowler Boots",201
"Leather Mask",202
"Rascal Mask",203
"Emblazoned Gloves",204
"Barbaric Pauldrons",206
"Chain Legs",207
"Scale Legs",208
"Chain Coat",209
"Scale Coat",210
"Gladiator Legplates",211
"Gladiator Chestplate",212
"Masquerade Leggings",213
"Emblazoned Helm",214
"Seeker Pants",215
"Prowler Helm",216
"Masquerade Raiments",217
"Outlaw Pants",218
"Seeker Coat",219
"Outlaw Coat",220
"Noble Pants",221
"Noble Coat",222
"Chain Pauldrons",223
"Scale Pauldrons",224
"Chain Boots",225
"Gladiator Pauldrons",226
"Scale Boots",227
"Masquerade Mantle",228
"Gladiator Boots",229
"Seeker Shoulders",230
"Outlaw Shoulders",231
"Barbaric Boots",232
"Noble Shoulders",233
"Masquerade Boots",234
"Barbaric Helm",235
"Seeker Boots",236
"Outlaw Boots",237
"Noble Boots",238
"Chain Gauntlets",239
"Scale Gauntlets",240
"Gladiator Gauntlets",241
"Splint Gauntlets",242
"Tempered Scale Gauntlets",244
"Barbaric Gloves",245
"Draconic Gauntlets",246
"Masquerade Gloves",247
"Winged Gloves",248
"Acolyte Gloves",249
"Seeker Gloves",250
"Outlaw Gloves",251
"Noble Gloves",252
"Leather Gloves",253
"Rascal Gloves",254
"Masquerade Mask",255
"Prowler Gloves",256
"Chain Helm",257
"Scale Helm",258
"Gladiator Helm",259
"Seeker Mask",260
"Outlaw Mask",261
"Noble Mask",262
"Adept Helm",263
"Galvanic Epaulets",264
"Protean Helm",265
"Protean Epaulets",266
"Galvanic Helm",267
"Adept Leggings",268
"Adept Epaulets",269
"Adept Gloves",270
"Auxiliary Powered Epaulets",271
"Protean Gloves",272
"Adept Coat",273
"Protean Leggings",274
"Genius Helm",275
"Protean Coat",276
"Galvanic Leggings",277
"Auxiliary Powered Helm",278
"Electroplated Epaulets",279
"Galvanic Gloves",280
"Galvanic Coat",281
"Genius Epaulets",282
"Genius Leggings",283
"Electroplated Helm",284
"Genius Gloves",285
"Genius Coat",286
"Auxiliary Powered Leggings",287
"Auxiliary Powered Gloves",288
"Adept Boots",289
"Prototype Epaulets",290
"Savant Helm",291
"Protean Boots",292
"Electroplated Gloves",293
"Electromagnetic Epaulets",294
"Electroplated Leggings",295
"Auxiliary Powered Coat",296
"Prototype Helm",297
"Savant Epaulets",298
"Electromagnetic Helm",299
"Savant Leggings",300
"Electroplated Coat",301
"Savant Gloves",302
"Galvanic Boots",303
"Auxiliary Powered Boots",304
"Savant Coat",305
"Prototype Gloves",306
"Prototype Leggings",307
"Prototype Coat",308
"Electromagnetic Gloves",309
"Electroplated Boots",310
"Electromagnetic Leggings",311
"Genius Boots",312
"Electromagnetic Coat",313
"Savant Boots",314
"Prototype Boots",315
"Electromagnetic Boots",316
"Warband Visor",317
"Warband Spaulders",318
"Drover Helm",319
"Drover Shoulders",320
"Invoker's Shoulders",321
"Warband Tassets",322
"Invoker's Helm",323
"Warband Fists",324
"Drover Leggings",325
"Wrangler Shoulders",326
"Archon Helm",327
"Warband Hauberk",328
"Drover Gloves",329
"Archon Shoulders",330
"Wrangler Helm",331
"Invoker's Gloves",332
"Drover Coat",333
"Invoker's Leggings",334
"Legion Spaulders",335
"Legion Visor",336
"Invoker's Coat",337
"Archon Gloves",338
"Archon Leggings",339
"Magus Shroud",340
"Wrangler Leggings",341
"Warband Boots",342
"Dreadnought Spaulders",343
"Archon Coat",344
"Wrangler Gloves",345
"Legion Tassets",346
"Magus Shoulders",347
"Legion Fists",348
"Trapper Helm",349
"Drover Boots",350
"Wrangler Coat",351
"Invoker's Boots",352
"Legion Hauberk",353
"Dreadnought Fists",354
"Trapper Shoulders",355
"Dreadnought Tassets",356
"Dreadnought Visor",357
"Archon Boots",358
"Dreadnought Hauberk",359
"Magus Gloves",360
"Magus Leggings",361
"Wrangler Boots",362
"Trapper Gloves",363
"Magus Coat",364
"Trapper Leggings",365
"Trapper Coat",366
"Legion Boots",367
"Dreadnought Warboots",368
"Magus Boots",369
"Trapper Boots",370
"Commander's Helm",371
"Commander's Shoulderplates",372
"Researcher's Masque",373
"Researcher's Epaulets",374
"Scout's Shoulderpads",375
"Commander's Gauntlets",376
"Commander's Chausses",377
"Scout's Mask",378
"Avenger's Shoulderplates",379
"Researcher's Pants",380
"Commander's Armor",381
"Avenger's Helm",382
"Researcher's Livery",383
"Scout's Gloves",384
"Falconer's Shoulderpads",385
"Scout's Leggings",386
"Researcher's Coat",387
"Falconer's Mask",388
"Avenger's Chausses",389
"Aristocrat's Epaulets",390
"Aristocrat's Masque",391
"Scout's Coat",392
"Avenger's Gauntlets",393
"Commander's Footgear",394
"Protector's Shoulderplates",395
"Avenger's Armor",396
"Falconer's Gloves",397
"Falconer's Leggings",398
"Protector's Helm",399
"Aristocrat's Livery",400
"Sorcerer's Epaulets",401
"Sorcerer's Masque",402
"Falconer's Coat",403
"Researcher's Shoes",404
"Aristocrat's Pants",405
"Aristocrat's Coat",406
"Assassin's Mask",407
"Assassin's Shoulderpads",408
"Scout's Boots",409
"Protector's Chausses",410
"Protector's Gauntlets",411
"Protector's Armor",412
"Sorcerer's Livery",413
"Sorcerer's Pants",414
"Avenger's Footgear",415
"Falconer's Boots",416
"Assassin's Leggings",417
"Sorcerer's Coat",418
"Assassin's Gloves",419
"Aristocrat's Shoes",420
"Assassin's Coat",421
"Protector's Footgear",422
"Sorcerer's Shoes",423
"Assassin's Boots",424
"Wolfborn Shoulderpad",425
"Wolfborn Mask",426
"Sheepskin Mantle",427
"Sheepskin Circlet",428
"Dolyak Spaulders",429
"Dolyak Hounskull",430
"Wolfborn Bracers",431
"Wolfborn Leggings",432
"Sheepskin Leggings",433
"Eagle Hounskull",434
"Sheepskin Gloves",435
"Eagle Spaulders",436
"Wolfborn Vest",437
"Sheepskin Doublet",438
"Havroun Mantle",439
"Dolyak Gauntlets",440
"Havroun Circlet",441
"Dolyak Chausses",442
"Predatory Shoulderpad",443
"Eagle Gauntlets",444
"Dolyak Mail",445
"Eagle Chausses",446
"Predatory Mask",447
"Eagle Mail",448
"Havroun Gloves",449
"Havroun Leggings",450
"Wolf Mask",451
"Wolfborn Boots",452
"Wolf Shoulderpad",453
"Sheepskin Shoes",454
"Predatory Leggings",455
"Havroun Doublet",456
"Predatory Bracers",457
"Lupine Mantle",458
"Lupine Circlet",459
"Predatory Vest",460
"Stag Hounskull",461
"Dolyak Greaves",462
"Wolf Bracers",463
"Wolf Leggings",464
"Stag Spaulders",465
"Lupine Leggings",466
"Eagle Greaves",467
"Lupine Gloves",468
"Wolf Vest",469
"Stag Chausses",470
"Stag Gauntlets",471
"Lupine Doublet",472
"Havroun Shoes",473
"Stag Mail",474
"Predatory Boots",475
"Wolf Boots",476
"Lupine Shoes",477
"Stag Greaves",478
"Arborist Shoulderguards",479
"Snapdragon Helm",480
"Evergreen Helm",481
"Evergreen Shoulderguards",482
"Arborist Helm",483
"Snapdragon Leggings",484
"Snapdragon Epaulets",485
"Snapdragon Gloves",486
"Nightshade Shoulderguards",487
"Evergreen Leggings",488
"Orchid Helm",489
"Snapdragon Coat",490
"Evergreen Gloves",491
"Warden Shoulderguards",492
"Evergreen Coat",493
"Arborist Gloves",494
"Nightshade Helm",495
"Arborist Leggings",496
"Orchid Gloves",497
"Warden Helm",498
"Orchid Leggings",499
"Arborist Coat",500
"Orchid Epaulets",501
"Orchid Coat",502
"Nightshade Leggings",503
"Firstborn Shoulderguards",504
"Snapdragon Boots",505
"Nightshade Gloves",506
"Dryad Helm",507
"Nightshade Coat",508
"Warden Gloves",509
"Evergreen Boots",510
"Oaken Shoulderguards",511
"Warden Leggings",512
"Firstborn Helm",513
"Oaken Helm",514
"Dryad Leggings",515
"Dryad Gloves",516
"Warden Coat",517
"Dryad Epaulets",518
"Arborist Boots",519
"Dryad Coat",520
"Nightshade Boots",521
"Firstborn Leggings",522
"Firstborn Gloves",523
"Oaken Leggings",524
"Firstborn Coat",525
"Oaken Gloves",526
"Warden Boots",527
"Orchid Boots",528
"Oaken Coat",529
"Dryad Boots",530
"Firstborn Boots",531
"Oaken Boots",532
"Ascalonian Sentry Chestguard",611
"Ascalonian Sentry Leggings",612
"Ascalonian Performer Vestments",613
"Ascalonian Performer Pants",614
"Ascalonian Protector Breastplate",615
"Ascalonian Protector Legguards",616
"Ascalonian Sentry Shoulderguards",617
"Ascalonian Sentry Boots",618
"Ascalonian Performer Mantle",619
"Ascalonian Performer Shoes",620
"Ascalonian Protector Pauldrons",621
"Ascalonian Protector Greaves",622
"Ascalonian Sentry Hat",623
"Ascalonian Performer Mask",624
"Ascalonian Protector Helm",625
"Ascalonian Sentry Gloves",626
"Ascalonian Performer Gloves",627
"Ascalonian Protector Gauntlets",628
"Grasping Dead Legguards",629
"Grasping Dead Breastplate",630
"Grasping Dead Pauldrons",631
"Grasping Dead Greaves",632
"Grasping Dead Visage",633
"Vestments of the Lich",634
"Trappings of the Lich",635
"Mantle of the Lich",636
"Walkers of the Lich",637
"Wrappings of the Lich",638
"Gaze of the Lich",639
"Accursed Leggings",640
"Accursed Guise",641
"Accursed Shoulders",642
"Accursed Treads",643
"Accursed Visage",644
"Accursed Vambraces",645
"Grasping Dead Gauntlets",646
"Council Guard Breastplate",647
"Council Guard Legguards",648
"Council Guard Pauldrons",649
"Council Guard Greaves",650
"Council Guard Helm",651
"Council Watch Leggings",652
"Council Watch Chestguard",653
"Council Ministry Vestments",654
"Council Ministry Hose",655
"Council Watch Shoulderguards",656
"Council Ministry Mantle",657
"Council Watch Boots",658
"Council Ministry Shoes",659
"Council Watch Faceguard",660
"Council Ministry Circlet",661
"Council Watch Gloves",662
"Council Ministry Gloves",663
"Council Guard Gauntlets",664
"Forgeman Breastplate",665
"Forgeman Tassets",666
"Forgeman Pauldrons",667
"Forgeman Greaves",668
"Forgeman Helmet",669
"Forgeman Raiment",670
"Forgeman Leggings",671
"Forgeman Mantle",672
"Forgeman Shoes",673
"Forgeman Mask",674
"Forgeman Wristguards",675
"Forgeman Jacket",676
"Forgeman Breeches",677
"Forgeman Boots",678
"Forgeman Shoulders",679
"Forgeman Headguard",680
"",681
"Forgeman Gloves",682
"Forgeman Gauntlets",683
"Nightmare Court Robes",684
"Nightmare Court Sarong",685
"Nightmare Court Mantle",686
"Nightmare Court Footwraps",687
"Nightmare Court Regalia",688
"Nightmare Court Gloves",689
"Nightmare Court Guise",690
"Nightmare Court Leggings",691
"Nightmare Court Collar",692
"Nightmare Court Boots",693
"Nightmare Court Breastplate",694
"Nightmare Court Legguards",695
"Nightmare Court Pauldrons",696
"Nightmare Court Greaves",697
"Nightmare Court Helmet",698
"Nightmare Court Armguards",699
"Nightmare Court Gauntlets",700
"Nightmare Court Faceguard",701
"Stride of Koda",702
"Heart of Koda",703
"Soul of Koda",704
"Way of Koda",705
"Brawn of Koda",706
"Body of Koda",707
"Duty of Koda",708
"Mantle of Koda",709
"Burden of Koda",710
"Tracks of Koda",711
"Path of Koda",712
"Paws of Koda",713
"Visage of Koda",714
"Mind of Koda",715
"Head of Koda",716
"Force of Koda",717
"Arms of Koda",718
"Claws of Koda",719
"Flame Legion Legguards",720
"Flame Legion Breastplate",721
"Flame Legion Pauldrons",722
"Flame Legion Greaves",723
"Flame Legion Helm",724
"Flame Legion Pants",725
"Flame Legion Vestments",726
"Flame Legion Epaulets",727
"Flame Legion Shoes",728
"Flame Legion Wraps",729
"Flame Legion Mask",730
"Flame Legion Leggings",731
"Flame Legion Coat",732
"Flame Legion Shoulders",733
"Flame Legion Boots",734
"Flame Legion Helm",735
"Flame Legion Gloves",736
"Flame Legion Gauntlets",737
"Inquest Breastplate",738
"Inquest Legguards",739
"Inquest Pauldrons",740
"Inquest Greaves",741
"Inquest Helm",742
"Inquest Guise",743
"Inquest Leggings",744
"Inquest Shoulders",745
"Inquest Boots",746
"Inquest Hood",747
"Inquest Breeches",748
"Inquest Vest",749
"Inquest Mantle",750
"Inquest Shoes",751
"Inquest Circlets",752
"Inquest Bracers",753
"Inquest Wraps",754
"Inquest Gauntlets",755
"Radiant Mantle",756
"Radiant Greaves",757
"Radiant Warhelm",758
"Radiant Vambraces",759
"Radiant Greaves",760
"Radiant Vambraces",761
"Radiant Warhelm",762
"Radiant Mantle",763
"Radiant Greaves",764
"Radiant Warhelm",765
"Radiant Vambraces",766
"Radiant Mantle",767
"Hellfire Mantle",768
"Hellfire Greaves",769
"Hellfire Warhelm",770
"Hellfire Vambraces",771
"Hellfire Vambraces",772
"Hellfire Warhelm",773
"Hellfire Greaves",774
"Hellfire Mantle",775
"Hellfire Warhelm",776
"Hellfire Greaves",777
"Hellfire Vambraces",778
"Hellfire Mantle",779
"Scarlet's Grasp",790
"Scarlet's Grasp",792
"Scarlet's Grasp",793
"Guild Archmage Robes",794
"Guild Watchman Chestguard",795
"Heritage Legguards",796
"Heritage Legplates",797
"Heritage Pants",798
"Heritage Boots",799
"Fire God's Medium Vambraces",800
"Heritage Warboots",801
"Fire God's Heavy Vambraces",802
"Heritage Shoes",803
"Fire God's Light Vambraces",804
"Heritage Shoulderpads",805
"Heritage Jerkin",806
"Heritage Warplate",807
"Heritage Pauldrons",808
"Heritage Greatcoat",809
"Heritage Mantle",810
"Heritage Armguards",811
"Heritage Gauntlets",812
"Heritage Gloves",813
"Heavenly Light Bracers",814
"Heavenly Heavy Bracers",815
"Heavenly Medium Bracers",816
"Heritage Bandana",817
"Heritage Warhelm",818
"Heritage Masque",819
"Heavy Baroque Mask",820
"Light Baroque Mask",821
"Medium Baroque Mask",822
"Icelord's Heavy Diadem",823
"Icelord's Light Diadem",824
"Icelord's Medium Diadem",825
"Glowing Crimson Mask",826
"Scarlet's Veil",827
"Scarlet's Veil",830
"Glowing Crimson Mask",831
"Glowing Crimson Mask",832
"Magnus's Left Eye Patch",833
"Scarlet's Veil",838
"Magnus's Left Eye Patch",839
"Magnus's Right Eye Patch",840
"Magnus's Left Eye Patch",841
"Magnus's Right Eye Patch",842
"Magnus's Right Eye Patch",843
"Metal Aquabreather",854
"Cloth Aquabreather",855
"Leather Aquabreather",856
"Black Earth Aquabreather",857
"Black Earth Aquabreather",858
"Black Earth Aquabreather",859
"Militia Leggings",860
"Militia Breastplate",861
"Devout Leggings",862
"Devout Garb",863
"Heavy Plate Chestguard",864
"Heavy Plate Legguards",865
"Stately Garb",866
"Heavy Plate Greaves",867
"Stately Leggings",868
"Militia Helm",869
"Pit Fighter Chestguard",870
"Militia Pauldrons",871
"Militia Boots",872
"Duelist Pants",873
"Devout Shoes",874
"Devout Helm",875
"Devout Mantle",876
"Pit Fighter Skirt",877
"Dry Bones Garb",878
"Duelist Coat",879
"Dry Bones Leggings",882
"Militia Gauntlets",883
"Heavy Plate Pauldrons",884
"Stately Footwear",885
"Dark Templar Breastplate",886
"Duelist Boots",887
"Stately Epaulets",888
"Rogue Boots",890
"Devout Gloves",891
"Heavy Plate Helm",892
"Stately Circlet",894
"Dark Templar Tassets",895
"Heavy Plate Gauntlets",896
"Pit Fighter Shoulderguard",897
"Primitive Chestwraps",898
"Pit Fighter Greaves",899
"Buccaneer Coat",900
"Dry Bones Mantle",901
"Stately Gloves",902
"Primitive Legwraps",903
"Dry Bones Shoes",904
"Pit Fighter Helm",905
"Buccaneer Leggings",906
"Dry Bones Hood",907
"Duelist Gloves",908
"Duelist Pauldrons",909
"Dark Templar Pauldrons",911
"Dark Templar Greaves",912
"Duelist Mask",914
"Pit Fighter Wristguards",915
"Primitive Footwraps",916
"Studded Plate Armor",917
"Dry Bones Gloves",918
"Dark Templar Helm",919
"Primitive Mantle",921
"Buccaneer Shoulders",922
"Buccaneer Boots",923
"Stalker Coat",925
"Stalker Pants",926
"Stalker Visage",927
"Studded Plate Leggings",928
"Dark Templar Gauntlets",929
"Primitive Handwraps",930
"Studded Plate Greaves",932
"Buccaneer Gloves",935
"Studded Plate Pauldrons",936
"Stalker Shoulderguards",937
"Stalker Boots",938
"Rogue Mask",941
"Studded Plate Helm",942
"Studded Plate Gauntlets",943
"Stalker Gloves",945
"Rubicon Coat",946
"Rubicon Leggings",947
"Rubicon Boots",948
"Rubicon Shoulderpads",949
"Rubicon Hat",950
"Rubicon Gloves",951
"Armageddon Breastplate",952
"Armageddon Leggings",953
"Aurora Garb",954
"Aurora Leggings",955
"Armageddon Pauldrons",956
"Armageddon Greaves",957
"Aurora Mantle",958
"Armageddon Gauntlets",959
"Aurora Shoes",960
"Aurora Gloves",961
"Armageddon Helm",962
"Aurora Helm",963
"Fuzzy Quaggan Hat",966
"Inventor's Sunglasses",967
"Fuzzy Leopard Hat",968
"Fuzzy Leopard Hat",969
"Fuzzy Leopard Hat",970
"Inventor's Sunglasses",971
"Fuzzy Hylek Hat",972
"Fuzzy Hylek Hat",973
"Fuzzy Hylek Hat",974
"Festive Hat",975
"Fuzzy Cat Hat",976
"Fuzzy Cat Hat",977
"Fuzzy Cat Hat",978
"Witch's Hat",979
"Witch's Hat",980
"Witch's Hat",981
"Wide-Rim Glasses",982
"Bunny Ears",983
"Bunny Ears",984
"Bunny Ears",985
"Wide-Rim Glasses",986
"Wide-Rim Glasses",987
"Wintersday Earmuffs",988
"Sport Sunglasses",989
"Sport Sunglasses",990
"Sport Sunglasses",991
"Aviator Sunglasses",992
"Aviator Sunglasses",993
"Aviator Sunglasses",994
"Phantom's Hood",995
"Southsun Mask",996
"Southsun Mask",997
"Southsun Mask",998
"Devil Horns",999
"Devil Horns",1000
"Top Hat",1001
"Top Hat",1002
"Top Hat",1003
"Fuzzy Quaggan Hat with Bow",1004
"Fuzzy Quaggan Hat with Bow",1005
"Fuzzy Quaggan Hat with Bow",1006
"Ringmaster's Hat",1007
"Sailor's Beanie",1008
"Ringmaster's Hat",1009
"Ringmaster's Hat",1010
"Reading Glasses",1011
"Aviator Cap",1012
"Reading Glasses",1013
"Reading Glasses",1014
"Fuzzy Quaggan Hat",1015
"Fuzzy Quaggan Hat",1016
"Fuzzy Bear Hat",1017
"Inventor's Sunglasses",1018
"Sailor's Beanie",1019
"Festive Hat",1020
"Festive Hat",1021
"Wintersday Earmuffs",1022
"Aviator Cap",1023
"Wintersday Earmuffs",1024
"Phantom's Hood",1025
"Phantom's Hood",1026
"Devil Horns",1027
"Sailor's Beanie",1028
"Fuzzy Panda Hat",1029
"Aviator Cap",1030
"Wizard's Hat",1031
"Fuzzy Bear Hat",1032
"Fuzzy Bear Hat",1033
"Celebration Hat",1034
"Wizard's Hat",1035
"Celebration Hat",1036
"Wizard's Hat",1037
"Celebration Hat",1038
"Fuzzy Panda Hat",1039
"Fuzzy Panda Hat",1040
"Heavy Consortium Breathing Mask",1041
"",1042
"",1043
"Light Consortium Breathing Mask",1044
"Medium Consortium Breathing Mask",1045
"",1047
"Plush Ram Backpack",1048
"Mask of the Silent",1049
"Mask of the Silent",1050
"Mask of the Silent",1051
"",1053
"",1054
"",1055
"",1056
"",1058
"",1059
"Braham's Legplates",1060
"",1061
"Phoenix Pants",1062
"",1063
"Magitech Leggings",1064
"",1065
"Primeval Legplates",1066
"",1067
"",1068
"Profane Pants",1069
"",1070
"Krytan Leggings",1071
"Twisted Watchwork Shoulders",1072
"",1073
"Phalanx Legplates",1074
"Twisted Watchwork Shoulders",1075
"",1076
"Twisted Watchwork Shoulders",1077
"",1078
"Braham's Chestplate",1079
"",1080
"Phoenix Vest",1082
"",1083
"Braham's Pauldrons",1084
"Phoenix Mantle",1085
"Magitech Jerkin",1087
"",1088
"",1089
"Primeval Warplate",1090
"Magitech Shoulderpads",1091
"Braham's Warboots",1092
"Primeval Pauldrons",1093
"Profane Greatcoat",1094
"Phoenix Shoes",1095
"",1096
"Krytan Jerkin",1097
"Magitech Boots",1098
"Profane Mantle",1099
"Phalanx Warplate",1101
"Primeval Warboots",1102
"Krytan Shoulderpads",1103
"",1104
"Profane Shoes",1105
"Phalanx Shoulders",1106
"",1108
"",1109
"",1110
"Krytan Boots",1111
"",1112
"Phalanx Warboots",1113
"",1114
"",1115
"Deathly Avian Pauldrons",1116
"",1117
"",1118
"Deathly Bull's Pauldrons",1119
"Deathly Pauldrons",1120
"Deathly Avian Mantle",1121
"Deathly Bull's Mantle",1123
"Deathly Mantle",1126
"Deathly Avian Shoulderpads",1128
"",1129
"Deathly Bull's Shoulderpads",1131
"",1133
"Deathly Shoulderpads",1136
"Heavy Island Shoulder",1137
"",1138
"",1139
"",1140
"Light Island Shoulder",1141
"",1142
"Medium Island Shoulder",1143
"",1146
"",1147
"",1148
"",1149
"",1150
"Braham's Gauntlets",1151
"Phoenix Gloves",1152
"Magitech Armguards",1153
"Primeval Gauntlets",1154
"Profane Gloves",1155
"Krytan Armguards",1156
"Phalanx Gauntlets",1157
"",1158
"",1159
"",1161
"",1164
"",1165
"",1166
"",1167
"",1168
"",1170
"",1171
"",1173
"",1174
"",1175
"",1176
"",1177
"",1178
"",1179
"",1180
"Bunny Ears",1181
"",1182
"",1183
"Mask of the Jubilee",1184
"Mask of the Jubilee",1185
"Mask of the Jubilee",1186
"Mask of the Queen",1187
"Mask of the Queen",1188
"Mask of the Queen",1189
"Mask of the Crown",1190
"Mask of the Crown",1191
"Mask of the Crown",1192
"",1193
"",1194
"Braham's Warhelm",1195
"Phoenix Mask",1196
"Magitech Helmet",1197
"Primeval Warhelm",1198
"Profane Masque",1199
"Krytan Bandana",1200
"Phalanx Warhelm",1201
"Zephyrite Wind Helm",1202
"Zephyrite Wind Helm",1203
"Zephyrite Wind Helm",1204
"Zephyrite Sun Helm",1205
"Zephyrite Sun Helm",1206
"Zephyrite Sun Helm",1207
"Zephyrite Lightning Helm",1208
"Zephyrite Lightning Helm",1209
"Zephyrite Lightning Helm",1210
"",1211
"",1212
"",1213
"",1214
"",1215
"",1216
"",1217
"",1218
"Grenth Hood",1222
"Grenth Hood",1223
"Grenth Hood",1224
"Stag Helm",1225
"Stag Helm",1226
"Stag Helm",1227
"",1233
"Paper Bag Helm (Blush)",1235
"Paper Bag Helm (Blush)",1236
"Paper Bag Helm (Blush)",1237
"Paper Bag Helm (Angry)",1238
"Paper Bag Helm (Angry)",1239
"Paper Bag Helm (Angry)",1240
"Paper Bag Helm (Happy)",1241
"Paper Bag Helm (Happy)",1242
"Paper Bag Helm (Happy)",1243
"Paper Bag Helm (Sad)",1244
"Paper Bag Helm (Sad)",1245
"Paper Bag Helm (Sad)",1246
"",1247
"",1248
"",1249
"Mask of the Wanderer",1250
"Mask of the Wanderer",1251
"Mask of the Wanderer",1252
"Flamekissed Vest",1253
"Flamekissed Pants",1254
"Flamekissed Shoes",1255
"Flamekissed Mantle",1256
"Flamekissed Gloves",1257
"Flamekissed Mask",1258
"Flamewrath Legplates",1259
"Flamewalker Leggings",1260
"Flamewrath Chestplate",1261
"Flamewalker Coat",1262
"Flamewrath Warboots",1263
"Flamewalker Boots",1264
"Flamewrath Pauldrons",1265
"Flamewalker Shoulderpads",1266
"Flamewrath Gauntlets",1267
"Flamewalker Armguards",1268
"Flamewrath Helm",1269
"Flamewalker Hat",1270
"Strider's Armguards",1271
"Rampart Gauntlets",1272
"Rampart Warhelm",1273
"Rampart Legplates",1274
"Rampart Pauldrons",1275
"Incarnate Shoes",1276
"Incarnate Vest",1277
"Incarnate Gloves",1278
"Incarnate Mask",1279
"Incarnate Pants",1280
"Incarnate Mantle",1281
"Strider's Boots",1282
"Strider's Tunic",1283
"Strider's Faceguard",1285
"Strider's Leggings",1286
"Strider's Spaulders",1287
"Rampart Warboots",1288
"Rampart Warplate",1289
"Aetherblade Heavy Pauldrons",1307
"Aetherblade Heavy Legplates",1308
"Aetherblade Light Mantle",1309
"Aetherblade Light Pants",1310
"Aetherblade Medium Leggings",1311
"Aetherblade Medium Shoulderpads",1312
"Aetherblade Heavy Warplate",1313
"Aetherblade Light Vest",1314
"Aetherblade Medium Jerkin",1315
"Aetherblade Heavy Warboots",1316
"Aetherblade Light Shoes",1317
"Aetherblade Medium Boots",1318
"Aetherblade Heavy Gauntlets",1319
"Aetherblade Light Gloves",1320
"Aetherblade Medium Armguards",1321
"Aetherblade Heavy Warhelm",1322
"Aetherblade Light Goggles",1323
"Aetherblade Medium Helmet",1324
"Toxic Pauldron",1325
"Toxic Mantle",1326
"Toxic Shoulderpad",1327
"Toxic Gauntlets",1328
"Toxic Gloves",1329
"Toxic Armguard",1330
"Trickster's Leggings",1331
"Trickster's Mantle",1332
"Trickster's Vest",1333
"Trickster's Shoes",1334
"Trickster's Gloves",1335
"Trickster's Mask",1336
"Viper's Leggings",1337
"Viper's Shoulderpads",1338
"Viper's Jerkin",1339
"Viper's Boots",1340
"Viper's Armguards",1341
"Viper's Monocle",1342
"Zodiac Heavy Warboot",1343
"Zodiac Heavy Warplate",1344
"Zodiac Heavy Gauntlets",1345
"Zodiac Heavy Warhelm",1346
"Zodiac Heavy Legplates",1347
"Zodiac Heavy Pauldrons",1348
"Zodiac Light Shoes",1349
"Zodiac Light Vest",1350
"Zodiac Light Gloves",1351
"Zodiac Light Goggles",1352
"Zodiac Light Pants",1353
"Zodiac Light Mantle",1354
"Zodiac Medium Boots",1355
"Zodiac Medium Jerkin",1356
"Zodiac Medium Armguards",1357
"Zodiac Medium Helmet",1358
"Zodiac Medium Leggings",1359
"Zodiac Medium Shoulderpads",1360
"Lawless Boots",1361
"Lawless Shoulders",1362
"Lawless Helmet",1364
"Lawless Helmet",1365
"Lawless Gloves",1366
"Lawless Helmet",1367
"Lawless Shoulders",1368
"Lawless Boots",1369
"Lawless Boots",1370
"Lawless Shoulders",1371
"Lawless Gloves",1372
"Lawless Gloves",1373
"Priory's Historical Pauldrons",1376
"Priory's Historical Mantle",1377
"Priory's Historical Shoulderpads",1378
"Priory's Historical Helmet",1379
"Priory's Historical Breastplate",1380
"Priory's Historical Tassets",1381
"Priory's Historical Gauntlets",1382
"Priory's Historical Gloves",1383
"Priory's Historical Vestments",1384
"Priory's Historical Pants",1385
"Priory's Historical Cowl",1386
"Priory's Historical Jerkin",1387
"Priory's Historical Vambraces",1388
"Priory's Historical Mask",1389
"Priory's Historical Leggings",1390
"Priory's Historical Greaves",1391
"Priory's Historical Shoes",1392
"Priory's Historical Boots",1393
"Vigil's Honor Pauldrons",1394
"Vigil's Honor Mantle",1395
"Vigil's Honor Shoulderguards",1396
"Vigil's Honor Breastplate",1397
"Vigil's Honor Helmet",1398
"Vigil's Honor Tassets",1399
"Vigil's Honor Gauntlets",1400
"Vigil's Honor Leggings",1401
"Vigil's Honor Circlet",1402
"Vigil's Honor Vest",1403
"Vigil's Honor Gloves",1404
"Vigil's Honor Jerkin",1405
"Vigil's Honor Headguard",1406
"Vigil's Honor Gloves",1407
"Vigil's Honor Leggings",1408
"Vigil's Honor Greaves",1409
"Vigil's Honor Footwear",1410
"Vigil's Honor Boots",1411
"Whisper's Secret Pauldrons",1412
"Whisper's Secret Shoulderguards",1413
"Whisper's Secret Tassets",1414
"Whisper's Secret Gauntlets",1415
"Whisper's Secret Breastplate",1416
"Whisper's Secret Helmet",1417
"Whisper's Secret Leggings",1418
"Whisper's Secret Robes",1419
"Whisper's Secret Gloves",1420
"Whisper's Secret Cowl",1421
"Whisper's Secret Longvest",1422
"Whisper's Secret Gloves",1423
"Whisper's Secret Hood",1424
"Whisper's Secret Leggings",1425
"Whisper's Secret Greaves",1426
"Whisper's Secret Footwear",1427
"Whisper's Secret Boots",1428
"",1447
"Heavy Scale Leggings",1483
"Guild Defender Chestpiece",1484
"Heavy Scale Leggings",1499
"Heavy Scale Chestpiece",1501
"Heavy Scale Shinguards",1514
"Heavy Scale Armguards",1515
"Heavy Scale Shoulderguards",1528
"Guild Defender Legguards",1530
"Heavy Scale Shinguards",1534
"Heavy Scale Armguards",1542
"Heavy Scale Helm",1560
"Guild Defender Shoulderplate",1561
"Heavy Scale Helm",1579
"Apostle Leggings",1587
"Apostle Cassock",1589
"Tribal Leggings",1598
"Tribal Vestments",1599
"Apostle Epaulets",1619
"Tribal Mantle",1627
"Apostle Shoes",1628
"Tribal Walkers",1634
"Apostle Wraps",1662
"Tribal Bangles",1669
"Guild Archmage Mantle",1671
"Guild Archmage Shoes",1675
"Apostle Cowl",1678
"Tribal Headdress",1691
"Primitive Cowl",1692
"Marauder Pants",1697
"Marauder Jacket",1699
"Stalwart Leggings",1703
"Stalwart Jerkin",1704
"Guild Archmage Gloves",1714
"Studded Shoulders",1719
"Marauder Shoulderguards",1733
"Marauder Boots",1734
"Stalwart Shoulders",1736
"Stalwart Boots",1740
"Marauder Gloves",1772
"Stalwart Gloves",1775
"Studded Helm",1783
"Guild Watchman Boots",1791
"Stalwart Helm",1793
"Buccaneer Helm",1800
"Guild Watchman Gloves",1806
"Guild Watchman Faceguard",1815
"Guild Archmage Pants",1824
"Guild Watchman Leggings",1827
"Guild Watchman Shoulderguards",1829
"Guild Archmage Cowl",1830
"Iron's Tailpipe Bandana",1991
"Iron's Tailpipe Bandana",1992
"Benthic Hydrobreather",1993
"Benthic Aquabreather",1994
"Benthic Waterbreather",1995
"Wurmslayer's Wristguards",1996
"Wurmslayer's Warfists",1997
"Wurmslayer's Epaulets",1998
"Wurmslayer's Shoulderguard",1999
"Wurmslayer's Vambraces",2000
"Wurmslayer's Pauldrons",2001
"Wurmslayer's Visor",2002
"Wurmslayer's Masque",2003
"Wurmslayer's Visage",2004
"Iron's Tailpipe Bandana",2011
"Heavy Fused Gauntlets",2012
"Horns of the Dragon",2013
"Horns of the Dragon",2014
"Medium Fused Gauntlets",2015
"Horns of the Dragon",2016
"Light Fused Gauntlets",2017
"Monocle",2018
"Monocle",2019
"Monocle",2020
"Air-Filtration Device",2021
"Air-Filtration Device",2022
"Air-Filtration Device",2023
"Gas Mask",2024
"Gas Mask",2025
"Gas Mask",2026
"Mask of the Night",2027
"Mask of the Night",2028
"Mask of the Night",2029
"Scarlet's Spaulders",2032
"Scarlet's Spaulders",2034
"Scarlet's Spaulders",2035
"",2036
"Chainmail Footgear",2041
"Fanatic's Mantle",2043
"Conqueror's Mantle",2044
"Demon Masque",2045
"Skull Masque",2046
"Wraith Masque",2047
"Glacial Eye",2048
"Flame Eye",2049
"Stone Eye",2050
"Storm Eye",2051
"Visionary's Helm",2052
"Panscopic Monocle",2053
"Eagle-Eye Goggles",2054
"Anonymity Mask",2055
"Determination Headband",2056
"Subterfuge Hood",2057
"Harlequin's Mask",2058
"Phantasm's Mask",2059
"Fanged Dread Mask",2060
"",2118
"",2119
"Diviner Leggings",2261
"Diviner Coat",2262
"Diviner Mantle",2263
"Diviner Boots",2264
"Diviner Gloves",2265
"Diviner Helm",2266
"Mist Walker Coat",2267
"Mist Walker Leggings",2268
"Mist Walker Shoulders",2269
"Mist Walker Boots",2271
"Mist Walker Gloves",2273
"Mist Walker Cap",2274
"Ornate Jeweler's Backpack",2276
"Simple Chef's Backpack",2277
"Elegant Jeweler's Backpack",2278
"Sturdy Armorsmith's Backpack",2279
"Sturdy Jeweler's Backpack",2280
"Simple Jeweler's Backpack",2281
"Elegant Tailor's Backpack",2282
"Ornate Tailor's Backpack",2283
"Simple Artificer's Backpack",2284
"Intricate Jeweler's Backpack",2285
"Simple Tailor's Backpack",2286
"Elegant Weaponsmith's Backpack",2287
"Ornate Weaponsmith's Backpack",2288
"Ambrosial Chef's Backpack",2289
"Sturdy Weaponsmith's Backpack",2290
"Simple Weaponsmith's Backpack",2291
"Elegant Leatherworker's Backpack",2292
"Ornate Leatherworker's Backpack",2293
"Intricate Leatherworker's Backpack",2294
"Sturdy Leatherworker's Backpack",2295
"Simple Leatherworker's Backpack",2296
"Sturdy Artificer's Backpack",2297
"Intricate Artificer's Backpack",2298
"Ornate Artificer's Backpack",2299
"Elegant Artificer's Backpack",2300
"Simple Armorsmith's Backpack",2301
"Basic Chef's Backpack",2302
"Intricate Armorsmith's Backpack",2303
"Ornate Armorsmith's Backpack",2304
"Elegant Armorsmith's Backpack",2305
"Intricate Weaponsmith's Backpack",2306
"Intricate Tailor's Backpack",2307
"Practical Armorsmith's Backpack",2308
"Sturdy Tailor's Backpack",2309
"Sturdy Huntsman's Backpack",2310
"Elegant Huntsman's Backpack",2311
"Practical Huntsman's Backpack",2312
"Practical Jeweler's Backpack",2313
"Savory Chef's Backpack",2314
"Practical Leatherworker's Backpack",2315
"Practical Tailor's Backpack",2316
"Practical Weaponsmith's Backpack",2317
"Symon's History of Ascalon",2318
"Gourmet Chef's Backpack",2319
"Practical Artificer's Backpack",2320
"Ornate Huntsman's Backpack",2321
"Simple Huntsman's Backpack",2322
"Intricate Huntsman's Backpack",2323
"Hearty Chef's Backpack",2324
"Book of Secrets",2325
"Tome of the Rubicon",2326
"Backpack Straps",2327
"Tempered Spinal Blades",2328
"",2329
"Spinal Blade Pack",2330
"Twin Spinal Blades",2331
"Synergetic Tempered Spinal Blades",2332
"Static Tempered Spinal Blades",2333
"Dynamic Tempered Spinal Blades",2334
"Advanced Spinal Blades",2335
"Mad Memoires",2336
"Quad Spinal Blades",2337
"Mad Memoires: Complete Edition",2338
"",2339
"Universal Multitool Pack",2340
"Quiver",2341
"Guild Backpack",2342
"Savage Guild Back Banner",2343
"Elegant Guild Back Banner",2344
"Decorative Molten Jetpack",2345
"Wind Catcher",2346
"Sun Catcher",2347
"Lightning Catcher",2348
"Desert Rose",2349
"Zephyr Rucksack",2350
"Holographic Dragon Wings",2351
"Holographic Shattered Dragon Wings",2352
"Fervid Censer",2353
"Sclerite Karka Shell",2354
"Plush Quaggan Backpack",2355
"Toxic Spore",2356
"Slickpack",2357
"Wings of the Sunless",2358
"Plush Moto Backpack",2359
"Storm Wizard Backpack Cover",2360
"King Toad Backpack Cover",2361
"Super Backpack Cover",2362
"Plush Charr Backpack",2363
"Tiger Charr Backpack",2364
"Pink Quaggan Backpack",2365
"Cheetah Charr Backpack",2366
"Quaggan Killer Whale Backpack",2367
"Plush Tybalt Backpack",2368
"Rox's Quiver",2369
"Green Quaggan Backpack",2370
"Covert Charr Backpack",2371
"Warrior Quaggan Backpack",2372
"Lined Toymaker's Bag",2374
"Toymaker's Bag",2375
"Koss on Koss",2376
"Prototype Fractal Capacitor",2377
"Beta Fractal Capacitor",2378
"Fractal Capacitor",2379
"Fires of Balthazar",2380
"Antitoxin Injector",2381
"Light of Dwayna",2382
"Shadow of Grenth",2383
"Thresher-Sickle 5000",2384
"Basic Harvesting Sickle",2385
"Consortium Harvesting Sickle",2387
"Basic Logging Axe",2388
"Frost Wasp Logging Tool",2389
"Chop-It-All Logging Axe",2391
"Dreamcleaver Logging Axe",2392
"",2393
"",2394
"Basic Mining Pick",2395
"Watchwork Mining Pick",2396
"Bone Pick",2398
"Molten Alliance Mining Pick",2399
"",2434
"",2445
"",2451
"",2562
"",2604
"",2605
"",2661
"",2689
"",2743
"",2773
"",2775
"",2788
"",2809
"",2829
"",2835
"",2838
"",2851
"",2866
"",2869
"",2913
"",2930
"",3005
"",3020
"",3046
"",3080
"",3119
"",3145
"",3150
"",3185
"",3186
"",3187
"",3188
"",3190
"",3192
"",3239
"",3241
"",3242
"",3244
"",3245
"",3264
"",3265
"",3272
"",3273
"",3355
"",3491
"",3566
"Lovestruck Axe",3660
"Tormented Rifle",3661
"Tormented Pistol",3663
"Lovestruck Longbow",3664
"Tormented Hammer",3666
"Tormented Staff",3667
"Tormented Dagger",3668
"Tormented Sword",3670
"Lovestruck Short Bow",3671
"Lovestruck Focus",3673
"Tormented Torch",3674
"Tormented Spear",3675
"Tormented Focus",3676
"Tormented Mace",3677
"Tormented Harpoon Gun",3678
"Tormented Greatsword",3679
"Tormented Axe",3680
"Tormented Longbow",3681
"Tormented Short Bow",3682
"Tormented Scepter",3683
"Tormented Warhorn",3684
"Tormented Shield",3685
"Tormented Trident",3686
"Greatsaw",3687
"Lovestruck Greatsword",3688
"",3689
"Lovestruck Hammer",3691
"Lovestruck Mace",3692
"Ghastly Grinning Shield",3693
"Lovestruck Pistol",3694
"Lovestruck Rifle",3695
"Chain Sword",3696
"Lovestruck Scepter",3697
"Lovestruck Protector",3698
"Lovestruck Staff",3699
"Lovestruck Sword",3700
"Lovestruck Flame",3701
"Lovestruck Call",3702
"Lovestruck Anlace",3703
"Dreamthistle Focus",3704
"Aetherized Pistol",3705
"Dreamthistle Longbow",3706
"Dreamthistle Mace",3707
"Fused Longbow",3708
"Dreamthistle Greatsword",3709
"Aetherized Torch",3710
"Scythe Staff",3711
"Fused Axe",3712
"Braham's Mace",3713
"Fused Greatsword",3714
"Aetherized Short Bow",3715
"Fused Mace",3716
"Dreamthistle Shield",3717
"Fused Torch",3718
"Sclerite Torch",3719
"Aetherized Warhorn",3720
"Dragon's Jade Flame",3721
"Braham's Shield",3722
"Dreamthistle Dagger",3723
"Fused Rifle",3724
"Fused Shield",3725
"Zodiac Torch",3726
"Dreamthistle Torch",3727
"Fused Short Bow",3728
"Aetherized Trident",3729
"Sclerite Short Bow",3730
"Dreamthistle Staff",3731
"Fused Dagger",3732
"Fused Warhorn",3733
"Dragon's Jade Needler",3734
"Aetherized Harpoon Gun",3735
"Sclerite Warhorn",3736
"Rox's Short Bow",3737
"Dreamthistle Trident",3738
"Winter's Arc",3739
"Dragon's Jade Harbinger",3740
"Dreamthistle Harpoon Gun",3741
"Zodiac Short Bow",3742
"Zodiac Warhorn",3743
"Dreamthistle Warhorn",3744
"Dreamthistle Short Bow",3745
"Aetherized Focus",3746
"Fused Staff",3747
"Aetherized Axe",3748
"Aetherized Longbow",3749
"Dreamthistle Sword",3750
"Aetherized Sword",3751
"Aetherized Mace",3752
"Fused Focus",3753
"Sclerite Focus",3754
"Aetherized Spear",3755
"Fused Sword",3756
"Dragon's Jade Aspect",3757
"Aetherized Scepter",3758
"Dreamthistle Spear",3759
"Fused Pistol",3760
"Zodiac Focus",3761
"Sclerite Axe",3762
"Sclerite Pistol",3763
"Consortium Clipper Focus",3764
"Dragon's Jade Flintlock",3765
"Aetherized Rifle",3766
"Dragon's Jade Reaver",3767
"Sclerite Mace",3768
"Winter's Sting",3769
"Winter's Cutter",3770
"Dragon's Jade Cudgel",3771
"Zodiac Axe",3772
"Aetherized Greatsword",3773
"Zodiac Pistol",3774
"Dreamthistle Axe",3775
"Dreamthistle Pistol",3776
"Aetherized Shield",3777
"Zodiac Mace",3778
"Fused Scepter",3779
"Marjory's Axe",3780
"Sclerite Scepter",3781
"Shark's Tooth Axe",3782
"Sclerite Longbow",3783
"Dragon's Jade Truncheon",3784
"Zodiac Scepter",3785
"Dragon's Jade Hornbow",3786
"Sclerite Rifle",3787
"Dreamthistle Scepter",3788
"Winter's Reach",3789
"Zodiac Longbow",3790
"Dragon's Jade Blunderbuss",3791
"Sclerite Shield",3792
"Zodiac Rifle",3793
"Araneae",3794
"Dragon's Jade Wall",3795
"Dreamthistle Rifle",3796
"Aetherized Hammer",3797
"Aetherized Dagger",3798
"Winter's Shelter",3799
"Zodiac Shield",3800
"Sclerite Greatsword",3801
"Dead Stop",3802
"Dragon's Jade Avenger",3803
"Winter's Edge",3804
"Tiki Totem Shield",3805
"Zodiac Greatsword",3806
"Chiroptophobia",3807
"Fused Hammer",3808
"Sclerite Hammer",3809
"Dragon's Jade Warhammer",3810
"Winter's Brunt",3811
"Zodiac Hammer",3812
"Dreamthistle Hammer",3813
"Aetherized Staff",3814
"Kasmeer's Staff",3815
"Bloody Prince Staff",3816
"Sclerite Dagger",3817
"Dragon's Jade Kris",3818
"Winter's Needle",3819
"Sclerite Staff",3820
"Zodiac Dagger",3821
"Dragon's Jade Quarterstaff",3822
"Marjory's Dagger",3823
"Winter's Timber",3824
"Severed Dagger",3825
"Zodiac Staff",3826
"Sclerite Sword",3827
"Dragon's Jade Lacerator",3828
"Winter's Slice",3829
"Zodiac Sword",3830
"Silly Scimitar",3831
"Shark's Tooth Sword",3832
"Zenith Ward",3835
"Zenith Scroll",3836
"Zenith Cesta",3837
"Zenith Short Bow",3838
"Zenith Recurve Bow",3839
"Zenith Mace",3840
"Zenith Avenger",3841
"Zenith Wake",3842
"Zenith Impaler",3843
"Zenith Reaver",3844
"Zenith Harbinger",3845
"Zenith Trident",3846
"Zenith Flame",3847
"Zenith Pistol",3848
"Zenith Rifle",3849
"Zenith Kris",3850
"Zenith Thunder",3851
"Zenith Spire",3852
"Zenith Blade",3853
"Longbow",3854
"Shield",3855
"Torch",3856
"Trident",3857
"Speargun",3858
"Warhorn",3859
"Short Bow",3860
"Mace",3861
"Harpoon",3862
"Focus",3863
"Pistol",3864
"Axe",3865
"Scepter",3866
"Rifle",3867
"Greatsword",3868
"Hammer",3869
"Polearm",3870
"Dagger",3871
"Staff",3872
"Sword",3873
"Destroyer Torch",3874
"Iron Pistol",3875
"Destroyer Scepter",3876
"Destroyer Focus",3877
"Godskull Brazier",3878
"Destroyer Trident",3879
"Green Wood Focus",3880
"Verdant Scepter",3881
"Destroyer Short Bow",3882
"Green Wood Torch",3883
"Destroyer Warhorn",3884
"Godskull Short Bow",3885
"Destroyer Harpoon Gun",3886
"Soft Wood Focus",3887
"Destroyer Mace",3888
"Green Wood Trident",3889
"Soft Wood Torch",3890
"Godskull Trumpet",3891
"Soft Wood Scepter",3892
"Destroyer Axe",3893
"Bandit Torch",3894
"Green Wood Scepter",3895
"Godskull Sickle",3896
"Destroyer Longbow",3897
"Green Wood Warhorn",3898
"Soft Wood Trident",3899
"Green Wood Short Bow",3900
"Godskull Warclub",3901
"Bandit Focus",3903
"Beaded Greataxe",3904
"Bandit Trident",3905
"Soft Wood Short Bow",3906
"Soft Wood Warhorn",3907
"Green Wood Harpoon Gun",3908
"Bandit Baton",3909
"Beaded Morning Star",3910
"Destroyer Pistol",3911
"Dredge Lamp",3912
"Dredge Canary",3913
"Godskull Longbow",3914
"Destroyer Pike",3915
"Destroyer Greatsword",3916
"Hard Wood Torch",3917
"Destroyer Shield",3918
"Hard Wood Focus",3919
"Bandit Bugle",3920
"Green Wood Longbow",3921
"Dredge Baton",3922
"Godskull Impaler",3923
"Godskull Flintlock",3924
"Destroyer Dagger",3925
"Bandit Short Bow",3926
"Soft Wood Harpoon Gun",3927
"Dredge Trident",3928
"Ogre Blaze",3929
"Corrupted Skeggox",3930
"Bandit Harpoon Gun",3931
"Bronze Pistol",3932
"Godskull Slayer",3933
"Hard Wood Scepter",3934
"Godskull Targe",3935
"Dredge Double Horn",3936
"Dredge Short Bow",3937
"Beaded Lancea",3938
"Pearl Trident",3939
"Godskull Kris",3940
"Ogre Effigy",3941
"Soft Wood Longbow",3942
"Corrupted Cudgel",3943
"Beaded Bastion",3944
"Bronze Mace",3945
"Bronze Axe",3946
"Beaded Claymore",3947
"Bandit Revolver",3948
"Bandit Longbow",3949
"Elder Wood Focus",3950
"Beaded Spike",3951
"Pearl Needler",3952
"Dredge Harpoon Gun",3953
"Ogre Truncheon",3954
"Pearl Siren",3955
"Elder Wood Trident",3956
"Elder Wood Torch",3957
"Krait Brazier",3958
"Krait Star",3959
"Krait Trident",3960
"Destroyer Sword",3961
"Iron Axe",3962
"Corrupted Spear",3963
"Iron Mace",3964
"Elder Wood Scepter",3965
"Dredge Reflex Bow",3966
"Pearl Speargun",3967
"Elder Wood Warhorn",3968
"Elder Wood Short Bow",3969
"Dredge Firearm",3970
"Destroyer Maul",3971
"Elder Wood Harpoon Gun",3972
"Krait Whelk",3973
"Corrupted Bulwark",3974
"Pearl Brazier",3975
"Pearl Handcannon",3976
"Bronze Spear",3977
"Pearl Conch",3978
"Bandit Mallet",3979
"Godskull Crusher",3980
"Krait Wand",3981
"Corrupted Avenger",3982
"Godskull Edge",3983
"Corrupted Shard",3984
"Krait Short Bow",3985
"Bandit Cleaver",3986
"Hard Wood Longbow",3987
"Hard Wood Trident",3988
"Godskull Effigy",3989
"Hard Wood Short Bow",3990
"Dredge Flanged Mace",3991
"Mithril Pistol",3992
"Ogre Hornbow",3993
"Bronze Dagger",3994
"Pearl Rod",3995
"Beaded Torch",3996
"Beaded Lacerator",3997
"Hard Wood Warhorn",3998
"Krait Harpoon Gun",3999
"Iron Spear",4000
"Ogre Trident",4001
"Dredge Bonehewer",4002
"Beaded Crusher",4003
"Bronze Shield",4004
"Bronze Greatsword",4005
"Darksteel Mace",4006
"Ogre Short Bow",4007
"Darksteel Axe",4008
"Iron Dagger",4009
"Godskull Trihorn",4010
"Beaded Icon",4011
"Iron Shield",4012
"Krait Handgun",4013
"Ogre Harbinger",4014
"Iron Greatsword",4015
"Godskull Cesta",4016
"Krait Recurve Bow",4017
"Bandit Spear",4018
"Hard Wood Harpoon Gun",4019
"Bandit Sunderer",4020
"Beaded Caller",4021
"Corrupted Wartorch",4022
"Bandit Ward",4023
"Elder Wood Longbow",4024
"Ogre Harpoon Gun",4025
"Corrupted Blade",4026
"Corrupted Sledgehammer",4027
"Dredge Spear",4028
"Bandit Shiv",4029
"Beaded Needler",4030
"Beaded Trident",4031
"Beaded Wand",4032
"Ogre Bludgeoner",4033
"Darksteel Pistol",4034
"Ogre Cleaver",4035
"Mithril Mace",4036
"Corrupted Artifact",4037
"Destroyer Staff",4038
"Ogre Flintlock",4039
"Dredge Sunderer",4040
"Dredge Barricade",4041
"Dredge Bloodletter",4042
"Darksteel Spear",4043
"Beaded Harpoon Shooter",4044
"Pearl Stinger",4045
"Mithril Axe",4046
"Bronze Sword",4047
"Bronze Hammer",4048
"Darksteel Shield",4049
"Beaded Stinger",4050
"Corrupted Short Bow",4051
"Krait Battleaxe",4052
"Corrupted Harbinger",4053
"Green Wood Staff",4054
"Darksteel Greatsword",4055
"Beaded Firearm",4056
"Corrupted Trident",4057
"Destroyer Rifle",4058
"Corrupted Scepter",4059
"Iron Hammer",4060
"Darksteel Dagger",4061
"Iron Sword",4062
"Krait Morning Star",4063
"Ogre Javelin",4064
"Ogre Dirk",4065
"Bandit Demolisher",4066
"Soft Wood Staff",4067
"Ogre Bulwark",4068
"Corrupted Harpoon Gun",4069
"Bandit Slicer",4070
"Ogre Longsword",4071
"Godskull Musket",4072
"Mithril Spear",4073
"Pearl Reaver",4074
"Pearl Bludgeoner",4075
"Bronze Rifle",4076
"Bandit Spire",4077
"Krait Pilum",4078
"Mithril Dagger",4079
"Corrupted Revolver",4080
"Mithril Greatsword",4081
"Dredge Pulverizer",4082
"Mithril Shield",4083
"Corrupted Greatbow",4084
"Dredge Edge",4085
"Pearl Impaler",4086
"Darksteel Hammer",4087
"Dredge Pillar",4088
"Krait Slayer",4089
"Darksteel Sword",4090
"Krait Ripper",4091
"Iron Rifle",4092
"Krait Shell",4093
"Hard Wood Staff",4094
"Ogre Breaker",4095
"Bandit Musket",4096
"Pearl Carver",4097
"Pearl Shell",4098
"Pearl Broadsword",4099
"Ogre Scimitar",4100
"Ogre Warstaff",4101
"Mithril Hammer",4102
"Mithril Sword",4103
"Dredge Boomstick",4104
"Elder Wood Staff",4105
"Krait Warhammer",4106
"Darksteel Rifle",4107
"Krait Machete",4108
"Pearl Crusher",4109
"Ogre Blaster",4110
"Krait Crook",4111
"Pearl Sabre",4112
"Pearl Quarterstaff",4113
"Mithril Rifle",4114
"Godskull Crosier",4115
"Krait Shooter",4116
"Pearl Blunderbuss",4117
"Beaded Warstaff",4118
"Beaded Shooter",4119
"Corrupted Branch",4120
"Corrupted Blaster",4121
"Viridian Antique Brazier",4122
"Viridian Antique Harpoon Gun",4123
"Citrine Antique Brazier",4124
"Crimson Antique Brazier",4125
"Citrine Antique Harpoon Gun",4126
"Viridian Antique Trident",4127
"Crimson Antique Harpoon Gun",4128
"Terracotta Antique Brazier",4129
"Citrine Antique Trident",4130
"Cobalt Antique Brazier",4131
"Terracotta Antique Harpoon Gun",4132
"Calcite Antique Brazier",4133
"Crimson Antique Trident",4134
"Cobalt Antique Harpoon Gun",4135
"Viridian Antique Herald",4136
"Calcite Antique Harpoon Gun",4137
"Terracotta Antique Trident",4138
"Violet Antique Brazier",4139
"Violet Antique Harpoon Gun",4140
"Citrine Antique Herald",4141
"Cobalt Antique Trident",4142
"Crimson Antique Herald",4143
"Calcite Antique Trident",4144
"Violet Antique Trident",4145
"Viridian Antique Short Bow",4146
"Terracotta Antique Herald",4147
"Citrine Antique Short Bow",4148
"Cobalt Antique Herald",4149
"Calcite Antique Herald",4150
"Crimson Antique Short Bow",4151
"Terracotta Antique Short Bow",4152
"Violet Antique Herald",4153
"Cobalt Antique Short Bow",4154
"Calcite Antique Short Bow",4155
"Iron Polearm",4156
"Violet Antique Short Bow",4157
"Viridian Antique Impaler",4158
"Citrine Antique Impaler",4159
"Crimson Antique Impaler",4160
"Terracotta Antique Impaler",4161
"Cobalt Antique Impaler",4162
"Calcite Antique Impaler",4163
"Violet Antique Impaler",4164
"Viridian Antique Artifact",4165
"Viridian Antique Revolver",4166
"Citrine Antique Revolver",4167
"Citrine Antique Artifact",4168
"Crimson Antique Revolver",4169
"Crimson Antique Artifact",4170
"Terracotta Antique Revolver",4171
"Terracotta Antique Artifact",4172
"Viridian Antique Reaver",4173
"Cobalt Antique Revolver",4174
"Citrine Antique Reaver",4175
"Viridian Antique Flanged Mace",4176
"Cobalt Antique Artifact",4177
"Citrine Antique Flanged Mace",4178
"Crimson Antique Reaver",4179
"Calcite Antique Artifact",4180
"Calcite Antique Revolver",4181
"Violet Antique Artifact",4182
"Crimson Antique Flanged Mace",4183
"Terracotta Antique Reaver",4184
"Violet Antique Revolver",4185
"Cobalt Antique Reaver",4186
"Terracotta Antique Flanged Mace",4187
"Cobalt Antique Flanged Mace",4188
"Calcite Antique Reaver",4189
"Calcite Antique Flanged Mace",4190
"Violet Antique Reaver",4191
"Viridian Antique Greatbow",4192
"Violet Antique Flanged Mace",4193
"Viridian Antique Wand",4194
"Citrine Antique Greatbow",4195
"Citrine Antique Wand",4196
"Viridian Antique Bastion",4197
"Crimson Antique Greatbow",4198
"Viridian Antique Musket",4199
"Citrine Antique Musket",4200
"Crimson Antique Wand",4201
"Terracotta Antique Greatbow",4202
"Citrine Antique Bastion",4203
"Crimson Antique Bastion",4204
"Crimson Antique Musket",4205
"Terracotta Antique Wand",4206
"Cobalt Antique Greatbow",4207
"Terracotta Antique Bastion",4208
"Calcite Antique Greatbow",4209
"Terracotta Antique Musket",4210
"Cobalt Antique Wand",4211
"Violet Antique Greatbow",4212
"Cobalt Antique Musket",4213
"Cobalt Antique Bastion",4214
"Calcite Antique Wand",4215
"Calcite Antique Bastion",4216
"Calcite Antique Musket",4217
"Violet Antique Wand",4218
"Violet Antique Bastion",4219
"Violet Antique Musket",4220
"Viridian Antique Claymore",4221
"Citrine Antique Claymore",4222
"Crimson Antique Claymore",4223
"Terracotta Antique Claymore",4224
"Cobalt Antique Claymore",4225
"Calcite Antique Claymore",4226
"Violet Antique Claymore",4227
"Adamant Guard Bow",4228
"Viridian Antique Warhammer",4229
"Citrine Antique Warhammer",4230
"Crimson Antique Warhammer",4231
"Terracotta Antique Warhammer",4232
"Cobalt Antique Warhammer",4233
"Calcite Antique Warhammer",4234
"Violet Antique Warhammer",4235
"Viridian Antique Razor",4236
"Citrine Antique Razor",4237
"Crimson Antique Razor",4238
"Viridian Antique Spire",4239
"Terracotta Antique Razor",4240
"Citrine Antique Spire",4241
"Cobalt Antique Razor",4242
"Calcite Antique Razor",4243
"Crimson Antique Spire",4244
"Terracotta Antique Spire",4245
"Violet Antique Razor",4246
"Cobalt Antique Spire",4247
"Calcite Antique Spire",4248
"Violet Antique Spire",4249
"Viridian Antique Blade",4250
"Citrine Antique Blade",4251
"Crimson Antique Blade",4252
"Terracotta Antique Blade",4253
"Cobalt Antique Blade",4254
"Calcite Antique Blade",4255
"Violet Antique Blade",4256
"Warden Warhorn",4257
"Warden Scepter",4258
"Warden Mace",4259
"Warden Axe",4260
"Warden Longbow",4261
"Warden Shield",4262
"Peacemaker's Trident",4263
"Warden Sword",4264
"Adamant Guard Pistol",4265
"Peacemaker's Focus",4266
"Peacemaker's Scepter",4267
"Peacemaker's Pistol",4268
"Warden Staff",4269
"Warden Pistol",4270
"Seraph Greatsword",4271
"Wolfborn Torch",4272
"Peacemaker's Rifle",4273
"Seraph Mace",4274
"Wolfborn Warhorn",4275
"Wolfborn Short Bow",4276
"Warden Trident",4277
"Peacemaker's Shield",4278
"Peacemaker's Staff",4279
"Adamant Guard Torch",4280
"Adamant Guard Cannon",4281
"Adamant Guard Trident",4282
"Wolfborn Speargun",4283
"Seraph Torch",4284
"Seraph Speargun",4285
"Wolfborn Trident",4286
"Peacemaker's Torch",4287
"Peacemaker's Speargun",4288
"Adamant Guard Warhorn",4289
"Warden Torch",4290
"Seraph Trident",4291
"Warden Speargun",4292
"Wolfborn Pistol",4293
"Wolfborn Focus",4294
"Seraph Warhorn",4295
"Peacemaker's Warhorn",4296
"Wolfborn Mace",4297
"Wolfborn Axe",4298
"Warden Harpoon Gun",4299
"Adamant Guard Rifle",4301
"Wolfborn Scepter",4302
"Wolfborn Longbow",4303
"Wolfborn Shield",4304
"Wolfborn Rifle",4305
"Adamant Guard Short Bow",4306
"Seraph Short Bow",4307
"Adamant Guard Greatsword",4308
"Warden Focus",4309
"Adamant Guard Spear",4310
"Peacemaker's Mace",4311
"Peacemaker's Short Bow",4312
"Seraph Pistol",4313
"Warden Short Bow",4314
"Wolfborn Harpoon",4315
"Wolfborn Greatsword",4316
"Seraph Spear",4317
"Peacemaker's Spear",4318
"Adamant Guard Shield",4319
"Warden Spear",4320
"Adamant Guard Mace",4321
"Adamant Guard Gizmo",4322
"Adamant Guard Hammer",4323
"Seraph Focus",4324
"Adamant Guard Axe",4325
"Seraph Axe",4326
"Adamant Guard Scepter",4327
"Seraph Shield",4328
"Peacemaker's Axe",4329
"Seraph Scepter",4330
"Seraph Longbow",4331
"Peacemaker's Longbow",4332
"Seraph Rifle",4333
"Wolfborn Hammer",4334
"Peacemaker's Greatsword",4335
"Warden Rifle",4336
"Warden Greatsword",4337
"Adamant Guard Dagger",4338
"Seraph Hammer",4339
"Peacemaker's Hammer",4340
"Warden Dagger",4341
"Wolfborn Dagger",4342
"Warden Hammer",4343
"Wolfborn Staff",4344
"Wolfborn Sword",4345
"Seraph Dagger",4346
"Adamant Guard Staff",4347
"Peacemaker's Dagger",4348
"Seraph Staff",4349
"Peacemaker's Sword",4350
"Adamant Guard Blade",4351
"Seraph Sword",4352
"Molten Shield",4353
"Molten Pistol",4354
"Molten Hammer",4355
"Royal Ascalonian Focus",4356
"Royal Ascalonian Scepter",4357
"Inquest Torch",4358
"Dark Asuran Focus",4359
"Royal Ascalonian Axe",4360
"Royal Ascalonian Mace",4361
"Torch of the Dragon's Deep",4362
"Royal Ascalonian Longbow",4363
"Inquest Short Bow",4364
"Kodan Torch",4365
"Kodan Speargun",4366
"Short Bow of the Dragon's Deep",4367
"Golden Wing Warhorn",4368
"Kodan Short Bow",4369
"Royal Ascalonian Shield",4370
"Golden Wing Torch",4371
"Royal Ascalonian Greatsword",4372
"Royal Ascalonian Dagger",4373
"Golden Wing Short Bow",4374
"Dark Asuran Speargun",4375
"Molten Torch",4376
"Molten Short Bow",4377
"Dark Asuran Pistol",4378
"Dark Asuran Mace",4379
"Nightmare Torch",4380
"Dark Asuran Dagger",4381
"Dark Asuran Torch",4382
"Nightmare Short Bow",4383
"Royal Ascalonian Torch",4384
"Royal Ascalonian Hammer",4385
"Dark Asuran Short Bow",4387
"Kodan Dagger",4388
"Inquest Warhorn",4389
"Royal Ascalonian Short Bow",4390
"Warhorn of the Dragon's Deep",4391
"Fractal Torch",4392
"Fractal Short Bow",4393
"Kodan Warhorn",4394
"Molten Warhorn",4395
"Royal Ascalonian Sword",4396
"Molten Trident",4397
"Dark Asuran Harpoon",4398
"Nightmare Warhorn",4399
"Royal Ascalonian Staff",4400
"Dark Asuran Warhorn",4401
"Inquest Trident",4402
"Royal Ascalonian Warhorn",4403
"Haunting Cap",4404
"Fractal Warhorn",4405
"Trident of the Dragon's Deep",4406
"Golden Wing Longbow",4407
"Kodan Trident",4408
"Inquest Focus",4409
"Inquest Speargun",4410
"Golden Wing Trident",4411
"Dark Asuran Rifle",4412
"Kodan Rifle",4413
"Focus of the Dragon's Deep",4414
"Nightmare Trident",4415
"Speargun of the Dragon's Deep",4416
"Golden Wing Speargun",4417
"Kodan Focus",4418
"Wolfsbane",4419
"Dark Asuran Trident",4420
"Royal Ascalonian Trident",4421
"Golden Wing Focus",4422
"Molten Speargun",4423
"Kodan Hammer",4424
"Inquest Longbow",4425
"Molten Focus",4426
"Fractal Trident",4427
"Nightmare Speargun",4428
"Hemlock",4429
"Longbow of the Dragon's Deep",4430
"Royal Ascalonian Speargun",4431
"Inquest Pistol",4432
"Nightmare Focus",4433
"Shield of the Dragon's Deep",4434
"Inquest Axe",4435
"Kodan Longbow",4436
"Fractal Speargun",4437
"Fractal Focus",4438
"Inquest Scepter",4439
"Pistol of the Dragon's Deep",4440
"Scepter of the Dragon's Deep",4441
"Kodan Pistol",4442
"Inquest Mace",4443
"Molten Longbow",4444
"Axe of the Dragon's Deep",4445
"Nightmare Longbow",4446
"Kodan Axe",4447
"Mace of the Dragon's Deep",4448
"Kodan Scepter",4449
"Golden Wing Shield",4450
"Golden Wing Pistol",4451
"Dark Asuran Longbow",4452
"Golden Wing Scepter",4453
"Golden Wing Axe",4454
"Kodan Mace",4455
"Nightmare Pistol",4456
"Royal Ascalonian Pistol",4457
"Molten Scepter",4458
"Golden Wing Mace",4459
"Molten Axe",4460
"Inquest Greatsword",4461
"Fractal Longbow",4462
"Golden Wing Rifle",4463
"Nightmare Axe",4464
"Nightmare Scepter",4465
"Fractal Pistol",4466
"Molten Mace",4467
"Greatsword of the Dragon's Deep",4468
"Hammer of the Dragon's Deep",4469
"Dark Asuran Axe",4470
"Inquest Harpoon",4471
"Kodan Greatsword",4472
"Dark Asuran Scepter",4473
"Nightmare Mace",4474
"Golden Wing Greatsword",4475
"Harpoon of the Dragon's Deep",4476
"Fractal Axe",4477
"Fractal Mace",4478
"Fractal Scepter",4479
"Kodan Harpoon",4480
"Molten Greatsword",4481
"Nightmare Greatsword",4482
"Golden Wing Harpoon",4483
"Bloodlily",4484
"Inquest Rifle",4485
"Molten Harpoon",4486
"Dark Asuran Greatsword",4487
"Fellsprout",4488
"Fractal Greatsword",4489
"Nightmare Harpoon",4490
"Rifle of the Dragon's Deep",4491
"Molten Rifle",4492
"Royal Ascalonian Harpoon",4493
"Staff of the Dragon's Deep",4494
"Fractal Harpoon",4495
"Nightmare Rifle",4496
"Graveyard Bloom",4497
"Royal Ascalonian Rifle",4498
"Deathcamas",4499
"Fractal Rifle",4500
"Inquest Shield",4501
"Golden Wing Staff",4502
"Kodan Shield",4503
"Monkshood",4504
"Nightmare Shield",4505
"Inquest Hammer",4506
"Inquest Dagger",4507
"Dark Asuran Shield",4508
"Dagger of the Dragon's Deep",4509
"Fractal Shield",4510
"Golden Wing Hammer",4511
"Nightmare Hammer",4512
"Snakeroot",4513
"Golden Wing Dagger",4514
"Molten Dagger",4515
"Dark Asuran Hammer",4516
"Nightmare Dagger",4517
"Sword of the Dragon's Deep",4518
"Fractal Hammer",4519
"Bloodroot",4520
"Fractal Dagger",4521
"Golden Wing Sword",4522
"Belladonna",4523
"Modniir Carver",4524
"Inquest Staff",4525
"Shadewort",4526
"Kodan Staff",4527
"Molten Staff",4528
"Nightmare Staff",4529
"Dark Asuran Staff",4530
"Fractal Staff",4531
"Dark Asuran Sword",4532
"Henbane",4533
"Crying Thorn",4534
"Inquest Sword",4535
"Kodan Sword",4536
"Molten Sword",4537
"Nightmare Sword",4538
"Fractal Sword",4539
"Xanthium",4540
"Ilex",4541
"Guild Short Bow",4542
"Guild Speargun",4543
"Guild Rifle",4544
"Guild Pistol",4545
"Guild Longbow",4546
"Guild Cleaver",4547
"Guild Shield",4548
"Guild Harpoon Gun",4549
"Guild Flame",4550
"Guild Warcaller",4551
"Guild Trident",4552
"Guild Staff",4553
"Guild Quick Shot",4554
"Guild Reflex Bow",4555
"Guild Pummeler",4556
"Guild Spear",4557
"Guild Focus",4558
"Guild Truncheon",4559
"Guild Broad Axe",4560
"Guild Tower Shield",4561
"Guild Sharp Shot",4562
"Guild Compound Bow",4563
"Guild Sunderer",4564
"Guild Crusher",4565
"Guild Razor",4566
"Guild Pillar",4567
"Guild Spatha",4568
"Flaming Beacon",4569
"Mountaincall Warhorn",4570
"Living Short Bow",4571
"Chimeric Prism Focus",4572
"Deldrimor Mace",4573
"Seathunder Pistol",4574
"Stygian Axe",4575
"Wayward Wand Scepter",4576
"Ithas Longbow",4577
"Diamond Aegis Shield",4578
"Wheelock Rifle",4579
"Fellblade",4580
"Icebreaker",4581
"Centurions Claw",4582
"Gnarled Walking Staff",4583
"Fiery Dragon Sword",4584
"Pirate Brazier",4585
"Ebon Vanguard Focus",4586
"Modniir Harbinger",4587
"Ebon Vanguard Speargun",4588
"Ebon Vanguard Warhorn",4589
"Ebon Vanguard Scepter",4590
"Pirate Flintlock",4591
"Modniir Eviscerator",4592
"Lionguard Warhorn",4593
"Modniir Flatbow",4594
"Modniir Ward",4595
"Pirate Speargun",4596
"Ebon Vanguard Harpoon",4597
"Ebon Vanguard Axe",4598
"Lionguard Trispear",4599
"Pirate Billy",4600
"Lionguard Gizmo",4601
"Lionguard Scepter",4602
"Pirate Slayer",4603
"Lionguard Harpoon Gun",4604
"Lionguard Pistol",4605
"Pirate Cutlass",4606
"Pirate Hatchet",4607
"Modniir Boomstick",4608
"Lionguard Greatsword",4609
"Ebon Vanguard Rifle",4610
"Lionguard Sword",4611
"Ebon Vanguard Hammer",4612
"Modniir Quarterstaff",4613
"Lionguard Bow",4614
"Ebon Vanguard Dagger",4615
"Pirate Boomstick",4616
"Lionguard Harpoon",4617
"Modniir Saber",4618
"Lionguard Mace",4619
"Pirate Sledge",4620
"Pirate Bloodletter",4621
"Lionguard Shield",4622
"Pirate Crook",4623
"Ebon Vanguard Longbow",4624
"Lionguard Rifle",4625
"Pirate Bugle",4626
"Lionguard Hammer",4627
"Lionguard Staff",4628
"Ebon Vanguard Sword",4629
"Pirate Harpoon",4630
"Modniir Harpoon Gun",4631
"Modniir Wartorch",4632
"Pirate Poppet",4633
"Modniir Trident",4634
"Lionguard Brand",4635
"Lionguard Cannon",4636
"Ebon Vanguard Torch",4637
"Ebon Vanguard Staff",4638
"Lionguard Trident",4639
"Ebon Vanguard Trident",4640
"Pirate Trident",4641
"Pirate Cane",4642
"Modniir Stinger",4643
"Ebon Vanguard Pistol",4644
"Modniir Impaler",4645
"Lionguard Short Bow",4646
"Modniir Revolver",4647
"Ebon Vanguard Short Bow",4648
"Pirate Needler",4649
"Lionguard Spear",4650
"Modniir Punisher",4651
"Modniir Effigy",4652
"Ebon Vanguard Spear",4653
"Ebon Vanguard Mace",4654
"Modniir Baton",4655
"Lionguard Axe",4656
"Ebon Vanguard Shield",4657
"Pirate Barricade",4658
"Pirate Crescent",4659
"Modniir Sunderer",4660
"Ebon Vanguard Greatsword",4661
"Modniir Pulverizer",4662
"Lionguard Dagger",4663
"Frenzy",4664
"Rodgort",4665
"Kraitkin",4666
"Howler",4667
"Quip",4668
"The Dreamer",4669
"The Moot",4670
"Kamohoali'i Kotaki",4671
"The Minstrel",4672
"Meteorlogicus",4673
"Frostfang",4674
"The Flameseeker Prophecies",4675
"Kudzu",4676
"The Predator",4677
"Eternity",4678
"Sunrise",4679
"Twilight",4680
"The Juggernaut",4681
"Incinerator",4682
"The Bifrost",4683
"Bolt",4684
"Spiked Club",4685
"Arachnophobia",4686
"Emberglow",4687
"The Mad Moon",4688
"Dreadwing",4689
"Annelid Rifle",4690
"Droknar's Forgehammer",4691
"The Crossing",4692
"Perfected Rifle",4693
"Grinning Gourd Rifle",4694
"Lyssa's Gaze",4695
"Summit Targe",4696
"Bow of the White Hart",4697
"Blood Legion Shield",4698
"Jora's Defender",4699
"Faithful",4700
"Jotun Greatsword",4701
"Guardian of the Six",4702
"Eir's Longbow",4703
"Ruinmaker",4704
"Whisperblade",4705
"Urchin's Needles",4706
"Kryta's Embrace",4707
"Silence",4708
"Reaver of the Mists",4709
"Resonator",4710
"Bloodseeker",4711
"Black Earth Trident",4712
"Exterminator",4713
"Infinite Light",4714
"Ignus Fatuus",4715
"Twin Sisters",4716
"Wisteria",4717
"Foulbear Lucky Feathers",4718
"Black Fleet Bludgeon",4719
"Mirage",4720
"Iron Legion Shield",4721
"Emberspire",4722
"Ash Legion Shield",4723
"Windstorm",4724
"Avirdanag",4725
"Zhaitan's Reach",4726
"Eidolon",4727
"Delusion",4728
"Reaper of Souls",4729
"Shard of the Deep",4730
"Vision of the Mists",4731
"Occultist Flame",4732
"X6-31 Beta",4733
"Razah's Nightmare",4734
"The Stingray",4735
"Rockweed Spire",4736
"Rodgort's Flame",4737
"Stygian Blade",4738
"Cutthroat Caller",4739
"Drakestrike",4740
"Firelighter",4741