"Traveler",1
"Guild Warrior",2
"Rift Warden",3
"Chosen",4
"Ascendant",5
"Closer to the Stars",6
"Ghostly Hero",7
"Flameseeker",8
"Legend of the Mists",9
"Champion of the Gods",10
"Master Crafter",11
"Been there. Done that.",12
"Golden",13
"Dungeon Master",15
"Combat Healer",17
"Mini Collector",18
"God Walking Amongst Mere Mortals",26
"Leader of the Yak",27
"Yakslapper",30
"Unhappy Camper",33
"Plays for Keeps",36
"Kegmaster",39
"Kingmaker",40
"Tower Toppler",43
"Unstoppable Force",46
"Camp Counselor",49
"Royal Guard",52
"Keep Guard",55
"Immovable Object",58
"Tower Guard",61
"Ultimate Dominator",70
"Fixer-Upper",73
"Champion Brawler",89
"Slayer",90
"Champion Slayer",91
"Champion Magus",104
"Champion Genius",105
"Champion Paragon",106
"Champion Illusionist",107
"Champion Phantom",108
"Champion Hunter",109
"Champion Shadow",110
"Champion Legionnaire",111
"Gladiator",117
"Mercenary",118
"Avenger",119
"Ransacker",120
"Marauder",121
"Ravager",122
"Reaper",123
"Mist Walker",124
"Legendary Champion",125
"The Emperor",127
"Emissary of the Mad King",128
"Master Carver",129
"Volunteer",131
"Avenger of the Dispossessed",133
"Distinction in Applied Jumping",134
"Omnomnivore",160
"Respected Achiever",162
"Acclaimed Achiever",163
"Heralded Achiever",164
"Masterful Achiever",165
"Illustrious Achiever",166
"Wondrous Achiever",167
"Exalted Achiever",168
"Furious Achiever",169
"Unstoppable Achiever",170
"Ascended Achiever",171
"Honors in Applied Jumping",174
"The Sunbringer",175
"Finders Keepers",178
"Great Jungle Wurm Slayer",180
"Wurm's Bane",181
"Hero of Lion's Arch",182
"Fashion Collector",184
"The Blazing Light",185
"Twice-Told Legend",186
"Loyal",188
"Veteran",189
"Faithful",190
"Stalwart",191
"Relentless",192
"Devoted",193
"Victorious",194
"Dedicated",195
"Long-Term Commitment",196
"Decade's Devotion",197
"Uncontrollable Achiever",198
"Insatiable Achiever",199
"Exotic Hunter",200
"Grand Artisan",201
"Dungeoneer",203
"Honorary Skritt",204
"Acolyte of Dwayna",205
"The Annihilator",207
"The Demolisher",208
"The Be-All and the End-All",209
"Light in the Darkness",210
"The Tormentor",211
"The Executioner",212
"Dark Traveler",213
"The Magnanimous",214
"Deer Commander",216
"Mistwarden",218
"Illuminated",219
"Professor",220
"Hivemaster",221
"The Golden Child",222
"Champion Ritualist",224
"Fatebreaker",225
"Killer Queen",226
"Ex Machina",227
"The Great Reformer",229
"The Eternal",230
"Sweet Tooth",233
"Spirited Drinker",235
"Finely Crafted",236
"Slippery Slubling",238
"Indomitable Legend",239
"Salty Sea Dog",245
"I'm rich, you know.",246
"Eternal Gladiator",247
"Grandmaster of Golden Arms",248
"Good Apple",249
"The Unclean",250
"Chicken Chaser",251
"Unyielding Legend",252
"God of PvP",253
"Legendary Demigod",254
"Relentless Legend",255
"Merciless Legend",256
"Immortal Legend",257
"Ruthless Legend",258
"Toymaker",259
"Dusk's Champion",260
"Monster Hunter",261
"Silent Savior",262
"Cannoneer",263
"Committed",264
"Ascended Spirit",265
"Silent Killer",266
"Lord Slayer",267
"Siege Breaker",268
"Demon's Demise",269
"Knight of the Thorn",270
"Rock Star",271
"Fancy Flyer",272
"Storyteller of Orr",274
"The Archdesigner",275
"Envoy's Herald",276
"Leaves No Hero Behind",277
"Master of Secrets",278
"Best of the Best",280
"Supporter of the Kingdom",281
"Friend of Amnoon",283
"Ally of the Sunspears",284
"Shadow of a Shadow",285
"Duo of Destiny",286
"Friend of the Vabbians",288
"Primeval Scion",289
"Bounty Hunter",290
"Junundu Certified",291
"Disciple of Palawa Joko",292
"Sunspear Recruit",293
"Hunter for Hire",294
"Contract Killer",295
"Fractal Champion",296
"Fractal Prodigy",297
"Fractal God",298
"Fractal Savant",299
"Voice in the Void",300
"The Hunter",301
"Magnetic Personality",302
"Armchair Commander",303
"Triumphant Trio",305
"Freebooter",306
"Dauntless",307
"Barnstormer",309
"Kingslayer",310
"Temporal Tourist",313
"Professional Skritt",314
"Keeper of the Sun",315
"The Inevitable",316
"Archaeologist",317
"Champion of Zommoros",318
"The Extra Life",319
"Favored by the Djinn",320
"Rolling Ace",321
"Master of the Forge",322
"Crystal Circuit Racer",323
"Journeyman of the Forge",324
"Ruler of the Skies",325
"Mystic Benefactor",326
"Knight of the Arena",327
"Everlasting Ally of Ahdashim",328
"Dame of the Arena",329
"Ultra Shiny",330
"Demigoddess of the Arena",331
"God of the Arena",332
"Baroness of the Arena",333
"Baron of the Arena",334
"Duchess of the Arena",335
"Duke of the Arena",336
"Princess of the Arena",337
"King of the Arena",338
"Queen of the Arena",339
"Demigod of the Arena",340
"Goddess of the Arena",341
"Prince of the Arena",342
"Gourmet",343
"Festival VIP",345
"Bloodbound",346
"The Unseen",347
"<c=#26c2eb>The Extra Life</c>",348
"Master of the Spirits",349
"Luminary",350
"Tournament Test Subject",351
"Corvus Luminiferous",352
"The Truly Nimble",353
"Queller of Profane Whispers",354
"2v2 Contender",355
"2v2 Elite",356
"Romantic",357
"Forged Steel",358
"3v3 Contender",360
"Stormcaller",361
"Community Conqueror",362
"Pupil of Owl",363
"God of WvW",364
"Defier of Doubt",365
"Dances with Demons",366
"Master of Draconic Fire",367
"Master of Draconic Ice",368
"Returning Champion",369
"Community Drift Master",370
"Community Hero",372
"I Have Many Lure-Bound Hooks",374
"Bubbles's Best Buddy",375
"Kind of a Big Reel",376
"Winn's Favorite",377
"Canthan Wanderer",378
"I'm Very Buoyant",379
"My Guild Hall Smells of Fish Progeny",380
"Well-Rounded",381
"Fishmongers Know Me",382
"Jazz Connoisseur",383
"Honorary Delaqua",384
"The Voidwalker",386
"Peerless Geometer",388
"Facet of Shadow and Death",390
"Facet of Flora and Mind",391
"Facet of Crystal and Fury",392
"Detective",394
"Defender of Lion's Court",395
"Facet of Prisms and Boundless Light",397
"Facet of Water and Life",398
"Nightmare Aspect",399
"Demon Hunter",400
"Master of the Rifts",401
"Sin-Eater",402
"Heart of Deldrimor",403
"<c=#ccbb66>I'm rich, you know.</c>",404
"Wow. That's quality armor.",417
"Embodiment of Sin",418
"Mind Flayer",419
"True Dragon",420
"<c=#c7815d>Ultimate Dominator X</c>",421
"Fabled Phantom",422
"Legendary Genius",423
"Ultimate Paragon",424
"Fabled Legionnaire",425
"Fabled Shadow",426
"Fabled Hunter",427
"Ultimate Hunter",428
"Ultimate Shadow",429
"Ultimate Phantom",430
"Legendary Ritualist",431
"Fabled Genius",432
"Legendary Magus",433
"Ultimate Genius",434
"<c=#c7815d>Ultimate Dominator VII</c>",435
"<c=#c7815d>Ultimate Dominator V</c>",436
"Ultimate Legionnaire",437
"Fabled Magus",438
"<c=#c7815d>Ultimate Dominator IV</c>",439
"Legendary Paragon",440
"Legendary Legionnaire",441
"Fabled Illusionist",442
"Legendary Hunter",443
"<c=#c7815d>Ultimate Dominator III</c>",444
"<c=#c7815d>Ultimate Dominator IX</c>",445
"<c=#c7815d>Ultimate Dominator II</c>",446
"<c=#c7815d>Ultimate Dominator VIII</c>",447
"Legendary Illusionist",448
"Fabled Ritualist",449
"<c=#c7815d>Ultimate Dominator VI</c>",450
"Fabled Paragon",451
"Ultimate Illusionist",452
"Ultimate Magus",453
"Ultimate Ritualist",454
"Legendary Phantom",455
"<c=#A594F7>Legendary Conqueror of Cerus</c>",456
"Legendary Shadow",457
"Jade Quarry Veteran",458
"Augury Rock Veteran",459
"Kodash Veteran",460
"Riverside Veteran",462
"Stormbluff Isle Veteran",463
"Crystal Desert Veteran",464
"Ehmry Bay Veteran",465
"Blackgate Veteran",466
"<c=#ccbb66>Eternal Forgemaster</c>",469
"Darkhaven Veteran",470
"Vabbi Veteran",471
"Honorary Broodling",472
"Kaineng Veteran",473
"Underworld Veteran",474
"Sorrow's Furnace Veteran",475
"Northern Shiverpeaks Veteran",476
"Gunnar's Hold Veteran",477
"Whiteside Ridge Veteran",478
"Miller's Sound Veteran",479
"Abaddon's Mouth Veteran",480
"Aurora Glade Veteran",481
"Dragonbrand Veteran",482
"Elona Reach Veteran",483
"Isle of Janthir Veteran",485
"Tarnished Coast Veteran",486
"Gate of Madness Veteran",487
"Sea of Sorrows Veteran",488
"Fissure of Woe Veteran",489
"Borlis Pass Veteran",490
"Ring of Fire Veteran",491
"Henge of Denravi Veteran",492
"Gandara Veteran",493
"Far Shiverpeaks Veteran",494
"Convergence Champion",495
"Fort Aspenwood Veteran",496
"Wayfinder",497
"Piken Square Veteran",498
"The Venerable",499
"Drakkar Lake Veteran",500
"Anvil Rock Veteran",501
"Devona's Rest Veteran",502
"Stuff, stuff, stuff!",503
"Sanctum of Rall Veteran",506
"Ruins of Surmia Veteran",507
"Eredon Terrace Veteran",508
"Vizunah Square Veteran",510
"Ferguson's Crossing Veteran",511
"Arborstone Veteran",512
"Desolation Veteran",513
"Fort Ranik Veteran",514
"Secret of the Miniscule",515
"Dzagonur Veteran",516
"Jade Sea Veteran",517
"Maguuma Veteran",518
"Yak's Bend Veteran",520
"Blacktide Veteran",522
"Seafarer's Rest Veteran",524
"Baruch Bay Veteran",525
"Kryptis Exorcist",526
"<c=#d9578d>Champion of Champions</c>",528
"Smells Fishy",529
"Elite Employee",530
"A Ferocious Hunger",531
"Professional Fish Wrangler",532
"Friend of Forager's Hunt",533
"Something's Rotten in Janthir",534
"Wanderer",535
"Harvest Denizen",536
"Object in Motion",543
"Push Beta Tester",546
"The Eternal of Mount Balrior",549
"Mount Balrior Raid Expert",550
"Taker of Titan Trinkets",553