"Bezwinger",1
"Held",2
"PvP-Eroberer",3
"Händler",4
"Explorator",5
"Mode",6
"Waffenmeister",7
"Gemeinschaft",10
"Halle der Monumente",11
"Welt gegen Welt",13
"Sprungrätsel",14
"Bosse",16
"Super Adventure Box: Welt 1",22
"Das Geheimnis von Südlicht",23
"Drachen-Gepolter",25
"Verliese",27
"Ein festlich-froher Wintertag '12",28
"Schatten des Verrückten Königs",29
"Fraktale der Nebel",30
"Fasskeilerei",31
"Basar der Vier Winde",34
"Rülpserbluffen",35
"Unterstützt Ellen Kiel",36
"Unterstützt Evon Schlitzklinge",37
"Refugium-Sprint",38
"Südlicht-Überlebenskampf",39
"Krebs-Wurfspiel",40
"Kronjubiläum von Königin Jennah",41
"Der Spießrutenlauf der Königin",42
"Mechanisches Chaos",43
"Feld-Assistent des Gesandten Vorpp",44
"Super Adventure Box: Welt 2",45
"Super Adventure Box: Bockschwerer Modus",46
"Tequatl",47
"Bosswoche",48
"Welt gegen Welt: Saison 1",49
"Zwischenfall im Zwielicht",50
"Ätherpfad im Zwielichtgarten",51
"Blut und Verrücktheit",52
"Turm der Albträume",53
"Im Innern der Albträume",54
"Fraktur",55
"Der Albtraum ist vorbei",56
"Ein festlich-froher Wintertag '13",57
"Dreifacher Ärger",58
"Die Ursprünge des Wahnsinns",59
"Rand der Nebel",60
"Rand der Nebel",61
"Flucht aus Löwenstein",62
"Die Schlacht um Löwenstein",65
"WvW-Frühlingsturnier 2014",66
"Fest der Vier Winde",67
"Pforten von Maguuma",68
"Trockenkuppe",69
"Verschlingung",70
"Im Bann des Drachen\n(Teil I)",71
"Im Bann des Drachen\n(Teil II)",72
"Ausgediente Erfolge",73
"WvW-Herbstturnier 2014",74
"Seltene Sammlungen",75
"Schwarzlöwen-Sammlungen",76
"Einfache Sammlungen",77
"Blut und Verrücktheit",78
"Tägliche Halloween-Erfolge",79
"Die Silberwüste",80
"Echos der Vergangenheit",81
"Verschlungene Pfade",82
"Saat der Wahrheit",83
"Tägliche Fraktale",88
"Täglicher Erfolg: Wintertag",98
"Ein festlich-froher Wintertag '14",99
"Kein Zurück",100
"Festtagsaktivitäten",101
"Tägliche Erfolge – Mondneujahr",102
"Heart of Thorns: 1. Akt",104
"Einsichten in die Beherrschung",108
"Widerstand des Drachen",109
"Spezialisierungen",110
"Güldener Talkessel",111
"Verschlungene Tiefen",112
"Legendäre Waffen",114
"Grasgrüne Schwelle",116
"Spezialisierungssammlungen",117
"Legendäre Rucksäcke",118
"Schatten des Verrückten Königs",119
"Heart of Thorns: 4. Akt",121
"Heart of Thorns: 3. Akt",122
"Heart of Thorns: 2. Akt",123
"Geistertal",124
"Legendäre Rüstung",125
"Jahr des Aufstiegs, Teil I",126
"Jahr des Aufstiegs, Teil IV",127
"Jahr des Aufstiegs, Teil II",129
"Jahr des Aufstiegs, Teil III",130
"Ein festlich-froher Wintertag '15",131
"Mondneujahr 2016",132
"Der Zerschmetterer",133
"Erlösungspass",134
"Fraktale der Nebel",136
"Aktuelle Events",137
"Festung der Treuen",138
"Aus den Schatten",139
"Rache der \"Steinbock\"",141
"Ewiges Kolosseum",143
"Lodernde Flammen",144
"Schatten des Verrückten Königs",146
"Ein Riss im Eis",147
"Fraktal \"Albtraum\"",148
"Die Wundersame Werkstatt von Spielzeugmacher Tixx",150
"Mondneujahr 2017",151
"Der Wald von Niflhel",152
"Vermächtnis des Feindfeuers",153
"Der Kopf der Schlange",154
"Bastion der Bußfertigen",155
"Die Schlacht von Kyhlo",156
"Tempel des stillen Sturms",157
"Die Schlacht von Champions Dämmerung",158
"Geisterwacht",160
"Hammer des Himmels",161
"Tägliches Super Adventure Festival",162
"Krisenherd",164
"Einsichten in die Beherrschung",169
"Fraktal \"Zerschmettertes Observatorium\"",170
"Am Ende des Pfads",171
"Legendäre Schmuckstücke",173
"Domäne Vaabi",174
"Ritter des Dorns",175
"Das Ödland",176
"Anomale Vorkommnisse",177
"Spezialisierungen",178
"Kristalloase",179
"Erhaltung der Magie",180
"Kristallwüste",181
"Elon-Flusslande",182
"Path of Fire: 2. Akt",183
"Transfer-Jäger",184
"Waffensammlungen der Kristallwüste",185
"Gerechtigkeit der Klinge",186
"Path of Fire: 3. Akt",187
"Path of Fire: 1. Akt",188
"Einsichten in die Beherrschung",189
"Wüsten-Hochland",190
"Halloween-Rituale",191
"Verrückte Garderobe",192
"Schatten des Verrückten Königs",193
"Halle der Ketten",195
"Tagesanbruch",196
"Wintertag-Bräuche",197
"Winterpräsenz",198
"Drachenball",199
"Neujahrsbräuche",200
"Täglicher Erfolg – Mondneujahr",201
"Mondneujahr",202
"Ein Fehler im System",203
"Super Adventure Box: Nostalgie",205
"Jäger versunkener Schätze",206
"Lang lebe der Lich",209
"Fest der Vier Winde",210
"Kronpavillon",211
"Bräuche der Vier Winde",212
"Täglicher Abschluss: Fest der Vier Winde",213
"Spießrutenlauf der Königin",214
"Mythenschreiber-Wagnis",215
"Unser Leitstern",216
"Dschinn-Reich",218
"Rollkäfer-Rennen",220
"Tägliche Rollkäfer-Rennen",221
"Alles oder Nichts",224
"\"Welt gegen Welt\"-Kriegsklaue",225
"Ewiger Krieg",226
"Bossansturm",228
"Schlüssel von Ahdashim",229
"Historische PvP-Erfolge",230
"Drachen-Gepolter",231
"Drachen-Gepolter-Heldentaten",232
"Tägliches Drachen-Gepolter",233
"Prolog: Durch Blut gebunden",236
"Festsammlungen",237
"Täglicher Erfolg: Lebendige Welt: Staffel 3",238
"Geflüster im Dunkeln",241
"Täglicher Erfolg: Lebendige Welt: Staffel 4",243
"Drakkar",245
"Schatten im Eis",246
"Tutorial",247
"PvP-Saisons",248
"Tägliche Angriffsmission",250
"Visionen der Vergangenheit: \"Stahl und Feuer\"",251
"Keine Gnade",253
"Jormags Erwachen",254
"Meta-Event-Ansturm",256
"Champion-Ansturm",257
"Fraktal \"Sunqua-Gipfel\"",258
"Fraktal-Ansturm",260
"Wöchentliche Fraktale",261
"Anführen der Kristallblüte",262
"Anführen der Ebon-Vorhut",263
"Globale Belohnungen Mobilisierung",265
"Champions",266
"Anführen der Deldrimor-Zwerge",267
"Globale Belohnungen Mobilisierung",268
"Globale Belohnungen Mobilisierung",270
"Globale Belohnungen Mobilisierung",271
"Anführen der Tengu",272
"Globale Belohnungen Mobilisierung",273
"Anführen der Erhabenen",274
"Globale Belohnungen Mobilisierung",275
"Globale Belohnungen Mobilisierung",276
"Anführen der Flammen-Legion",277
"Anführen der Olmakhan",278
"Globale Belohnungen Mobilisierung",279
"Anführen der Skritt",280
"Globale Belohnungen Mobilisierung",281
"Anführen der Kodan",282
"Drachensturm",284
"Rückkehr zu \"Aus den Schatten\"",285
"Rückkehr zu \"Saat der Wahrheit\" und \"Kein Zurück\"",286
"Rückkehr zu \"Krisenherd\"",287
"Rückkehr zu \"Der Kopf der Schlange\"",288
"Rückkehr zu \"Ein Riss im Eis\"",289
"Rückkehr zu \"Lodernde Flammen\"",290
"Rückkehr zu \"Pforten von Maguuma\" und \"Verschlingung\"",291
"Rückkehr zu \"Im Bann des Drachen\"",292
"Portal-Panik",293
"Rückkehr zu \"Am Ende des Pfads\"",294
"Rückkehr zu \"Echos der Vergangenheit\" und \"Verschlungene Pfade\"",295
"Rache der Marionette",296
"Zorn der Verdrehten Marionette",297
"Kehrt zurück zu \"Geflüster im Dunkeln\"",298
"Kehrt zurück zu \"Durch Blut gebunden\"",299
"Kehrt zurück zu \"Lang lebe der Lich\"",300
"Kehrt zurück zu \"Stahl und Feuer\"",301
"Kehrt zurück zu \"Jormags Erwachen\"",302
"Kehrt zurück zu \"Schatten im Eis\"",303
"Kehrt zurück zu \"Ewiger Krieg\"",304
"Kehrt zurück zu \"Keine Gnade\"",305
"Kehrt zurück zu \"Unser Leitstern\"",306
"Kehrt zurück zu \"Alles oder Nichts\"",307
"Kehrt zurück zu \"Champions\"",308
"Kehrt zurück zu \"Ein Fehler im System\"",309
"Kehrt zurück zu \"Tagesanbruch\"",310
"End of Dragons: 1. Akt",311
"End of Dragons: 5. Akt",312
"Cantha",313
"Arborstein",314
"Stadt Neu-Kaineng",315
"Die legendären Aspekte von Aurene",316
"Angeln",317
"Die Echowald-Wildnis",318
"End of Dragons: 2. Akt",319
"Drachen-Ende",320
"Täglich: End of Dragons",321
"End of Dragons: 3. Akt",322
"Provinz Seitung",323
"Spezialisierungen",324
"End of Dragons: 4. Akt",325
"Einsichten in die Beherrschung",326
"Flamme und Frost",328
"Himmelspiraten",329
"Täglich: Eisbrut-Saga",330
"Abenteuer-Leitfaden: Band fünf",331
"Abenteuer-Leitfaden: Band zwei",332
"End of Dragons",333
"Abenteuer-Leitfaden: Band drei",334
"Abenteuer-Leitfaden: Band vier",335
"Abenteuer-Leitfaden: Band eins",336
"Dekade der Drachen",338
"\"Extra Life\"-Spendenaktion",342
"Abenteuer-Leitfaden: Bonus-Belohnungen",345
"Wöchentlich: Welt gegen Welt",346
"Dringt in den Dunst vor",347
"Schwarzlöwen-Beschaffungsmissionen",350
"Super Adventure Box: Qualitätstest",351
"Im tiefsten Inneren",353
"End of Dragons: Zwischenspiel",354
"Secrets of the Obscure: 1. Akt",355
"Fraktal \"Stumme Brandung\"",356
"Der Turm des Zauberers",357
"Himmelswacht-Archipel",358
"Gewölbe des Zauberers: Saisonziele",359
"Secrets of the Obscure: 3. Akt",360
"Rissjagd",361
"Secrets of the Obscure",362
"Gewölbe des Zauberers: Wochenziele",363
"Horn von Maguuma",364
"Wöchentliche Rissjagd",365
"Amnytas",366
"Gewölbe des Zauberers: Tagesziele",367
"Secrets of the Obscure: 2. Akt",368
"Einsichten in die Beherrschung",369
"Rückhol-Event für gestohlene Schwarzlöwen-Waren",372
"Verlies-Ansturm",386
"Verlies-Ansturm",392
"Fraktal-Ansturm",393
"\"Spieler gegen Spieler\"-Ansturm",400
"\"Welt gegen Welt\"-Ansturm",401
"Schnellstart für neue Helden",402
"Inneres Nayos: Heitors Territorium",403
"Konvergenzen: Äußeres Nayos",404
"Den Schleier lüften",405
"Das Reich der Träume",408
"Inneres Nayos: Umgebung von Nyedra",409
"Klassenerfolge",412
"Höhen des Ruhms",413
"Inneres Nayos: Zitadelle von Zakiros",416
"Der Mitternachtskönig",417
"Fraktal \"Einsamer Turm\"",418
"Versunkener-Schatz-Woche",420
"Das Gewölbe des Zauberers",422
"Wöchentliche Rissjagd",423
"Janthir Wilds: 2. Akt",424
"Janthir",425
"Wiederholbar",426
"Janthir Wilds: 1. Akt",427
"Einsichten in die Beherrschung",428
"Janthir-Nebengeschichten",429
"Janthir Syntri",430
"Tiefland-Küste",431
"Ansehen-Herzen",432
"PvP-Champion-Serie",435
"Berg Balrior (Titanenversteck)",438
"Konvergenzen: Berg Balrior",439
"Sammlungen Welt gegen Welt",440
"Legendärer Speer: Klobjarne Geirr",441
"Götterbrut",442
"Reue",445
"Nebelbrand-Ödland",446
"Charmantes Café",447
"Täglicher Unfug",448
"PvP-Saison",450
"Rollkäfer-Rennen",452
"Legendärer Rucksack: Manifestierter Orrax",453
"Sippenfall-Fraktal",454
"Bava Nisos",455
"Fürs Erste hart arbeiten",456
"Absolution",457