"Zentauren-Bezwinger",1
"Skritt-Bezwinger",3
"Harpyien-Bezwinger",4
"Spinnen-Bezwinger",6
"Wahlloser Bezwinger",7
"Explorator von Kryta",12
"Meister des Schwerts",18
"Meister des Dolchs",19
"Verschlinger-Bezwinger",25
"Elementar-Bezwinger",27
"Riesen-Bezwinger",31
"Greifen-Bezwinger",32
"Hylek-Bezwinger",34
"Kobold-Bezwinger",36
"Jotun-Bezwinger",39
"Schrecken des Albtraumhofs",42
"Oger-Bezwinger",43
"Schleim-Bezwinger",44
"Piraten-Bezwinger",45
"Skelk-Bezwinger",48
"Schrecken der Söhne Svanirs",49
"Troll-Bezwinger",50
"Windreiter-Bezwinger",51
"Wurm-Bezwinger",52
"Schrecken Zhaitans",53
"Meister des Kurzbogens",54
"Meister des Streitkolbens",55
"Meister des Fokus",56
"Meister der Pistole",60
"Verbrechen und Strafe",64
"Für die Legion!",67
"Aus dem Albtraum erwachen",68
"Vom Heulen zur Stille",75
"Manche müssen kämpfen, damit alle frei sind",79
"Konstrukteur",86
"Waidmann",90
"Schneider",91
"Waffenschmied",92
"Spezial-Rüstungen der Menschen",95
"Spezial-Rüstungen der Norn",96
"Explorator der Zittergipfel",100
"Explorator von Ascalon",101
"Explorator von Orr",103
"Auserwählter",114
"Näher an den Sternen",116
"Legende der Nebel",119
"Verliese entdeckt",121
"Meister der Wiederverwertung",127
"Meisterhandwerker",138
"Überlebender auf Lebenszeit",139
"Jäger und Sammler",140
"Grendich-Spiel",147
"König Jalis' Zuflucht",148
"Das eingestürzte Observatorium",151
"Goemms Labor",155
"Behem-Spießrutenlauf",156
"Verschüttete Archive",158
"Höhlenforscher-Senke",160
"Abgefangene Fässer",166
"Verursachte Fasspatzer",168
"Katakomben-Eroberer",186
"Idol des Zwielichts",189
"Retter der Zuflucht",190
"Greifenturmstrecke",193
"Obsidianrefugium",198
"Fawcetts Beute",199
"Der Turm des Wesirs",202
"Professor Portmatts Labor",203
"Die Chaoskristallhöhle",205
"Kavernöses Refugium",206
"Weyandts Rache",217
"In der Nachbarschaft aufräumen",221
"Eroberer",241
"Gladiator",247
"Söldner",248
"Rächer",249
"Nebelwandler",254
"Legendärer Champion",255
"Genie",268
"Vorbild",269
"Illusionist",270
"Legionär",274
"Champion-Phantom",279
"Champion-Jäger",280
"Champion-Schatten",281
"Rächer des Reiches",283
"Verteidiger des Reiches",284
"Der beste Freund des Pack-Dolyaks",285
"Yak-Klatscher",288
"König des Schlosses",294
"Alles, was wir sehen, gehört uns!",300
"Steinnebel bleibt erneut standhaft",313
"Schöne Aussicht von hier oben",316
"Bleibt draußen!",319
"Kalt erwischt",322
"König der Kostüm-Rauferei",336
"Zerschmettert",340
"Brutaler Sonnenbrand",342
"Vexas Labor",345
"Finger weg vom Glänzigen",347
"Magellans Andenken",348
"Ein großer Umweg",351
"Riesenschnabel Nimmersatt",352
"Der vergessene Fluss",353
"Geerdet",354
"Goffs Beute",355
"Fluchgießerei Abgedreht",366
"Hinter der Maske",370
"Hühnerflattern",373
"Stabilisator des Fraktals \"Vulkanisch\"",381
"Fraktal-Stammgast",382
"Stabilisator des Fraktals \"Untergrundeinrichtung\"",383
"Stabilisator des Fraktals \"Felswand\"",386
"Stabilisator des Fraktals \"Nicht kategorisiert\"",387
"Stabilisator des Fraktals \"Unterwasserruinen\"",389
"Stabilisator des Fraktals \"Urbanes Schlachtfeld\"",390
"Steine hüpfen lassen",400
"Täglicher Nebelwachen-Schlächter",437
"Flüchtlingshelfer",460
"Der aufziehende Sturm",461
"Täglicher mystischer Schmied",500
"Fundstücke",536
"Rox: Eine wichtige Mission",539
"Rox – Die Brutstätte",540
"Gelehrter",546
"Bachelor der Pionierarbeit",548
"Nebenfach Tiefbau",551
"Bachelor der Geheimnisse, Welt 1",553
"Doktor der Geheimnisse, Welt 1",555
"Magister der Sphären, Welt 1",558
"Doktor der Sphären, Welt 1",559
"Nebenfach Ausflucht",560
"Unersättlich nach Bestrafung",563
"Kampf gegen die Kriegsmaschinerie",569
"Allianzbrecher",571
"Eine Flamme der Zusammenkunft",572
"Krebs-Wurfspiel-Champion",618
"Die Drachen-Gepolter-Erfahrung",649
"Abgebrüht (2013)",663
"Von der Feier in die Traufe (2013)",664
"Keine Geheimnisse mehr (2013)",666
"Gegen die Ätherklingen",667
"Verrücktes Lager",669
"Zwiesel-Lager",670
"Ohnmachts-Lager",672
"Feindlicher Himmel",678
"Seid nicht grob zum Grobian",679
"Schneller als das Licht",682
"Äther-Ergreifer: Kryta",684
"Geschichtsfreund",687
"Eingekreist – Eingesackt – Eingekerkert (2013)",688
"Meister der Heldentaten",690
"Meister von Om",721
"Strafe muss sein",723
"Zeigt, was Ihr könnt.",726
"Vielsprinter",728
"Krebsgrabscher",755
"Krebsträger",756
"Südlicht-Fallensteller",759
"Schneller Sprinter",762
"Begabter Sprinter",763
"Die Jagd nach dem Kristall",764
"Verteidiger der Krone",815
"Spezialist für Sanfte Landungen",816
"Gast der Abschlusszeremonie",820
"Teleport-Bereitsteller",821
"Interventionist des ersten Portals",822
"Invasionsportal-Schließer",824
"Uhrwerk-Alptraumzerstörer",829
"Scarlet-Störer",831
"Wahlloser Gegner",832
"Interventionist bei der Weltweiten Invasion",835
"Großmeister Waffenschmied",855
"Großmeister Waidmann",856
"Specht",860
"Anspruchsvoller Kunde, Welt 1",861
"Verbotener Honig",862
"Es war ein Hinterhalt",869
"Bachelor der Geheimnisse, Welt 2",873
"Bachelor der Sphären, Welt 2",875
"Ein Meister werden",878
"Professioneller Eisläufer",879
"Gemetzel im Sumpf",900
"Schnell zu Fuß",902
"Über den Wellen",904
"Passt auf!",907
"Zappelschwanz",909
"Gerechtigkeit der Löwengarde",917
"Was weiß sie denn schon?",919
"Unschiffbar",921
"Das Getriebe ölen",924
"Weit über alle Erwartungen",926
"Das lässt Euch kalt",928
"Ein wahrer Freund Turmas",933
"Großmeister Lederer",941
"Täglicher WvW-Meister der Monumente",946
"Bonbonsammler",1020
"Bonbonschwärmer",1021
"Verrückter Springer",1024
"Toxischer Sporensammler",1089
"Toxischer Unkrautvernichter",1093
"Toxischer Sprengmeister-Gärtner",1094
"Toxischer Belagerungsgärtner",1095
"Albtraum-Beender",1100
"Bezwinger des Turm-Hybriden",1135
"Springer der Albträume",1140
"Turm-Schatzjäger",1141
"Schockwellenreiter",1192
"Waffentester",1193
"Stabilisator des Fraktals \"Thaumanova-Reaktor\"",1194
"Stabilisator der Ätherklingen-Zuflucht",1195
"Stabilisator des Ätherklingen-Kapitäns",1197
"Schatzjäger der Nachwirkung",1199
"Viathan-Säuberer der Nachwirkung",1200
"Ungeziefertod der Nachwirkung",1204
"Stoßwellenspringer der Nachwirkung",1205
"Albtraum-Einschläferer",1208
"Albtraum-Vertreiber",1209
"Spielzeugmacher-Geselle",1248
"Verbreitung der Wintertag-Freuden",1264
"Energiesondenverteidiger-Bezwinger",1307
"Marionetten-Ausweicher",1308
"Feldunterstützer der Wachsamen",1309
"Marionetten-Vermeider",1313
"Das Geheimversteck",1315
"Wurm-Phytotoxinsammler",1332
"Wurmkotze",1335
"Wurmeirührer",1340
"Detektei Delaqua",1345
"Jäger der verlorenen Teile",1346
"Keine Straße? Kein Problem!",1363
"Gewagter Hüpfer",1365
"Luft anhalten",1366
"Gezeitensprung",1367
"Listenreich",1368
"Man sagt, das wäre Eure Spezialität",1369
"Lasst es regnen",1371
"Vorsprung der Nebel",1373
"Brückenbrecher",1374
"Generatorengenerator",1376
"Klingen im Nebel",1382
"Alles ist möglich",1385
"Zusammenarbeit IV",1387
"Zusammenarbeit V",1388
"Ätherklingen-Brecher",1390
"Zum Ausgang bitte hier entlang",1392
"Hinterbezirk-Beschützer",1394
"Wurmbezwingender Wahnsinniger",1459
"In einem Käfig aus Stahl und Irrsinn",1508
"Abgang mit Stil",1515
"Rückgrat aufbauen",1518
"Sechs Minuten bis zum Untergang des Ritters",1519
"Nirgends ein sicheres Versteck",1522
"WvW-Frühlingsturnier 2014 Veteran",1566
"Tauchmeister: Schürftal",1633
"Münzensammler: Schürftal",1634
"Kampffelsmeister",1637
"Schneller Überfall",1638
"Schürftal-Absturzstellenkletterer",1639
"Zephyrs Aufstieg",1640
"Pforten von Maguuma",1641
"Jeden Stein umgedreht",1643
"Explosive Vermeidung",1644
"Ganz ohne Schocks",1646
"Kein Seraph wird zurückgelassen",1650
"Huhnado-Jäger",1652
"Herrscher des Glänzigen",1654
"Wirkungsfeuer",1657
"Verschlingung",1659
"Keine Spielchen",1660
"Schmetterlinge und Eingeweide",1663
"Sterben wie die Fliegen",1666
"Zeit wartet nicht",1667
"Runter damit",1669
"Giftbeseitiger",1670
"Mordrem-Ärger",1675
"Bummyaks",1676
"Doch nicht so schlagfertig",1677
"Bringt es zu Ende",1679
"Nicht während meiner Schicht",1680
"Geburtstag – 5. Jahr",1685
"Geburtstag – 7. Jahr",1687
"Geburtstag – 9. Jahr",1689
"Vergrabener Schatz: Herausfordererklippen",1692
"Lizenzierter leidenschaftlicher legendärer Lama-Lokalisator",1693
"Überfallstopper",1696
"Meister der Versammlung",1699
"Kraftquetscher",1701
"Unheilstifter",1702
"Schleichender Schnüffler",1704
"Schlitzohriger Schnüffler",1705
"Mini-Sammlung – Satz III",1707
"Mini-Sammlung – Satz I",1709
"Schatzjäger",1711
"Fraktal-Meister",1712
"Sammler der Zierde der Wogen",1718
"Sammler des Zwielichtgartens",1721
"Sammler von Caudecus' Anwesen",1723
"Sammler der Katakomben von Ascalon",1725
"Sommelier",1728
"Exotische Gewandung",1731
"Aufgestiegene Handwerkskunst",1734
"Qual-Waffensammlung",1735
"Traumdistel-Waffensammlung",1739
"Pyro-Waffensammlung",1740
"Jormag-Abwehrwegweiser",1744
"Zodiak-Waffensammlung",1747
"Exotischer Jäger",1748
"Ambrit-Waffensammlung",1749
"Seltene Ornate",1751
"Geisterhandwerker",1752
"Löffelliebhaber",1754
"WvW-Herbstturnier 2014 Veteran",1760
"Spielzeugkiste des Blutigen Prinzen",1778
"Banditen-Waffenspezialist",1780
"Biolumineszenz",1782
"Echos der Vergangenheit",1783
"Stärke ohne Opfer",1786
"Entblößte Schwäche: Redux",1788
"Eisen",1797
"Der Henker",1801
"Das A und O",1804
"Verlorene Abzeichen",1810
"Verteidiger: Rotstein-Bastion",1811
"Verteidiger: Bernstein-Wanderdüne",1812
"Lumineszierende Handschuhe",1814
"Labyrinth-Läufer",1817
"Tänzer in der Dunkelheit",1819
"Lumineszierendes Beinkleid",1825
"Saat der Wahrheit",1826
"Unsichtbare Infiltration",1832
"Helfer des Botschafters",1836
"Täglicher Erntearbeiter von Ascalon",1838
"Täglicher Panorama-Genießer von Kryta",1839
"Täglicher WvW-Zielobjekt-Verteidiger",1844
"Täglicher WvW-Festeneroberer",1845
"Täglicher WvW-Karawanen-Zerstörer",1847
"Täglicher WvW-Spendierer",1852
"Täglicher PvP-Belohnungsmeister",1856
"Tägliche PvP-Rangpunkte",1857
"Tägliche PvP-Spielersiege",1861
"Tägliches Mini-Verlies: Der vergessene Fluss",1873
"Tägliches Mini-Verlies: Die Tränen Itlaocols",1875
"Tägliches Mini-Verlies: Schatz der Zugigen Höhle",1877
"Tägliches Mini-Verlies: Magellans Andenken",1878
"Tägliches Mini-Verlies: Geerdet",1880
"Tägliches Mini-Verlies: Miese Nachbarschaft",1882
"Tägliches Sprungrätsel: Crazes Torheit",1885
"Tägliches Sprungrätsel: Die Chaoskristallhöhle",1886
"Tägliches Sprungrätsel: Steine hüpfen lassen",1894
"Tägliches Sprungrätsel: Schamanen-Kolonie",1895
"Tägliches Sprungrätsel: Höhlenforscher-Senke",1898
"Tägliches Sprungrätsel: Die Säbelrassler-Bucht",1899
"Tägliches Sprungrätsel: Greifenturmstrecke",1905
"Tägliches Sprungrätsel: Knuddlerbucht",1908
"Tägliches Sprungrätsel: Fawcetts Beute",1910
"Tägliches Sprungrätsel: Spekks Labor",1912
"Tägliches Sprungrätsel: Trübsalriss-Höhlen",1915
"Tägliches Sprungrätsel: Unter neuer Leitung",1917
"Tägliches Sprungrätsel: Der Turm des Wesirs",1918
"Tägliches Sprungrätsel: Dämonenraupen-Gruben",1926
"Tägliches Sprungrätsel: Die Roheisen-Grube",1927
"Tägliches Sprungrätsel: Morgans Sprung",1929
"Täglicher Panorama-Genießer von Orr",1932
"Täglicher Inquestur-Golem Typ II",1934
"Täglicher Panorama-Genießer der Maguuma-Einöde",1937
"Täglicher Panorama-Genießer von Ascalon",1938
"Täglicher Aktivitäts-Teilnehmer",1939
"Tägliche Event-Koryphäe der Fluchküste",1941
"Tägliche Event-Koryphäe der Meerenge der Verwüstung",1942
"Tägliche Event-Koryphäe der Gendarran-Felder",1943
"Tägliche Event-Koryphäe des Funkenschwärmersumpfs",1947
"Tägliche Event-Koryphäe der Felder der Verwüstung",1952
"Tägliche Event-Koryphäe der Wanderer-Hügel",1953
"Tägliche Event-Koryphäe der Schneekuhlenhöhen",1956
"Tägliche Event-Koryphäe der Schauflerschreck-Klippen",1958
"Tägliche Event-Koryphäe der Silberwüste",1959
"Tägliche Event-Koryphäe des Harathi-Hinterlands",1960
"Tägliche Event-Koryphäe der Eisenmark",1962
"Tägliche Event-Koryphäe des Königintals",1963
"Tägliche Event-Koryphäe der Feuerherzhügel",1966
"Täglicher Holzfäller der Zittergipfel",1968
"Täglicher Bergarbeiter von Kryta",1971
"Täglicher Holzfäller von Kryta",1972
"Täglicher Erntearbeiter des Maguuma-Dschungels",1973
"Täglicher Erntearbeiter von Orr",1974
"Täglicher Erntearbeiter von Kryta",1975
"Täglicher Erntearbeiter der Maguuma-Einöde",1980
"Täglicher Bergarbeiter von Ascalon",1981
"Täglicher Erntearbeiter der Zittergipfel",1985
"Täglicher Gefrorener Schlund",2022
"Tägliche Klaue von Jormag",2026
"Mordrem-Waffensammlung",2050
"Lumineszierende Kopfbedeckung",2051
"Verzerrte Reflexion",2056
"Ausweichkünstler",2057
"Kein Zurück",2060
"Felsvermeider",2061
"Buschbomber",2062
"Zerfetzer-Zersetzer",2065
"Rankenzorn-Tilger",2068
"Von Bienen bedeckt!",2069
"Jetzt bloß nicht hinsehen!",2070
"Verschlinger-Beschützer",2072
"Drachenball-Teilnehmer",2080
"Drachenball-Boss",2082
"\"Karmesinrote Löwen\"-Waffensammlung",2083
"Schatten-Waffensammlung",2087
"Tagträumer-Waffensammlung",2121
"Galan-Waffensammlung",2125
"Legendärer Tarrktun-Unterstützer",2129
"Dwaynas Waffensammlung",2130
"Einsicht Grasgrüne Schwelle: Der Leichen-Hain",2144
"Einsicht Grasgrüne Schwelle: Distelranken-Klamm",2145
"Einsicht Grasgrüne Schwelle: Zwingen-Senke",2146
"Einsicht Grasgrüne Schwelle: Knirsch-Höhlen",2147
"Einsicht Grasgrüne Schwelle: Herzloser Pass",2150
"Potentaten-Töter",2151
"Meister des Geschmolzenen Erzes",2156
"Rankenbrenner: Gold",2157
"Beschützer der Pakt-Piloten",2160
"Einsicht Güldener Talkessel: Südwacht-Sackung",2164
"Empfohlenes tägliches Fraktal: Schwierigkeitsgrad 29",2166
"Einsicht Güldener Talkessel: Maske des Gefallenen",2168
"Das Ley-Linien-Rennen: Gold",2173
"Ein unwürdiges Ende",2176
"Rodgort I: Die Experimentelle Fackel",2180
"Widergeehrt",2181
"Pöse Pilze!: Silber",2188
"Kudzu I: Der Experimentelle Langbogen",2193
"Todlose Flucht",2195
"Verrückte Flugmanöver",2197
"Bezwinger von Klingenmeisterin Diarmid",2198
"Gefallenen-Masken: Silber",2200
"Erhalter der Pilze",2205
"König der Tanzhöhle",2207
"Schatulle \"Scherbe der Helligkeit\"",2210
"Schatulle \"Stolz von Löwenstein\"",2214
"Drohnen-Rennen: Silber",2215
"Explorator der Grasgrünen Schwelle",2222
"Bezwinger von Stabmeister Adryn",2224
"Tasche des Agenten",2227
"Raserei II: Die Perfektionierte Harpunenschleuder",2232
"Zinns Meisterschüler",2234
"Meister des Baus",2236
"Der Minnesänger III: Der Barde",2242
"Empfohlenes tägliches Fraktal: Schwierigkeitsgrad 33",2244
"Unkrautbereiniger",2254
"Renovierer",2255
"Empfohlenes tägliches Fraktal: Schwierigkeitsgrad 35",2266
"Astralaria IV: Der Kosmos",2268
"Draufgänger-Adept",2272
"Wachsamen-Ehre",2273
"Wiedergänger: Beschwörung",2274
"Schießbude: Gold",2276
"Gold-Fraktal-Meister",2279
"Meine Gründe",2281
"Bearbeiteter Stab",2282
"Geschichte der Abtei",2285
"Profi-Pilzhöhlen-Plünderer",2286
"Angriff ist ...",2287
"Luftige Höhen",2292
"Tetradentöter",2294
"Kraitkin III: Gift",2296
"NARBE-Unterstützer",2299
"Kamohoali'i Kotaki II: Der Perfektionierte Speer",2306
"Glaubensbruder der Blassen Räuber",2307
"Kudzu II: Der Perfektionierte Langbogen",2311
"Mutter Dschungel sorgt für uns",2315
"Empfohlenes tägliches Fraktal: Schwierigkeitsgrad 5",2316
"Pakt-Reformator",2319
"Wertvolle Habe",2320
"Oger-Luftschiff-Besteiger",2323
"Schatulle \"Schwert des Smodur\"",2326
"Laser-Lichtschalter",2328
"Empfohlenes tägliches Fraktal: Schwierigkeitsgrad 48",2337
"Kopfjäger",2344
"Keine Höhenangst",2346
"Pilzappell",2347
"Wildes Drachenrennen",2348
"Einsicht Verschlungene Tiefen: Kurviger Viadukt",2349
"Schrotter-Meister",2353
"HOFFNUNG II: Entwicklung",2354
"Blitz II: Das Perfektionierte Schwert",2356
"Bearbeiteter Streitkolben",2359
"Tasche des Recken",2360
"Suchen und Retten",2361
"Schatulle \"Cryptonym\"",2365
"Ad Infinitum III: Ohne Grenzen",2368
"Chak-Zermalmer",2371
"Der Bierrat III: Der Energetisierer",2374
"Empfohlenes tägliches Fraktal: Schwierigkeitsgrad 37",2377
"Noch immer schneller als das Licht",2379
"Sucher des Kristallisierten Vorratslagers",2386
"Rodgort III: Rodgorts Flamme",2388
"Knaller I: Die Experimentelle Pistole",2389
"Die Flammensucher-Prophezeiungen II: Der Perfektionierte Schild",2390
"Die Spur der Zeichen",2392
"Einsicht Verschlungene Tiefen: Nördlicher Zusammenfluss",2396
"Sachensucher",2402
"Ohne Fesseln",2403
"Bearbeiteter Dolch",2404
"Empfohlenes tägliches Fraktal: Schwierigkeitsgrad 4",2405
"Lektionen der Qual",2408
"Nebelwächter-Plattenpanzer",2413
"Munitionsumwandlung",2414
"Empfohlenes tägliches Fraktal: Schwierigkeitsgrad 8",2422
"Mutter der Wyvern",2423
"Schreiber",2426
"Volle Kraft",2427
"Artillerie-Trupp-Aushilfe",2431
"Wilde Hingabe",2432
"Astralaria III: Der Mechanismus",2433
"Käfer im Geäst: Silber",2435
"Tarnflug",2439
"Begrabene Einsichten",2443
"Chak-Killer: Meister",2444
"Meteorlogikus III: Sturm",2449
"HOFFNUNG I: Forschung",2450
"Archäotechnik-Adept",2453
"Verbrenner II: Der Perfektionierte Dolch",2458
"Käfer im Geäst: Gold",2460
"Die längste Gleitzeit",2462
"Kampf als durchdrehender Haudrauf-o-Mat: Gold",2465
"Der Moloch III: Der Koloss",2468
"Wiedergänger: Verderbnis",2470
"Körper und Geist",2472
"Empfohlenes tägliches Fraktal: Schwierigkeitsgrad 25",2473
"Keine Laser!",2475
"Düstere Ernte",2476
"Empfohlenes tägliches Fraktal: Schwierigkeitsgrad 2",2477
"Frostfang I: Die Experimentelle Axt",2478
"Blitz III: Schockangriff",2480
"Wiedergänger: Verwüstung",2486
"Dschungeltotem-Jäger",2489
"Fraktal-Erfahrung",2493
"Meister des Mauls von Mordremoth",2496
"Chak-Killer: Experte",2497
"Das Raubtier II: Das Perfektionierte Gewehr",2503
"Unversehrte Flucht",2504
"Schatulle \"Tödlicher Vorteil\"",2505
"Beherrschung Heart of Thorns, 2. Akt",2509
"Hervorragende Personenkenntnis",2510
"Chak-Killer: Anfänger",2513
"Drachenjäger-Adept",2514
"Die Spur der Erhabenen",2516
"Einsicht Güldener Talkessel: Thron der Luminatin",2517
"Getarnte Bomber",2519
"Luftüberlegenheit",2521
"Kraitkin II: Der Perfektionierte Dreizack",2522
"Verteidiger der NARBE-Bahn",2523
"Knaller III: Chaos-Pistole",2524
"Räuber und Beute",2525
"Der Weg des Raubtiers",2527
"Nebelwächter-Kopfbandage",2529
"Empfohlenes tägliches Fraktal: Schwierigkeitsgrad 31",2533
"Die Flammensucher-Prophezeiungen III: Die Auserwählten",2536
"Schauflug: Gold",2540
"Schatulle \"Flammenklinge II\"",2544
"Bearbeiteter Fokus",2545
"Käferschmaus: Gold",2546
"Alter Tom",2548
"Mattierter Verräter",2549
"Nimmermehr IV: Der Rabengeist",2550
"Schatulle \"Mellaggans Tapferkeit\"",2552
"Ultimativer Herausforderungs-Sieger",2555
"Ad Infinitum II: Obergrenze",2557
"Empfohlenes tägliches Fraktal: Schwierigkeitsgrad 10",2560
"Kriegs-Sommelier",2563
"Verbrenner I: Der Experimentelle Dolch",2564
"Schatulle \"Ausdauer\"",2565
"Das Spiel mit der Gefahr",2570
"Baumkronen-Bergung",2574
"Südturm-Eroberer",2575
"Chak-Köder",2576
"Bearbeitete Waffen",2582
"Schatulle \"Himmelsscheibe\"",2583
"Nebelwächter-Kriegsfäuste",2585
"Feuerspringer",2590
"Empfohlenes tägliches Fraktal: Schwierigkeitsgrad 41",2598
"Eierlauf",2599
"Usurpator Mordremoths",2600
"Prismenwarte",2601
"Keine Maske zurückgelassen",2602
"Labor-Luchs",2603
"Fledermausfänger",2605
"Pöse Pilze!: Gold",2607
"Oger ehrenhalber",2613
"Die beste Verteidigung",2616
"Ba-Bumm",2618
"Schatulle \"Donnerbrecher\"",2624
"Bo",2626
"Bearbeiteter Hammer",2629
"Rauferei am Refugium: Silber",2633
"Tarir-Herausforderungs-Sieger",2634
"Raserei I: Die Experimentelle Harpunenschleuder",2637
"Druiden-Adept",2638
"Fünffach geschmiedete Freundschaft",2639
"Spektrale Anomalie",2648
"Beutefinder",2651
"RGB",2655
"Was übrig blieb",2657
"Schnelldurchlauf",2662
"Ex und hopp",2667
"Liga-Wiedergänger – Veteran",2671
"Liga-Mesmer – Veteran",2675
"Liga-Klassenkämpfer – Rekrut",2677
"Schwingen des Ruhms – Champion",2678
"Essenz-Sammler – Veteran",2680
"Liga-Ingenieur – Champion",2681
"Liga-Klassenkämpfer – Champion",2682
"Liga-Dieb – Elite",2688
"Liga-Bezwinger – Veteran",2694
"Liga-Nekromant – Elite",2695
"Täglicher Liga-Teilnehmer – Veteran",2696
"Liga-Top-Stats – Rekrut",2698
"Liga-Mesmer – Rekrut",2700
"Liga-Mesmer – Champion",2702
"Liga-Wiedergänger – Champion",2703
"Liga-Elite",2706
"Liga-Eroberer – Rekrut",2707
"Liga-Ingenieur – Veteran",2719
"Liga-Veteran",2720
"Liga-Top-Stats – Elite",2721
"Liga-Dominator – Champion",2724
"Liga-Wächter – Veteran",2726
"Essenz-Sammler – Elite",2731
"Liga-Elementarmagier – Rekrut",2732
"Liga-Nekromant – Rekrut",2733
"Sammler Mystischer Essenz – Elite",2734
"Täglicher Liga-Teilnehmer – Elite",2735
"Sammler Mystischer Essenz – Rekrut",2737
"Liga-Waldläufer – Veteran",2743
"Liga-Elementarmagier – Veteran",2744
"Liga-Wiedergänger – Elite",2745
"Täglicher Liga-Teilnehmer – Champion",2749
"Liga-Mesmer – Elite",2751
"Pfad des Aufstiegs II: Komplexität der Opferung",2752
"Liga-Wächter – Elite",2757
"Täglicher Liga-Teilnehmer – Rekrut",2759
"Liga-Dominator – Elite",2762
"Festlicher Schluckspecht",2765
"Spielzeugqualitätskontrolle",2769
"Gefrorene Klaue",2777
"Spendenaktion",2789
"Konfekt-Kenner",2792
"Fluch der Gebrandmarkten",2796
"Sanitäter!",2797
"Leugner der Kristallheilung",2799
"Falscher Fehler",2801
"Flugverbot",2803
"Zerschmetterndes Ausweichen",2807
"Haut den Drachen",2808
"Es hat sich auskristallisiert",2813
"Erhebende Waffensammlung",2815
"Tägliche Top-Stats",2817
"Erlösungspass-Beherrschung",2824
"Der große Schlaf",2826
"Beherrscher-Waffensammlung",2833
"Umweltwissenschaften 201",2840
"Innenraumgestaltung 103",2850
"Umweltwissenschaften 101",2851
"Schlosserhandwerk 102",2852
"Abenteurertum 101",2854
"Umweltwissenschaften 202",2863
"Abenteurertum 102",2864
"Magister der Ausstattung, Welt 1",2865
"Studiengruppe",2868
"Umweltwissenschaften 203",2869
"Abenteurertum 103",2873
"Innenraumgestaltung 203",2874
"Kursarbeit: Super Adventure Festival",2876
"Extraktion mineralischer Ressourcen 101",2877
"Extraktion mineralischer Ressourcen 202",2881
"Extraktion mineralischer Ressourcen 203",2882
"Innenraumgestaltung 101",2883
"Kursarbeit: Super Adventure Festival",2885
"Umweltwissenschaften 103",2887
"Kursarbeit: Super Adventure Festival",2888
"Täglicher Abschluss: Urbanes Schlachtfeld, Rang 1",2896
"Täglicher Abschluss: Urbanes Schlachtfeld, Rang 3",2897
"Täglicher Abschluss: Unterwasserruinen, Rang 1",2900
"Spektral-Waffensammlung",2904
"Täglicher Abschluss: Urbanes Schlachtfeld, Rang 2",2907
"Täglicher Abschluss: Ätherklingen, Rang 2",2909
"Täglicher Abschluss: Vulkanisch, Rang 1",2911
"Täglicher Sammler: Herz von Maguuma",2912
"Tägliches Abenteuer: Gefallenen-Masken",2915
"Täglicher Abschluss: Schneeblind, Rang 1",2916
"Tägliche Erforschung: Umarmung der Betrübnis",2917
"Tägliches Abenteuer: Bergungsmaterial-Grube",2919
"Chuka und Champawat II: Der Überfall",2921
"Täglicher Abschluss: Solider Ozean, Rang 4",2923
"Täglicher Abschluss: Ätherklingen, Rang 3",2928
"Tägliche Erforschung: Zierde der Wogen",2931
"Täglicher Abschluss: Kapitän Mai Trin Boss, Rang 4",2932
"Tägliches Abenteuer: Rankenbrenner",2936
"Tägliche Erforschung: Ruinenstadt Arah",2938
"Täglicher Abschluss: Nicht kategorisiert, Rang 4",2939
"Täglicher Abschluss: Urbanes Schlachtfeld, Rang 4",2941
"Tägliches Abenteuer: Der Boden besteht aus Lava?",2942
"Chuka und Champawat IV: Leitfaden der Tigeraufzucht",2943
"Chuka und Champawat III: Tigris",2951
"Tägliche Erforschung: Schmelztiegel der Ewigkeit",2953
"Täglicher Abschluss: Solider Ozean, Rang 1",2954
"Täglicher Abschluss: Feuriger Hochofen, Rang 2",2955
"Täglicher Bergarbeiter: Herz von Maguuma",2957
"Tägliche Erforschung: Zwielichtgarten",2959
"Tägliches Abenteuer: Das Ley-Linien-Rennen",2960
"Täglicher Abschluss: Sumpfland, Rang 2",2961
"Täglicher Abschluss: Unterwasserruinen, Rang 3",2964
"Fraktal-Eingeweihter",2965
"Täglicher Abschluss: Feuriger Boss, Rang 4",2966
"Täglicher Abschluss: Solider Ozean, Rang 2",2971
"Chuka und Champawat IV: Eine unkonventionelle Familie",2974
"Täglicher Abschluss: Kapitän Mai Trin Boss, Rang 1",2978
"Tägliches Abenteuer: Pöse Pilze!",2980
"Täglicher Panorama-Genießer: Herz von Maguuma",2983
"Tägliches Abenteuer: Auf goldenen Schwingen",2984
"Tägliches Abenteuer: Schießbude",2987
"Tägliches Abenteuer: Schrottgewehr-Feldversuch",2988
"Chuka und Champawat I: Die Jagd",2990
"Die Stellung halten",2992
"Jagd nach Wissen",2993
"Ley-Linien-Kartographie",2994
"Magie entfernt",2995
"Unbeugsame Legende",3004
"Spitze der Klinge",3005
"Ley-Linien-Forschung",3006
"Hindernis für die Inquestur",3009
"Abgebaut",3014
"Kundige Politik",3015
"Zerlegt",3017
"Ganz am Boden",3019
"Schneller als ein ... Warg",3022
"Belagert die Festung",3024
"Keadins Studien",3027
"Garens Verteidigung",3028
"Anomalien der Welt",3029
"Fionas Vorratsstapel",3030
"Anomalie in Sicht",3032
"Shanas Ehrgeiz",3033
"Umkehrung des Schicksals",3040
"Sieg an der See",3041
"Blutsteinmagie, auf keinen Fall",3043
"Täglicher Abschluss: Chaos, Rang 2",3044
"Täglicher Abschluss: Chaos, Rang 3",3045
"Täglicher Luftfertigkeiten-Benutzer im Blutsteinsumpf",3052
"Verschwörung der Tollköpfe",3053
"Forschung in Rata Novus",3054
"Blut und Stein",3056
"Schiffsverteidigung",3057
"Einsicht Blutsteinsumpf: Tempel der Erneuerung",3061
"Tauchmeister: Auf einen Sprung vorbei",3062
"Festung des Beichtvaters",3065
"Nicht die Strahlen kreuzen",3066
"Opportunist",3069
"Verlorene Seelen",3070
"Justiziar Bauers Erinnerungen",3071
"Diesmal bleibt Ihr tot",3073
"Die Taten eines Schattens",3074
"Chaos-Demolierer",3080
"Entfesselte Magie: Die Sammlung",3081
"Der Himmel stürzt ein",3082
"Zu Wasser und zu Lande",3085
"Wächter-Schlächter",3088
"Blutstein-Sichtungen",3089
"Blutstein-Ernte",3090
"Sensoren-Sucher: Lornars Pass",3094
"Sensoren-Sucher: Eisklamm-Sund",3096
"Zerstörer-Waffen",3098
"Sensoren-Sucher: Schneekuhlenhöhen",3100
"Einsicht Glutbucht: Kalifenstieg",3103
"Zerstörer zerstören",3105
"Tägliches Faultier oder täglicher Lindwurm der Glutbucht",3106
"Alte Feinde, alte Geister",3107
"Täglicher Karka oder tägliches Jade-Konstrukt der Glutbucht",3108
"Der freundliche Geist",3110
"Aufrechterhaltung von Aurenes Schild",3112
"Tafeln der Ungesehenen",3113
"Stehender Applaus",3117
"Hüpft auf den Vulkan",3119
"Drachendienst",3122
"Beherrschung \"Lodernde Flammen\"",3123
"Brutmutter unten bei der Bucht",3124
"Besuch im Zirkus",3130
"Koaleszenz-Sammler",3131
"Auf Feuer gehen",3147
"Skrillas Wohltäter",3150
"Halloween-Schrecken",3167
"Einsicht Bitterfrost-Grenzland: Bittere Kälte",3174
"Täglicher Abschluss: Albtraum, Rang 3",3175
"Tägliche Elixier-Sucht des Bitterfrost-Grenzlands",3176
"Elixier-Rezept",3182
"Empfohlenes tägliches Fraktal: Schwierigkeitsgrad 66",3184
"Empfohlenes tägliches Fraktal: Schwierigkeitsgrad 54",3185
"Köstliche Nachspeisen",3191
"Empfohlenes tägliches Fraktal: Schwierigkeitsgrad 58",3192
"Im Eis eingefroren",3193
"Tägliche Beerenbeschaffung des Bitterfrost-Grenzlands",3197
"Bergungstrupp",3199
"Empfohlenes tägliches Fraktal: Schwierigkeitsgrad 67",3201
"Elixier-Zubereitung",3207
"Noch eine Schleimpfütze",3208
"Bittere Kälte",3210
"Quaggan-Quatsch-Quest",3214
"Empfohlenes tägliches Fraktal: Schwierigkeitsgrad 64",3215
"Einsicht Bitterfrost-Grenzland: Svanir-Bau",3217
"Flüchtigkeits-Flüchtiger",3218
"Empfohlenes tägliches Fraktal: Schwierigkeitsgrad 69",3219
"Hühnerkram",3221
"Empfohlenes tägliches Fraktal: Schwierigkeitsgrad 72",3222
"Reise ins Bitterfrost-Grenzland",3227
"Empfohlenes tägliches Fraktal: Schwierigkeitsgrad 73",3230
"Gut abgeliefert",3231
"Segen des Koda",3239
"Einsicht Bitterfrost-Grenzland: Greifen-Urwald",3240
"Mut, Mumm und viele Pullover",3242
"Schneeballkrawall",3245
"Unsterbliche Legende",3247
"Silber für die Feiertage",3254
"Dolyak-Verteidiger",3259
"Frostgeschmiedete Waffensammlung",3261
"Den richtigen Ton angeben",3262
"Goldene Großzügigkeit",3270
"Skrupellose Legende",3272
"Baumknutscher-Knutscher",3282
"\"Hammer des Himmels\"-Verteidiger",3283
"Mondlichtaktion",3286
"Armee für die Schlachtbank",3295
"Stimme der Verstorbenen",3296
"Sabotage in Fort Evennia",3301
"Täglicher Doric-See: Wie ein Uhrwerk",3305
"Stiller-Sturm-Angreifer",3307
"Wie bei den Wachsamen",3308
"Fischlein, Fischlein",3311
"Kommandierender Offizier",3312
"Tempel-Champion",3318
"Besatzungsmitglied ehrenhalber",3323
"\"Hammer des Himmels\"-Mechaniker",3324
"Belagerungs-Durchbrecher",3325
"Perfekte Vollstreckung",3326
"Opferlämmer",3330
"Stiller Tod",3331
"Feindfeuer-Angreifer",3332
"Riesenhände",3333
"Täglicher Doric-See: Magie-Sammler",3337
"Täglicher Doric-See: Ein Pfirsich am Tag",3339
"Köderweitwurf",3343
"Eine Fliege in der Suppe",3344
"Täglicher Doric-See: Bosse",3346
"Beherrschung \"Der Kopf der Schlange\"",3348
"Einsicht Doric-See: Wächtersenke",3350
"Erleuchtung",3354
"Einsicht Doric-See: Seeufer-Basar",3358
"Sieg in Niflhel",3359
"Sinnvolle Verwendung",3361
"Sieg in den Wolken",3362
"Fels in der Brandung",3365
"Freund des Waldes",3367
"Saboteur",3368
"Das Ende der Belagerung",3372
"Geisterwacht-Schlächter",3373
"Gut geschlichen",3374
"Niflhel-Angreifer",3376
"Ruf des Champions",3382
"Niflhel-Verteidiger",3384
"Hackt den Kopf ab",3386
"Das nachgewachsene Schwert",3387
"Scherben eines Dorns",3388
"Schwert-Taxonomie",3389
"Ritter des Dorns",3391
"Bestienschlächter-Waffensammlung",3394
"Schutz der Druiden-Ältesten",3396
"Der Druidenstein",3402
"Einsicht Draconis Mons: Verbrühender Schlund",3404
"Alles abgefackelt",3405
"Geborener Kämpfer",3406
"Überschussenergie",3408
"Täglicher Zerstörer-Wyvern-Boss von Draconis Mons",3409
"Sengender Aufstieg",3412
"Tägliche Event-Koryphäe von Draconis Mons",3413
"Tägliche Höhlen-Tour von Draconis Mons",3415
"Herz des Vulkans",3422
"Entweihungsprophylaxe",3423
"Wurm-Schlürfer",3424
"Täglicher Wurmboss oder Kraftanzug-Boss von Draconis Mons",3426
"Gruft-Hüter",3427
"Lektionen gelernt",3429
"Frisch gesotten",3434
"Ein Steinkreis in der Fremde",3436
"Teurer Geschmack",3437
"Täglicher Druidengeist-Boss oder Steinkopf-Boss von Draconis Mons",3438
"Gut gehackt",3439
"Feuerwehr",3441
"Beherrschung \"Krisenherd\"",3442
"Erwachen des Druidensteins",3445
"Jagd auf einen Gott",3446
"Sprießen des Druidensteins",3447
"Vielseitig",3451
"Lama-Zusammentrieb",3453
"Legendärer Rüstmeister",3459
"Aus reiner Gier",3460
"Täglicher Abschluss Zaubersängerlände: Schrein-Vermesser",3466
"Abaddons Aufstieg",3473
"Von der Wissenschaft geblendet",3474
"Einsicht Zaubersängerlände: Lavasprung",3475
"Einsicht Malchors Sprung: Abgrund des Plünderers",3476
"Täglicher Abschluss Zaubersängerlände: Bandenchef-Schlächter",3479
"Geschichtenerzähler: Melandru",3481
"Geheimnisse der Glänzenden Klinge",3485
"Aurora II: Stärkung",3489
"Meister des Doric-Sees",3491
"Wandmalerei-Künstler",3493
"Einfach tierisch",3496
"Reinigungskraft",3497
"Auferstandenen-Forschung",3498
"Meister des Blutsteinsumpfs",3500
"Nicht während meiner Schicht",3503
"Einsicht Baumgrenzen-Fälle: Kupferhammer-Minen",3504
"Voll geschockt",3505
"Einsicht Zaubersängerlände: Klippenkante",3506
"\"Wo ist Balthasar?\"",3507
"Einsicht Zaubersängerlände: Dwaynas Tränen",3508
"Täglicher Abschluss Zaubersängerlände: Glücksspieler",3514
"Wer solche Freunde hat ...",3515
"Zwei Seiten, gleiche Münze",3517
"Echolotung",3521
"Reliktsammler",3525
"Einsicht Feuerherzhügel: Trügerische Ödnis",3530
"Einsicht Mahlstromgipfel: Vulkanrand",3531
"Einsicht Schauflerschreck-Klippen: Dostoev-Himmelsgipfel",3534
"Geschichtenerzähler: Lyssa",3536
"Einsicht Harathi-Hinterland: Versteckter Ourobon",3539
"Geschichtenerzähler: Dwayna",3542
"Einsicht Funkenschwärmersumpf: Trümmerkluft-Hügel",3543
"Abaddons Waffensammlung",3544
"Die welke Rose",3546
"Meister von Draconis Mons",3547
"Verirrte Pilger",3551
"Das Opfer einer Familie",3552
"Verlorenes Wissen der Domäne Vaabi",3555
"Domäne Vaabi: Kopfgeldrundreise",3556
"Wettlauf bis zum Ziel: Kristalloase",3561
"Einsicht Elon-Flusslande: Leviathan-Schlund",3563
"Versteckt und entehrt",3564
"Leichtfüßig",3567
"Kristallbrecher",3569
"Zügel des Raptors",3570
"Doppel-Beseitiger",3571
"Greifen-Meister Kristalloase: Silber",3574
"Gerechtigkeit der Klinge",3575
"Bestie des Krieges",3581
"Temposchwellen",3585
"Tanzen bis zum Umfallen",3587
"Der Abschied",3588
"Einsicht Wüsten-Hochland: Über den Ebenen",3591
"Einsicht Ödland: Sandschakal-Sprung",3592
"Zwergen-Relikte",3596
"Schnitter der Erweckten",3598
"Mumien-Legion",3602
"Täglicher Demolierer",3607
"Dynastisches Ende",3608
"Gefrierender Sprung",3609
"Fahnenflüchtige-Beschützer",3611
"Seelenwandler-Meister",3613
"Schrottplatz-Waffenschmied",3614
"Greifen-Experte Kristalloase: Silber",3615
"Explorator des Wüsten-Hochlands",3616
"Greifen-Experte Vaabi: Gold",3617
"Schatten-Sprinter",3618
"Einsicht Ödland: Zerklüftete Schluchten",3620
"Tausendjährige Stille",3621
"Das Opfer",3622
"Explorator der Elon-Flusslande",3623
"Aufwiegler-Adept",3624
"Verlorenes Wissen der Kristalloase",3625
"Tägliche Kopfgeldjäger der Kristalloase",3626
"Kumaa der Streitsüchtige",3628
"Vergessenen-Trümmer",3629
"Verlorenes Wissen der Elon-Flusslande",3632
"Offener Himmel: Kristalloase",3634
"Kostümprobe",3635
"Steintrotz-Henkersbeil",3639
"Einsicht Wüsten-Hochland: Riesenzweig",3640
"Einsicht Ödland: Der Schlund der Qual",3645
"Nachschubeinsatz Untiefenbucht: Gold",3649
"Seelenwandler-Adept",3651
"Einsicht Ödland: Jokos Steinkreis",3659
"Bannbrecher-Adept",3660
"Offener Himmel: Weisheit der Sonnenspeere",3662
"Der Weg nach vorn",3664
"Abtrünnigen-Meister",3665
"Zomi der Vollkommene",3667
"Aufsteigender Gestank",3670
"Gottesmord",3672
"Abtrünnigen-Adept",3674
"Hochland: Kopfgeldrundreise",3678
"Blut und Sand",3681
"Aufwiegler-Meister",3684
"Schleierreißer",3685
"Bester der Besten",3688
"Ein Familienerbstück",3689
"Einsicht Ödland: Arena von Vayu",3695
"Schatten-Informationen: Gold",3696
"Einsicht Elon-Flusslande: Säulen der Souveränität",3704
"Blumen für Jimoh",3706
"Schatten-Informationen: Silber",3708
"Elon-Flusslande: Kopfgeldrundreise",3711
"Erhaltung der Magie",3712
"Einsicht Wüsten-Hochland: Bruchlande-Krater",3713
"Nachschubeinsatz für die Flüchtlinge: Silber",3718
"Illusionisten-Adept",3719
"Täglicher Panorama-Genießer der Wüste",3721
"Täglicher Kopfgeldjäger der Elon-Flusslande",3722
"Greifen-Meister Elon-Flusslande: Gold",3723
"Den Gefallenen zu Ehren",3728
"Der Wahrheit stellen",3733
"Der Bankeinbruch: Tresor 2",3735
"Offener Himmel: Zufluchtsort der Sonnenspeere",3736
"Wettlauf bis zum Ziel: Wüsten-Hochland",3741
"Champion-Kopfgeldaufträge Wüsten-Hochland",3743
"Kettklinge",3745
"Holoschmied-Meister",3750
"Legendäre Kopfgeldaufträge Wüsten-Hochland",3754
"Einsicht Wüsten-Hochland: Stillstand-Spitze",3755
"Ausmerzung",3756
"Täglicher Erntearbeiter der Wüste",3760
"Legendäre Kopfgeldaufträge Kristalloase",3764
"Nachschubeinsatz Vehjin: Silber",3765
"Fangzahn Mokèlés",3768
"Einsicht Wüsten-Hochland: Hochsprunghügel",3769
"Führer der Verlorenen",3787
"Der Bankeinbruch: Tresor 1",3788
"Kavalier-Express: Gold",3789
"Legendäre Kopfgeldaufträge Elon-Flusslande",3790
"Schlafenszeit",3794
"Einsicht Elon-Flusslande: Helden-Aussichtspunkt",3795
"Meister der Mumien",3797
"Weissagungsaufstieg",3801
"Einsicht Domäne Vaabi: Kodash-Flammenschale",3803
"Einsicht Kristalloase: Sifuri-Treibsand",3805
"Dünenreiter",3806
"Explorator der Kristallwüste",3815
"Wer braucht schon ein magisches Schwert?",3820
"Ehrt das goldene Herz",3822
"Umwerfend!",3823
"Greifen-Meister Kristalloase: Gold",3832
"Offener Himmel: Elon-Flusslande",3834
"Fangen",3835
"Yitfei die Helle",3836
"Legendäre Kopfgeldaufträge Ödland",3837
"Greifen-Meister Elon-Flusslande: Silber",3840
"Einsicht Domäne Vaabi: Zagonur-Türme",3841
"Champion-Kopfgeldaufträge Elon-Flusslande",3845
"Arcus Guerilla",3848
"Jilai die Strahlende",3851
"Sprengstoffexperte",3854
"Schwefelschuss",3857
"Greifen-Meister",3858
"Greifen-Meister Ödland: Gold",3859
"Blutendes Herz",3860
"Gebleichte Knochen",3862
"Offener Himmel: Auf Schwingen und mit einem Gebet",3867
"Stab der Verlorenen",3868
"Greifen-Experte Elon-Flusslande: Silber",3873
"Greifen-Meister Vaabi: Silber",3874
"Junundu-Wurm-Zertifizierung",3883
"Einsicht Ödland: Stille Insel",3885
"Scharfschützen-Meister",3886
"Täglicher Bergarbeiter der Wüste",3888
"Iberu, wir kannten Euch kaum",3890
"Junundu-Meisterzertifizierung",3891
"Die Spitzenklinge",3893
"Spitze des Speers",3895
"Beherrschung Path of Fire, 3. Akt",3902
"Saturday Night Fever",3903
"Meister des Handels",3906
"Sucher von Wahrheit und Wissen",3908
"Kopfgeldjäger-Meister",3910
"Mini-Raptor-Junge-Sammlung",3914
"Uhrturm des Verrückten Königs",3915
"Meister des Labyrinths",3916
"Höfische Dienste",3919
"Garderobe des Hofes der Verrückten",3920
"Schlangen-Töter",3924
"Uralter Groll",3925
"Champion des Glockenturms",3926
"Tour durch das Labyrinth",3930
"Herold-Auszubildender des Verrückten Königs",3931
"Gegen den König",3933
"Festliche Fehde",3934
"Verrückte Geheimnisse",3939
"Unter Umständen nahrungsmittelähnlich",3940
"Stammgast der Verrückten Inquisition",3941
"Weg mit der Tür",3944
"Treibsand-Waffensammlung",3949
"Der Schwerpunkt",3951
"Aufstieg der Mondsichel",3952
"Eine leibhaftige Legende",3953
"Neue Pracht",3954
"Unter den Sternen",3955
"Greifen-Meister Istan: Silber",3956
"Täglicher Kopfgeldjäger der Domäne Istan",3957
"Korsaren-Erinnerungsstücke",3958
"Zur rechten Zeit",3965
"Täglicher Mondsichel-Champion-Bezwinger der Domäne Istan",3966
"Gnade der Mondsicheln",3967
"Luftakrobat",3971
"Täglicher Abenteurer der Domäne Istan",3974
"Ihr habt was vergessen",3975
"Evakuierung Amnoons",3976
"Pichelschlich",3982
"Meuterei!",3983
"Qais: Fall erledigt",3984
"Täglicher Leichen-Karawanen-Zerstörer der Domäne Istan",3987
"Im Dreiklang mit den Nebeln",3990
"Greifen-Experte Istan: Gold",3991
"Unerledigte Geschäfte",3992
"Exil-Henker",3993
"Der Held von Istan",3994
"Im Laufe der Zeit",3995
"Die Erste Stadt",3996
"Der Schock blieb aus",3997
"Forschung über Brandstein",4000
"Täglicher Rennteilnehmer der Domäne Istan",4005
"Kein Durst",4007
"Was Tod ist, wird niemals sterben",4016
"Täglicher Jäger Geheimer Vorräte der Domäne Istan",4017
"Gottheit der Nebel",4018
"Tot und still",4020
"Uralte Waffen: Silber",4021
"Täglicher Abschluss: Zwielichtoase, Rang 1",4028
"Einsicht Istan: Koloss von Palawadan",4029
"Täglicher Abschluss: Zwielichtoase, Rang 3",4030
"Greifen-Meister Istan: Gold",4031
"Nekro-Tänzer",4033
"Koaleszenz I: Hemmungslos",4035
"Augenschmerz",4036
"3 Statuen in 5 Minuten",4037
"Eisbrecher",4038
"Champions Erwachen",4040
"Festival-Automat (jährlich)",4045
"Zeitalter der Spielzeukalypse (jährlich)",4046
"Gletscher-Waffensammlung",4050
"Festliche Großzügigkeit (jährlich)",4051
"Schneegleiter (jährlich)",4052
"Rennen im Schnee",4053
"Ullas Rivale",4056
"Furchtloser Spender",4057
"Sprung über den Schnee (jährlich)",4059
"Portal-Durchbrecher",4060
"Zone verteidigt",4064
"Mini-Schakal-Welpe-Sammlung",4065
"Goldener Zündler",4066
"Erleuchteter Himmel (jährlich)",4067
"Herz des Drachen (jährlich)",4068
"Feuerwerkskörper-Finder",4074
"Freunde an höchster Stelle",4076
"Erleuchteter Himmel",4078
"Himmlischer Rennteilnehmer (jährlich)",4081
"Himmlischer Gefährte",4086
"\"Ein Fehler im System\"-Beherrschung",4093
"Täglicher Abenteurer der Sandgepeitschten Inseln",4094
"Einsicht Sandgepeitschte Inseln: Die Jagdgründe",4096
"Inquestur-Entlassungen",4097
"Kopfgeldjäger der Sandgepeitschten Inseln",4098
"Reiz und Reaktion",4101
"Reparatur von IG-6417",4103
"Inquestur-Versuchsobjekte-Befreier",4107
"Rehabilitierung von IG-6417",4108
"Drohnen deaktiviert",4109
"Dauerhafte Bande: Was nun folgt",4112
"Der Weg nach Rata Primus",4114
"Täglicher Kopfgeldjäger der Sandgepeitschten Inseln",4118
"Wettlauf bis zum Ziel: Olmakhan-Docks",4121
"Sturmpause",4122
"Mir steht der Golem",4126
"Wyvern-Prügel",4127
"Sprecht mit der Faust",4130
"Unbezähmbar",4132
"Legenden-Jäger der Sandgepeitschten Inseln",4133
"Tägliche Ansehen-Herz-Koryphäe der Sandgepeitschten Inseln",4138
"Die Versuchsobjekt-Kammer",4139
"Neustart von IG-6417",4141
"Rettungskommando",4143
"Beeinflussbare Jugend",4145
"Greifen-Experte Sandgepeitschte Inseln: Silber",4147
"Einsicht Sandgepeitschte Inseln: Invariante Enklave",4150
"Welt 2: Vorbereitung (jährlich)",4153
"Flug der Hummelmöpse (jährlich)",4156
"Für Ravious",4157
"Welt 2: Herausforderung (jährlich)",4160
"Inquestur-Waffensammlung Typ II",4162
"Vergebliche Invasion",4166
"Erhebung über wichtige Themen",4167
"Wiedererweckte Gefahr",4169
"Meistertaucher: Kessex-Hügel",4171
"Meistertaucher: Eisklamm-Sund",4172
"Meistertaucher: Gendarran-Felder",4174
"Abschaum im Teich",4182
"[FTG 303]: Kompetente Dynamik – Heilende Aura, Stufe 3",4185
"[FTG 404]: Fortschrittliche Dynamik – Schildblase, Stufe 4",4190
"Rollkäfer-Training: Silber",4192
"Stille Wasser sind tief",4194
"Von Spinnen und Wachen",4197
"Rollkäfer-Training: Gold",4198
"Käfermania",4202
"Der mit Kakteen tanzt",4203
"Einsicht Domäne Kourna: Lager der Verbündeten",4206
"Mehr als ein Held",4207
"Dezimierung",4209
"Täglicher Abschluss: Tiefenstein, Rang 3",4210
"Einsicht Domäne Kourna: Dabiji-Senken",4213
"[FTG 305]: Kompetente Dynamik – Segenswelle, Stufe 3",4215
"Unfreiwilliges Publikum",4217
"[FTG 202]: Mittlere Dynamik – Gebietsschaden, Stufe 2",4219
"Leise aber tödlich",4220
"[FTG 301]: Kompetente Dynamik – Direktschaden, Stufe 3",4226
"Käferquetschen",4227
"Einsicht Domäne Kourna: Dunlon-Quellen",4228
"Ich kann ganz weit sehen ...",4231
"Ziemlich zähe Brocken",4234
"Böses Erwachen",4235
"[FTG 402]: Fortschrittliche Dynamik – Gebietsschaden, Stufe 4",4237
"Tägliche Erforschung: Kourna – Haltet sie auf!",4239
"[FTG 204]: Mittlere Dynamik – Schildblase, Stufe 2",4240
"[FTG 203]: Mittlere Dynamik – Heilende Aura, Stufe 2",4241
"Täglicher Abschluss: Tiefenstein, Rang 1",4244
"[FTG 207]: Mittlere Dynamik – Gravimetrischer Tunnelfeldoszillator, Stufe 2",4245
"Gesprächiger Redner",4246
"Neue Verbündete",4247
"Tägliche Erforschung: Kourna – Kanone kaputt!",4249
"Greifen-Meister Domäne Kourna: Silber",4250
"Medaille \"Treue Dienste an Gandara\"",4251
"Fantastische Reise durchs Quantenland",4253
"[FTG 206]: Mittlere Dynamik – Geschwindigkeitsmauer, Stufe 2",4254
"[FTG 307]: Kompetente Dynamik – Gravimetrischer Tunnelfeldoszillator, Stufe 3",4257
"Hereinspaziert!",4259
"Greifen-Meister Domäne Kourna: Gold",4262
"Alles muss raus!",4264
"Schlaf, mein Schaf!",4269
"Der Rolle gewachsen",4271
"Schweberochen-Slalom",4277
"Bossblitz: Halt, Hablion!",4278
"Spektrale Hilfe auf dem Markt",4282
"Drachen-Jäger",4283
"Zephyr der Vier Winde",4284
"Demütiger Sieger",4290
"Dolyak-Flieger",4292
"Aufstieg und Fall des Kuukuuchuu",4293
"Wilder Berserker",4295
"Kerze im Wind",4296
"Zeremonienmeister",4297
"Königsbezwinger",4300
"Himmelsstürmer in den Klippen",4301
"Bündel-Plünderer",4303
"Piraten-Prügler",4305
"Dreifache Bedrohung",4307
"Bis Blut fließt",4308
"Piraten-Bestrafer",4309
"Bossblitz: Erledigt Pyroxis",4310
"Fleischloser Mörder",4311
"Pavillonjäger",4316
"Schneller als Vier Winde",4317
"Einen nassen Charr hat niemand gern",4318
"Potzblitz",4319
"Meister-Aspekt-Sammler",4322
"Zerstörer-Zerstörer",4327
"Oger-Ohrfeiger",4329
"Bossblitz: Besiegt Kuraii",4330
"Orkan der Vier Winde",4331
"Gemetzel-Enthusiast",4332
"Tageshändler",4333
"Bossblitz",4334
"Schöpfung von Legenden",4336
"\"Verrücktes Reich\"-Waffensammlung",4338
"Volles Haus",4341
"Eine zerschmetterte Nation",4342
"Ich habe jemanden mitgebracht",4343
"Chaostheorie",4346
"Helden der Schmiede",4355
"Requiem: Experiment 6",4357
"\"Unser Leitstern\"-Beherrschung",4359
"Schuss mit lustig!",4365
"Täglicher Erfolg Jahai-Klippen: Riss-Event",4367
"Einsicht Jahai: Fangzahn des Drachen",4368
"Geschichte schreiben",4371
"Aus der Asche",4372
"Einsicht Jahai: Mondsichel-Wohlstand",4380
"Dunkle Werkzeuge für dunkle Zeiten",4383
"Heute nicht",4384
"Greifen-Meister Jahai-Klippen: Gold",4385
"Der beste Angriff",4402
"Beweisstück Ah!",4403
"In einem Sandkorn",4406
"Wachsame Augen",4407
"Worte der Genesung",4408
"Mythenschreiber-Gelehrter",4409
"Täglicher Erfolg Jahai-Klippen: Kampf dem Todesgebrandmarkten Zerschmetterer!",4410
"Kleine Demontage",4416
"Endlich aus der Flasche",4421
"Mit den Klauen zur Mauer",4424
"Grundloses Herumrennen: Silber",4425
"Münzen von Jahai",4430
"Täglicher Erfolg: Kopfgeldjäger der Jahai-Klippen",4431
"Großer Klippen-Jäger",4434
"Verrückter Drifter",4440
"Herold des Verrückten Königs (Praktikant)",4441
"Aufstieg in den Wahnsinn (jährlich)",4442
"Jährliche Rituale",4443
"Uralter Groll (jährlich)",4446
"Verrückter Rennteilnehmer (jährlich)",4449
"Adel verpflichtet (jährlich)",4452
"Verteidiger des Dschinn-Reichs",4455
"Günstling des Dschinns",4460
"Roll-Ass: Seeuferschleife",4461
"Roll-Rennteilnehmer: Tropental-Rennstrecke",4463
"Roll-Rennteilnehmer: Infernalischer Sprung",4464
"Roll-Wettkämpfer: Tropental-Rennstrecke",4466
"Roll-Wettkämpfer: Jormags Fangzahn",4467
"Roll-Wettkämpfer: Infernalischer Sprung",4471
"Täglicher Rennteilnehmer: Tropental-Rennstrecke",4475
"Täglicher Rennteilnehmer: Geistfeuer-Rennen",4480
"Roll-Ass: Geistfeuer-Rennen",4481
"Erhebung über wichtige Themen 2",4483
"Orchester-Waffensammlung",4486
"Jährliche Bräuche",4487
"Wintertag-Wächter",4488
"Freude werfen",4489
"Etwas fürs Herz",4491
"Geschichtenjagd: Zur Sache",4495
"Kristallblüte",4497
"Bunkerbrecher",4498
"Überraschungsvorräte",4499
"Es wird heiß hier drin",4503
"Gebrandmarkte am Stiel",4506
"Elektrophobie",4510
"Geschichtenjagd: Machtwille",4511
"Geschichtenjagd: Blutdurst",4512
"Drachenblut",4513
"Ehrenritual",4515
"Geschichtenjagd: Durio der Verächtliche",4518
"Geschichtenjagd: Präventivschlag",4519
"Hydra-Rodeo",4522
"Einsicht Donnerkopf-Gipfel: Eisenhammerkreuzung",4524
"Geschichtenjagd: Ein Licht im Dunkeln",4531
"Geschichtenjagd: Mirren der Manipulator",4535
"Nachladen: Gold",4538
"Geschichtenjagd: Sonnenschlächterin",4540
"Donnerkopf-Gipfel: Täglicher Sammler Gebrandmarkter Massen",4541
"Geschichtenjagd: Streitkolben",4542
"Einsicht Donnerkopf-Gipfel: Zerschmetterte Bucht",4543
"Geschichtenjagd: Zermalmt sie!",4546
"Geschichtenjagd: Klinge der Gerechtigkeit",4548
"Geschichtenjagd: Auge des Sturms",4549
"Angelexperte",4553
"Geschichtenjagd: Wilder Schild",4555
"Geschichtenjagd: Azra die Sonnenschlächterin",4558
"Plünderer von Zwergen-Schätzen",4559
"Geschichtenjagd: Mouglon der Wachsame",4560
"Geschichtenjagd: Meister des Duells",4561
"Geschichtenjagd: Schlachtruf",4563
"Großer Preis",4564
"Der Flüchtling",4569
"Geschichtenjagd: Ort der Kraft",4570
"Donnerkopf-Gipfel: Täglicher Bezwinger von Legenden",4571
"Fluch-Fänger",4572
"Donnerkopf-Gipfel: Täglicher Grabräuber",4575
"Geselle der Schmiede",4577
"Einsicht Donnerkopf-Gipfel: Höhle der Betrübnis",4578
"Geschichtenjagd: Füttert die Bestie",4580
"Geschichtenjagd: Alarm!",4583
"Geschichtenjagd: Die alten Sitten",4585
"Ley-Tänze",4586
"Geschichtenjagd: Bauchschuss",4587
"Archäologie-Experte",4591
"Geschichtenjagd: Gesetzloser",4592
"Geschichtenjagd: Federsturm",4593
"Haut drauf und greift zu",4595
"Geschichtenjagd: Krieger-Poet",4597
"Geschichtenjagd: Unbewegliches Objekt",4599
"Donnerkopf-Gipfel: Täglicher Truhen-Jäger",4602
"Geschichtenjagd: Beständiger Hass",4609
"Geschichtenjagd: Handwerkszeug",4614
"Eins, zwo, auf die Barrikaden!",4616
"Geschichtenjagd: Asaliea die Kanalisiererin",4619
"Schrottsuche",4621
"Geschichtenjagd: Höhenflieger",4622
"Sturmhelm der Kriegsklaue",4628
"Konsolenkracher",4630
"Ist das ein Kratzbaum?",4632
"Fisch ohne Wasser",4635
"Nicht auf der Gästeliste",4639
"Bein-Rüstung der Kriegsklaue",4640
"Körper-Rüstung der Kriegsklaue",4643
"Offiziell ausgeladen",4644
"Sattel der Kriegsklaue",4646
"Wilder Gelehrter",4647
"Landet stets auf den Füßen",4648
"Meister der Münzen, Welt 2",4650
"Super Adventure Box: Nostalgie (jährlich)",4651
"Super-Abenteurer-Aufgabe",4652
"Super-Abenteurer-Aufgabe 2",4655
"Rissstürmer",4658
"Bonus-Event: Weltboss-Ansturm",4659
"Gebrandmarkte Waffensammlung",4660
"Bezwinger des Brennenden Waldes",4661
"Einsicht Drachensturz: Baumkrone, Versengte Klippen",4664
"Himmelsschuppen-Eier",4666
"Himmelsschuppen-Pflege",4671
"Himmelsschuppen-Reiter: Maguuma-Einöde",4672
"Das Ende",4673
"Ungezogene Himmelsschuppen",4675
"Himmelsschuppe des Eises",4678
"Himmelsschuppe der Erde",4680
"Täglicher Champion-Bezwinger von Drachensturz",4683
"Himmelsschuppe des Blutes",4684
"Einsicht Drachensturz: \"Gebiss des Grenth\"-Küste",4685
"Beherrschung: \"Ewiger Krieg\"",4689
"Himmelsschuppen-Reiter: Ruinen von Orr",4691
"Verirrte Himmelsschuppe",4692
"Himmelsschuppe des Todes",4695
"Zurückhaltung",4697
"Herrscher der Himmel",4699
"Blutung",4700
"Einsicht Drachensturz: Himmelsschuppen-Horst",4701
"Champion der Champions",4708
"Himmelsschuppen-Sattel",4709
"Himmelsschuppen-Rettung",4712
"Unkraut jäten",4715
"Himmelsschuppen-Medizin",4719
"Täglicher Nebelwächter-Stützpunkt-Errichter von Drachensturz",4720
"Himmelsschuppe des Geistes",4724
"Himmelsschuppen-Leckerchen",4725
"Geschicktes Ausweichen",4731
"Himmelsschuppe der Furcht",4736
"Feuer löschen",4740
"Die Schlacht von Drachensturz",4742
"Ruhm der Drachen",4744
"Herz an Herz",4747
"Himmelsschuppen-Reiter: Ascalon",4750
"Landung",4753
"Gemeinschaftsziel-Belohnung: Rang 2 (Meta-Event)",4755
"Visionen von Drachensturz",4757
"Mystischer Wohltäter",4758
"Bonus-Event: Meta-Event-Ansturm",4761
"Vision I: Erwachen",4762
"Visionen der Donnerkopf-Gipfel",4764
"Visionen von Istan",4765
"Bonus-Event: Meta-Event-Ansturm",4769
"\"Forscher\" der Mystischen Schmiede",4775
"König der Arena",4777
"Den Sturm bändigen",4779
"Königin der Arena",4780
"Passierschein nach Ahdashim",4781
"Kraftschub",4785
"Ritter der Arena",4786
"Tümpelfest",4791
"Gezähmtes Gelände",4796
"Verrückt vor Kraft",4800
"Sturmjäger",4801
"Koaleszenz III: Kulmination",4805
"Herzog der Arena",4806
"Prinz der Arena",4807
"Geladene Winde",4808
"Meister der Arena (jährlich)",4813
"Den Tod vor Augen",4817
"Helft einem Quaggan aus der Not",4819
"Kein Weg zu weit (jährlich)",4820
"Piñata-Profi",4822
"Den Himmel einfärben",4823
"Hoch hinaus",4824
"Teilnahme am Drachen-Gepolter",4827
"Rekord geschlagen",4831
"Hologramm-Zähmer",4834
"Drachenklatscher",4835
"Papier-Drache (jährlich)",4836
"Ich bin schneller als ein Drache",4840
"Reittier-Meister",4847
"Den Himmel einfärben (jährlich)",4850
"Bonus-Event: Weltboss-Ansturm",4853
"Gemeinschaftsziel Boss-Ansturm: Rang 1",4859
"Geübte Verfolgung (jährlich)",4861
"Formidabler Flieger (jährlich)",4863
"Bossblitz: Bezwingt Bumm-Bumm (jährlich)",4864
"Bossblitz: Vernichtet Sparcus (jährlich)",4869
"Zentauren-Zermalmer (jährlich)",4870
"Bossblitz: Besiegt Kuraii (jährlich)",4871
"Slalom-Spezialist (jährlich)",4873
"Jährliche Bräuche",4876
"Bossblitz: Halt, Hablion! (jährlich)",4877
"Bündel-Plünderer (jährlich)",4878
"Zephyriten-Fundstücke (jährlich)",4879
"Zerstörer-Zerstörer (jährlich)",4880
"Güter-Händler (jährlich)",4882
"Legendärer Wohltäter",4884
"Gemeinschaftsziel Champion-Ansturm: Rang 5",4885
"Bonus-Event: Täglicher Champion-Ansturm – Ascalon",4887
"Bonus-Event: Täglicher Champion-Ansturm – Zittergipfel",4888
"Gemeinschaftsziel Champion-Ansturm: Rang 2",4893
"Gourmet-Ausbildung",4896
"\"Endloser Ozean\"-Waffensammlung",4897
"Feiern & Rivalitäten",4899
"Große Tour von Grothmar: Silber-Herausforderung",4910
"Angesehener Sucher",4911
"Unmaskierter Kampf",4912
"Täglicher Blut-Festen-Assistent des Grothmar-Tals",4913
"Heimkehr",4914
"Krater-Rundstrecke: Silber-Herausforderung",4915
"Souschef-Meister",4916
"Zusätzliche Geheimnisse des Khan-Ur",4918
"Tägliche Teilnahme am Grothmar-Spießrutenlauf",4924
"Achtung!",4926
"Rampenlicht stehlen",4927
"Mustergültiger Diplomat",4929
"VIP-Berechtigung",4931
"Pikant",4936
"Ballon-Ziele",4939
"\"Durch Blut gebunden\"-Beherrschung",4940
"Viehhüter",4942
"Schoten-Sammler",4946
"Große Tour von Grothmar: Spitzenposition",4948
"Geheimnisse des Khan-Ur",4951
"Grothmar-Legionär",4953
"Zusicherung",4956
"Böses Blut",4957
"Die Vorstellung muss weitergehen",4960
"Pustender Blasebalg",4961
"Grothmar-Himmelsschuppen-Herausforderung: Silber",4962
"Schädlingsbekämpfung",4965
"Asche-Trainingsstrecke: Gold",4966
"Täglicher Feld-Assistent des Grothmar-Tals",4969
"Siegreich im Zerstörungs-Derby",4970
"Tiefer und tiefer",4974
"Täglicher Säuberer vom Schrein des Schicksalswissens",4977
"Zündet es an!",4978
"Immer schön frostig",4979
"Schockgefrieren",4983
"Leibwächter",4987
"Brand zerstampft",4991
"Professioneller Rausschmeißer",4995
"\"Extra Life\"-Spenderziel",5001
"Verrückte Rüstkammer: Sterbesakramente",5003
"\"Königliche Flamme\"-Waffen",5004
"Feststammgast",5005
"Täglicher Gefallene-Jäger",5007
"Ins Eis",5011
"Tägliche Helfende Pfote der Kodan",5015
"Nachwuchsermittler",5016
"Gunst des Raben",5017
"Täglicher \"Ewiges Eis\"-Sammler der Bjora-Sümpfe",5022
"Legende Stimme der Gefallenen und Klaue der Gefallenen",5023
"Täglicher Champion-Jäger der Bjora-Sümpfe",5024
"Lichtgestalt",5026
"Essenz-Plünderer",5027
"Süße Kapitulation",5028
"Spiegelungen im Eis",5029
"Schlagt Euch nicht",5036
"Tägliche Event-Koryphäe der Bjora-Sümpfe",5037
"Legende Knochenhäuter",5040
"Täglicher \"Stürme des Winters\"-Abschluss",5047
"Tägliche Rätsel-Koryphäe",5049
"Übernatürlich",5051
"Essenz-Manipulation für Einsteiger",5052
"Täglicher Schatzjäger der östlichen Bjora-Sümpfe",5054
"Den Gefrorenen Pass erhellen",5055
"Die Berge erhellen",5056
"Ich ruhe mich nur aus",5060
"Stete Wachsamkeit",5061
"Turnier-Versuchsobjekt",5065
"Himmelsschuppen-Spielzeug-Training",5066
"Tägliche Bonusbelohnungen: Schneefall-Sprintrennen",5070
"Tägliche Bonusbelohnungen: Schneeballkrawall",5073
"Gnade des Spielzeugmachers",5074
"Drakonische Waffensammlung",5080
"Fest-Wächter",5082
"Täglicher Plünderer der Essenz-Truhe",5084
"Bringen wir zu Ende, was Ihr begonnen habt",5087
"Einsicht Bjora-Sümpfe: Drakkars Unterschlupf",5088
"Holz fällende Bären",5093
"Licht ins Dunkel bringen",5096
"Offenbarung des Ochsen",5098
"Jagd ohne Hindernisse",5099
"Kodan-Ausweicher",5100
"Vom Finden verlorener Geister",5102
"Das war zu knapp",5106
"Geheimnis der westlichen Sümpfe",5110
"Koda sei gepriesen",5112
"Stimme in der Tiefe",5113
"Drakkar, Champion des Eisdrachen",5116
"Unwillkommenes Geflüster",5117
"Legende Geflüster des Jormag",5118
"Geheimnis des verborgenen Turms",5119
"Vortex-Unterbrechnung",5126
"Springt hoch oder seid angeschlagen",5127
"Geheimnis von Drakkars Unterschlupf",5131
"Rutschlos",5132
"Ertragreicher Zeitvertreib",5134
"Geflüstervermeidung",5136
"Je höher der Schamane ...",5137
"Offenbarung des Vielfraßes",5139
"Drakkar überwinden",5141
"Stark wie der Ochse",5142
"Trotz-Leisten trotzen",5143
"Elementare Elegie",5145
"Lichtspender",5146
"Flinker Ansturm",5147
"Wahrhaft flinker Ansturm",5148
"Ausweichen lernen",5149
"Liga-Eroberer – 2v2-Saison eins",5152
"Esst köstliche Kuchen",5153
"An 5 Events teilnehmen",5154
"Liga-Bezwinger – Saison 21",5161
"Tutorial-Beherrschung",5164
"Explorator-Novize vom Wanderer-Hügel",5167
"Panorama-Genießer",5173
"Schlagt zu, während der Kristall heiß ist.",5176
"Das Auge vorbereiten",5177
"Rangaufstieg",5182
"Cinder Stahlgemüts Fußstapfen",5185
"Stahl-Minis",5188
"Schwerer Rivale",5189
"Beschaffung vor Ort",5191
"Heißer die Höhlen nie sengen ...",5192
"Experimentieren",5193
"Badetag",5197
"Wappen des Turniersieges",5199
"Notwartung",5200
"Stahl-Waffen",5206
"Prioritätsangriff: \"Stimme der Gefallenen und Klaue der Gefallenen\"",5207
"Prioritätsangriff: \"Geflüster des Jormag\"",5210
"Ausgestattet für den Norden",5211
"Späher",5212
"Visionen der Vergangenheit: \"Nördliche Nolan-Brutstätte\"",5215
"Visionen der Vergangenheit: \"Canachs Unterschlupf\"",5218
"Wappen des Eroberers",5220
"Artillerie-Spezialist",5222
"Suche nach Inspiration",5224
"Visionen der Vergangenheit: \"Geheimnisse des Auges\"",5226
"Missionsherausforderung: \"Finaler Boss\"",5228
"Aus der Kälte",5231
"Visionen der Vergangenheit: Leichtfüßiger Held",5235
"Auslöschung der Sklavenhändler",5236
"Visionen der Vergangenheit: \"Ihr habt Euch Freunde gemacht\"",5238
"Das Fehler-Abenteuer",5240
"Unbeabsichtigte Kursarbeit",5241
"Braves Kätzchen",5243
"Sondermission: Stärkt die Minen",5244
"Meister-Diplomat",5245
"Informationen erhalten",5248
"Welt-Hintergrundgeschichte: Gyala-Senke",5250
"Täglicher Minenräumer der Nieselwald-Küste",5251
"Tengu-Waffensammler",5252
"Sondermission: Säubert den Leuchtturm",5253
"Täglicher Oberherrschaft-Jäger der Nieselwald-Küste",5256
"Täglicher Saboteur der Nieselwald-Küste",5257
"Liga-Bezwinger – 3v3-Saison eins",5259
"Sondermission: Stärkt den Aussichtspunkt",5261
"Versengt",5262
"Sondermission: Nehmt die Festen ein",5263
"Sondermission: Nachhut",5266
"Sondermission: Unterbrecht Nachschubrouten",5267
"Brechender Stahl",5268
"Sondermission: Säubert das Fort",5269
"Sturmrufer-Waffensammler",5271
"Schnelles Fell",5275
"Täglicher Abwurf-Jäger der Nieselwald-Küste",5279
"Sondermission: Kommunikationsabbruch",5282
"Täglicher Flugabwehr-Soldat der Nieselwald-Küste",5283
"Sturmrufer-Waffenmeister",5284
"Ruhm der Eisen-Legion",5286
"Sondermission: Minenräumer",5287
"Sondermission: Lager-Sammler",5290
"Sondermission: Stärkt den Hafen",5294
"Tägliche Nieselwald-Küsten-Belagerung der Wolfskreuzung",5296
"Lager-Jäger",5297
"Sondermission: Durst!",5300
"Sondermission: Falsche Abbilder",5305
"Spezialkräfte",5308
"Täglicher Spender der Nieselwald-Küste",5310
"Sondermission: Stärkt das Dorf",5324
"Ruhm der Asche-Legion",5327
"Umschwung",5329
"Einsicht Nieselwald-Küste: Fuchs-Straße",5336
"Sondermission: Genießt die Ruhe",5339
"Sondermission: Plündert das Fort",5340
"Liga-Teilnehmer – Eroberungs-Staffel 22",5341
"Liga-Eroberer – Eroberungs-Staffel 22",5342
"Sondermission: Das war dann wohl der Wind",5347
"Sondermission: Mit gezogenen Klauen",5349
"Otters Schotter",5350
"Meister der Stürme",5351
"Sand im Getriebe",5353
"Tod den Verdorbenen",5356
"Arena des Vielfraßes: Silber",5358
"Tägliche Belagerung der Frostzitadelle: Nieselwald-Küste",5360
"Sondermission: Schuss und Spannung",5368
"Informations-Sammler",5369
"Das Ende des Weges",5372
"Einsicht Nieselwald-Küste: Nördliches Lager",5374
"Sondermission: Reißt ihre Lager nieder",5375
"Sondermission: Zerbrecht ihr Spielzeug",5377
"Eine simple Verhandlung",5379
"Hinter feindlichen Linien",5380
"Der Geist",5386
"Furchtloser Taucher",5387
"Täglicher Minenräumer der Nieselwald-Küste",5388
"Flug des Adlergeists: Silber",5389
"Tribunen-Bezwinger",5394
"Täglicher Verdorbenen-Jäger der Nieselwald-Küste",5400
"Sondermission: Pustet sie alle weg",5402
"Tod der Oberherrschaft",5403
"Arena des Vielfraßes: Gold",5405
"Sondermission: Die Anomalen",5407
"Schmeckt wie Pfefferminz",5408
"Einsicht Nieselwald-Küste: Lager-Klippen",5415
"Pantheon der Wildnis",5417
"Sondermission: Direkt auf die Stirn auftragen",5418
"Tribun-Waffensammler",5419
"Sondermission: Läutert die Verderbnis",5422
"Spirituelle Erneuerung",5423
"Mit weit geöffneten Ohren",5424
"Tägliche Arena des Vielfraßes: Nieselwald-Küste",5425
"Sondermission: Seht die Macht von Heilgeschossen",5428
"Tobendes Feuer",5440
"Adepten-Fraktal-Kämpfer",5441
"Respekt für die Toten",5442
"Hier und jetzt",5443
"Bergaufwärts gerannt",5445
"Täglicher Abschluss: Sunqua-Gipfel, Rang 4",5446
"Täglicher Abschluss: Sunqua-Gipfel, Rang 2",5449
"Eine andere Seite, eine andere Story",5451
"Vernichter ranghöchster Rüpel",5455
"Ergänzt den Erschaffer",5457
"Abgrund-Fraktal-Meister",5458
"Gemeinschaftsziel Fraktal-Ansturm: Rang 2",5465
"Liga-Teilnehmer – Eroberungs-Staffel 24",5471
"Liga-Eroberer – Eroberungs-Staffel 24",5473
"... Mit Gefühl!",5476
"Einsicht des Champions: Caledon-Wald",5478
"Tägliche Deldrimor-Spenden",5480
"Täglicher Dracheninterventionist",5482
"Einsicht des Champions: Blutstrom-Küste",5485
"Top Dracheninterventionist: Gendarran-Felder",5496
"Täglicher Zerstörer-Jäger",5499
"Tägliche Deldrimor-Missionen",5501
"Einsicht des Champions: Schneekuhlenhöhen",5502
"Flamme gegen Frost",5503
"Einsicht des Champions: Doric-See",5504
"Tägliches Deldrimor-Spezial-Event",5507
"Tägliche Ebon-Vorhut-Gegner",5509
"Not-Dracheninterventionist: Gendarran-Felder",5510
"Top Dracheninterventionist: Provinz Metrica",5511
"Tägliches Ebon-Vorhut-Spezial-Event",5514
"Einsicht des Champions: Feuerherzhügel",5515
"Kugelausweicher",5516
"Tägliche Kristallblüten-Gegner",5519
"Globale Ränge der Ebon-Vorhut",5521
"Tyrias Verteidigung",5522
"Tägliche Deldrimor-Gegner",5525
"Drachenhilfe-Eingeweihter",5528
"Globale Ränge der Deldrimor-Zwerge",5530
"Tägliche Ebon-Vorhut-Missionen",5531
"Tägliche Kristallblüten-Missionen",5532
"Einsicht des Champions: Gendarran-Felder",5533
"Tosende Flammen",5535
"Einsicht des Champions: Felder der Verwüstung",5536
"Drachentöter-Waffenmeister",5537
"Einsicht des Champions: Feste Donnerkopf",5540
"Drachentöter-Waffensammler",5541
"Gefrorene Gezeiten",5546
"Liga-Teilnehmer – Eroberungs-Staffel 25",5551
"Liga-Eroberer – Eroberungs-Staffel 25",5552
"Top-Dracheninterventionist: Doric-See",5555
"Deldrimor-Unterstützer",5556
"Täglich: Tengu-Gegner",5563
"Täglich: Tengu-Sonder-Event",5564
"Geflügel-Beschützer",5568
"Top-Dracheninterventionist: Feste Donnerkopf",5569
"Not-Dracheninterventionist: Schneekuhlenhöhen",5578
"Not-Dracheninterventionist: Feste Donnerkopf",5579
"Schlächterwellen",5580
"Täglich: Erhabenen-Gegner",5582
"Dracheneis-Infusionator",5585
"Top-Dracheninterventionist: Felder der Verwüstung",5589
"Täglich: Tengu-Missionen",5597
"Erhabenen-Unterstützer",5598
"Mond-Heimkehr: Caledon-Wald",5604
"Hellglänzende Inquisitor-Waffensammlung",5606
"Mond-Heimkehr: Wanderer-Hügel",5607
"Liga-Teilnehmer – 3v3-Saison drei",5608
"Täglich: Kodan-Sonder-Event",5611
"Täglich: Olmakhan-Spenden",5614
"Täglich: Kodan-Gegner",5615
"\"/Zittern\"-Belohnungspfad",5616
"Tägliche Drachenhilfe-Mission des Caledon-Walds",5630
"Täglich: Skritt-Missionen",5635
"Not-Dracheninterventionist: Blutstrom-Küste",5642
"Versammeln der Kodan",5645
"Es gibt immer einen größeren Zerstörer",5651
"Liga-Teilnehmer – Eroberungs-Saison 26",5655
"Top-Dracheninterventionist: Feuerherzhügel",5663
"Täglich: Skritt-Gegner",5665
"Schmied des Drakonischen Feuers",5666
"Äthergebundene Waffensammlung",5671
"Choya-Champion",5673
"Schleim-Transport 102",5676
"Schleim-Transport 201",5678
"(Wöchentlich) Wiederholung Welt 2",5681
"Schleim-Hüten",5682
"Schleim-Transport 101",5684
"Trendwende: Blutstrom-Küste",5688
"Trendwende: Caledon-Wald",5691
"Alt-Drache doppelt",5694
"Zündet ihn an",5695
"Trendwende: Doric-See",5697
"Schnellfeuer- und Schnellfrost-Bekämpfer",5699
"Trendwende: Gendarran-Felder",5700
"Cooler als cool",5701
"Trendwende: Feste Donnerkopf",5703
"Liga-Bezwinger – 2v2-Saison vier",5712
"Liga-Teilnehmer – 2v2-Saison vier",5714
"Rückkehr zu \"Drachenwache\"",5716
"Erneuter Besuch im Verborgenen Hain",5718
"Forstarbeit: Glutbucht",5720
"Zweiter Tauchgang: Blutsteinsumpf",5721
"Rückkehr zu \"Die Wegmarken rekalibrieren\"",5725
"Ernteeinbringer: Silberwüste",5730
"Rückkehr zu \"Die Taten eines Schattens\"",5732
"Ernteeinbringer: Glutbucht",5734
"Rückkehr zu \"Der Concordia-Zwischenfall\"",5735
"Rückkehr zu \"Kaltgestellt\"",5736
"Erz-Bergarbeiter: Blutsteinsumpf",5737
"Zweiter Tauchgang: Kalte Füße",5738
"Einsatz vor Ort: Zaubersängerlände",5739
"Rückkehr zur Glutbucht",5743
"Rückkehr zu \"Herz des Vulkans\"",5745
"Rückkehr zu \"Letzte Chance\"",5746
"Rückkehr zu Draconis Mons",5751
"Fraktal-Ansturm-Champion",5753
"Rückkehr zur Silberwüste 2",5758
"Rückkehr zu \"Begegnung mit den Asura\"",5761
"Rückkehr zu \"Abgestürzte Hoffnung\"",5762
"Überwindet erneut die Verborgenen Tiefen",5765
"Rache des Entfesselten Wächters",5766
"Rückkehr zu \"Die Mysteriöse Höhle\"",5768
"Rückkehr zu Trockenkuppe 1",5773
"Rückkehr zu \"Verfolgung der Aspektmeister\"",5776
"Den Sengenden Aufstieg erneut überwinden",5777
"Ernteeinbringer: Draconis Mons",5778
"Rückkehr zu \"Caithes Aufklärungstrupp\"",5784
"Ernteeinbringer: Trockenkuppe",5787
"Saisons der Drachen",5790
"Erz-Bergarbeiter: Doric-See",5792
"Überwindet erneut den Absturzstellen-Aufstieg",5793
"Abaddons Aufstieg erneut überwinden",5794
"Rückkehr zu \"Eirs Gedenkfeier in Hoelbrak\"",5797
"Erz-Bergarbeiter: Silberwüste",5799
"Zweiter Tauchgang: Tauchsieder",5800
"Rückkehr zu \"Arkana Obskura\"",5801
"Rückkehr zu \"Versteckte Arkana\"",5803
"Rückkehr zu Trockenkuppe 2",5804
"Einsatz vor Ort: Draconis Mons",5806
"Vermächtnis des Lama-Finders",5807
"Rückkehr zu \"Ministerversammlung\"",5816
"Forstarbeit: Zaubersängerlände",5824
"Gemeinschafts-Kriegsherr",5827
"Rückkehr zu Silberwüste 1",5829
"Rückkehr zu \"Forschung in Rata Novus\"",5834
"Rache der Zerstörer-Zwillinge",5839
"Rückkehr zu \"Angriff auf den Pakt\"",5841
"Rächer: Zorn der Verdrehten Marionette",5845
"Mechanische Präzision",5848
"Tägliche Bonusbelohnungen: Verdrehte Marionette",5849
"Geteilte Verteidigung",5854
"Teilnehmer: Zorn der Verdrehten Marionette",5855
"Schatzjäger: Domäne Istan",5862
"Erz-Bergarbeiter: Drachensturz",5863
"Kehrt zurück zu \"Vermächtnis\"",5864
"Erz-Bergarbeiter: Domäne Istan",5865
"Kehrt zurück zu \"Sturm-Ortung\"",5866
"Ernteeinbringer: Donnerkopf-Gipfel",5870
"Rache des Todbringers",5874
"Rache des Todbringenden Golems",5875
"Kehrt zurück zu \"Gezielte Verhandlung\"",5876
"Zurück in die Vergangenheit",5883
"Kehrt zurück zu den Sandgepeitschten Inseln",5884
"Einsatz vor Ort: Nieselwald-Küste 1",5885
"Kehrt zum Auge des Nordens zurück",5886
"Abenteurergeist: Domäne Istan",5890
"Zweiter Einsatz: Gendarran-Felder",5892
"Erz-Bergarbeiter: Jahai-Klippen",5893
"Kehrt zurück zu \"Der Kristalldrache\"",5895
"Kopfgeldjäger: Sandgepeitschte Inseln",5896
"Kehrt zurück zu den Jahai-Klippen",5901
"Kehrt zurück zu \"Vergoltene Güte\"",5905
"Forstarbeit: Bjora-Sümpfe",5906
"Ernteeinbringer: Nieselwald-Küste",5911
"Kehrt zurück zu \"Brechender Stahl\"",5914
"Rache von Kuda",5917
"Zweiter Einsatz: Felder der Verwüstung",5920
"Ernteeinbringer: Drachensturz",5921
"Kehrt zurück zu \"Abstieg\"",5922
"Forstarbeit: Grothmar-Tal",5923
"Champion des Weltenboss-Ansturms",5930
"Kehrt zurück zu \"Drachensturm\"",5934
"Forstarbeit: Jahai-Klippen",5935
"Forstarbeit: Sandgepeitschte Inseln",5938
"Zweiter Einsatz: Caledon-Wald",5944
"Erz-Bergarbeiter: Domäne Kourna",5945
"Angesehener Held: Domäne Kourna",5947
"Zweiter Einsatz: Blutstrom-Küste",5952
"Angesehener Held: Donnerkopf-Gipfel",5959
"Weltenboss-Ansturm-Teilnehmer",5961
"Kehrt zurück zu \"Eine simple Verhandlung\"",5965
"Abenteurergeist: Sandgepeitschte Inseln",5969
"Erz-Bergarbeiter: Nieselwald-Küste",5973
"Ernteeinbringer: Stahlschmiede",5974
"Kehrt zurück zu \"Auge des Brandsturms\"",5977
"Schatzjäger: Donnerkopf-Gipfel",5979
"Kehrt zurück zu \"Eine zerschmetterte Nation\"",5981
"Kehrt zurück zu \"Stille\"",5983
"Kehrt zurück zu Stahlschmiede",5985
"Kehrt zurück zu \"Lauffeuer\"",5989
"Kehrt zurück zu \"Bjora-Sümpfe 1\"",5991
"Ernteeinbringer: Sandgepeitschte Inseln",5992
"Rätsellöser",5999
"Kehrt zurück zu \"Umschwung\"",6001
"Rache von Kralkatorrik",6003
"Schatzjäger: Nieselwald-Küste",6006
"Kehrt zurück zu \"Primordus erhebt sich\"",6009
"Kehrt zurück zu \"Ende des Champions\"",6011
"Erz-Bergarbeiter: Stahlschmiede",6016
"Rache von Murakai",6020
"Kehrt zurück zu den Donnerkopf-Gipfeln",6023
"Kehrt zurück zu \"Bjora-Sümpfe 2\"",6024
"Zweiter Einsatz: Feuerherzhügel",6025
"Kehrt zurück zu \"Fahranur, die Erste Stadt\"",6027
"Der Geächtete Prinz",6037
"Hofdienst: Schrecken des Turms",6039
"Liga-Teilnehmer – Eroberungs-Saison 29",6044
"Hofdienst: Rennen zum Abgrund",6045
"Liga-Bezwinger – Eroberungs-Saison 29",6046
"Hofdienst: Der Gast des Königs",6047
"Giftbiss-Waffensammlung",6049
"\"Extra Life\"-Spenderziel (jährlich)",6050
"\"Extra Life\"-Spender (jährlich)",6051
"Liga-Teilnehmer – 3v3-Saison fünf",6054
"Liga-Bezwinger – 3v3-Saison fünf",6055
"Liga-Eroberer – Eroberungs-Saison 31",6056
"Liga-Teilnehmer – Eroberungs-Saison 30",6059
"Liga-Bezwinger – Eroberungs-Saison 30",6061
"Liga-Bezwinger – Eroberungs-Saison 31",6064
"Liga-Teilnehmer – Eroberungs-Saison 31",6065
"Schildkröten-Freischaltung: Stärkung",6066
"Einsicht Provinz Seitung: Wohlhabendes Haus",6070
"Dicht an der Sache dran",6071
"Glitschig wie ein Fisch",6078
"Meister-Virtuose",6079
"Extraktionspunkt",6080
"Eine gebildete Frau",6081
"Erleuchtet diese Straßen",6083
"Xunlai-Jade-Schrottplatz",6084
"Hoher Rang",6086
"Ätherklingen-Machenschaften",6088
"Quaaak!",6089
"Verlorenes Passwort",6092
"Silentius",6093
"Einsicht Echowald-Wildnis: Espenwald-Durchgang",6094
"Schildkröten-Freischaltung: In Schale geworfen",6099
"Einsicht Echowald-Wildnis: Haus zu Heltzer",6102
"Einsicht Provinz Seitung: Kristallhöhle",6104
"Vom Ministerium anerkannter Vorbote",6108
"Eifriger Weltklasse-Fischer",6110
"Legendärer Erntetempel",6115
"Das kürzere Ende gezogen",6116
"Arborstein-Springer der Extraklasse",6121
"Faschisten-Plattmacher",6130
"Ready Up: Mitte",6131
"Kaineng-Energieausfall",6132
"Phantom-Meister",6135
"Raptor-Läufer: Echowald-Wildnis",6138
"Traue keinem Piraten",6139
"Explorator der Stadt Neu-Kaineng",6142
"Rechtssuchenden-Adept",6143
"Auswirkungen",6146
"Buchstäblicher Diebstahl",6147
"Machenschaften im Hafen von Seitung",6150
"Für die Lebenden, nicht die Toten",6154
"Täglicher Jadebruderschaft-Bezwinger der Echowald-Wildnis",6155
"Im Namen des Gesetzes",6156
"Ein Hochstapler ist unter uns",6159
"Versteckspiel-Meister in Arborstein",6161
"Beherrschung \"Echowald-Wildnis\"",6162
"Schärfster Schnitt",6167
"Wahres Ende",6171
"Einzig und allein",6172
"Gnadenstoß",6173
"Blick zurück",6175
"Einsicht Neu-Kaineng: Wegmarke Ministeriumsviertel",6177
"Fangt mich doch",6178
"Zittergipfel-Fischer",6179
"Spaßverderber-Polizei",6180
"Täglicher Klingen-Bezwinger der Provinz Seitung",6181
"Einsicht Neu-Kaineng: Uralte Gruft",6182
"Vogel-Präzisionsschütze",6183
"Abbruch der Apokalypse",6184
"Totenspiel",6186
"Wöchentliche Neu-Kaineng-Jadeschatz-Rückholung",6188
"Es pfeift durch die Mauern",6189
"Eifriger Kaineng-Fischer",6192
"Kulturen von Echowald: Die Tengu",6194
"Erhabener Reparaturtrupp",6195
"Merzt die Verderbnis aus",6196
"Katalysierer-Adept",6197
"Nebliger Sprung",6198
"Alte Freunde",6199
"Beherrschung von End of Dragons, 4. Akt",6202
"Gut, Euch zu sehen",6204
"Täglicher Leere-Bezwinger der Echowald-Wildnis",6206
"Nikas Rache",6208
"Eintrags-Datum 1331",6210
"Tägliche Event-Koryphäe der Stadt Neu-Kaineng",6222
"Täglicher Geister-Bezwinger der Echowald-Wildnis",6223
"Laser-Leichtfuß",6225
"Einsicht Echowald-Wildnis: Qinkaishi-Becken",6226
"Stets auf dem Posten",6235
"Raptor-Ritt: Heilige Halle des Krebses",6236
"Bluthund",6237
"Einsicht Echowald-Wildnis: Uralte Archive",6238
"Beleuchtung der Provinz Seitung",6239
"Turmtaucher",6241
"Krähenfänger",6242
"Kaineng-Aussichtspunkt",6243
"Einsicht Echowald-Wildnis: Farntal-Treppe",6244
"Sendungsverfolgung",6245
"Respekt, Respekt",6246
"Vorbildliche Funktion",6247
"Explorator von Drachen-Ende",6248
"Einsicht Echowald-Wildnis: Fort Espenwald",6249
"Eine Spinne fangen",6252
"Bildungsreise",6254
"Beeilung, Kommandeur",6255
"Echowald-Wildnis-Fischer",6258
"Tsunami-Ausweicher",6260
"Eifriger Kryta-Fischer",6263
"Leer",6268
"Terror auf dem Jademeer",6271
"Unerschüttert",6278
"Meine wilden Aale riechen nach Makkaroni",6279
"Bootstour für zwei",6280
"Einsicht Provinz Seitung: Dach des verlassenen Tempels",6281
"Kainengs Ungemach",6283
"Kulturen von Echowald: Die Kurzick",6285
"Gold-Essenz-Waffensammlung",6287
"Nehmt das, ihr Bürokraten!",6288
"Kappa-Vernichter",6291
"Klingengeschworenen-Adept",6293
"Primadonna",6295
"Täglicher \"End of Dragons\"-Erntearbeiter",6296
"Täglicher Kryta-Fischer",6297
"Angetrieben von Alt-Drachen",6300
"Die Sechs",6302
"Drachen-Ende-Kultur: Die Luxon-Armada",6303
"Prioritäts-Cantha-Angriffsmission: Erntetempel",6307
"Täglicher Zuchtmeister der Stadt Neu-Kaineng",6308
"Vorbote von Zhaitan",6310
"Alles Gute kommt von oben",6312
"Spirituelle Kinderpflege",6314
"Entfernte Vorfahren",6315
"Nicht mehr ausgehungert",6316
"Wüsten-Fischer",6317
"Geschaffte Brüder",6319
"Respekt erwiesen",6320
"Wöchentliche Jadeschatz-Rückholung der Provinz Seitung",6321
"Vereitelte Rache",6325
"Cantha durchwandern",6328
"Ascalonischer Fischer",6330
"Beherrschung der Provinz Seitung",6331
"Klingengeschworenen-Meister",6332
"Meister der Ungesehenen",6335
"Einsicht Echowald-Wildnis: Tempel der Schaufler",6338
"Einsicht Neu-Kaineng: Lutgardis-Markt",6341
"Maguuma-Fischer",6344
"Enthüllte Ritualisten",6349
"Unbesiegt",6350
"Einsicht Echowald-Wildnis: Katakomben der Altrumm-Minen",6351
"Verlorene Überlieferung",6356
"Liebes Tagebuch",6357
"Raptor-Läufer: Stadt Neu-Kaineng",6358
"Einsicht Drachen-Ende: Dach des Schreins",6360
"Bis zum nächsten Mal",6362
"Orrianischer Fischer",6363
"Einsicht Neu-Kaineng: Schiffsfriedhof",6365
"Tödliche Delikatessen",6368
"Die Einer-Kombo",6371
"Lutgardis-Maestro",6372
"Steckt Schlund-Kristalle ein",6375
"Das Ende des Himmlischen Ministeriums",6381
"Schrecken der Schutzzauber",6386
"Arborstein-Springer",6387
"Täglicher Puristen-Bezwinger in Neu-Kaineng",6392
"Reinigungsdienst",6398
"Eifriger Fischer von Drachen-Ende",6402
"Brutstätten-Helfer",6403
"Schildkröten-Freischaltung: Jeder fängt klein an",6408
"Einsicht Provinz Seitung: Naga-Insel",6410
"Legendärer Xunlai-Jade-Schrottplatz",6411
"Schwerkraft",6413
"Fan der Band",6414
"Taxi!",6415
"Tiefste Geheimnisse",6419
"Kinderspiel",6423
"Champion-Klempner",6424
"Beherrschung: Stadt Neu-Kaineng",6428
"Sehr zuvorkommend",6430
"Legendärer Ätherklingen-Unterschlupf",6433
"Die Jadekammer",6436
"Schneller Aufstieg",6437
"Aquatischer Schrottsammler",6439
"Einsicht Neu-Kaineng: Plattform im Ministeriumsviertel",6441
"Erst denken, dann springen",6442
"Die Tragödie nachvollziehen",6443
"Fortentwicklung im Verfall",6446
"Das Schicksal des Hauses zu Heltzer",6448
"Einsicht Neu-Kaineng: Lutgardis-Platz",6449
"Rohrreiniger",6454
"Albax der Pechvogel",6455
"Probleme aus der Tiefe",6460
"Die Geschichte von Neu-Kaineng",6461
"Einsicht Echowald-Wildnis: Saprophyten-Teich",6462
"Mit Herz und Verstand",6465
"Besessenheit",6467
"Täglicher Naga-Bezwinger von Drachen-Ende",6469
"Gähnende Leere",6470
"Salzwasser-Fischer",6471
"Kulturen von Echowald: Die Hainhüter",6472
"Mechaniker-Adept",6473
"Deeskalations-Training",6474
"Einsicht Neu-Kaineng: Ruinen in der Naksi-Bucht",6476
"Einsicht Neu-Kaineng: Dachgarten am Lutgardis-Platz",6477
"Die Lachse kennen mich",6478
"Explorator der Echowald-Wildnis",6481
"Vom Ministerium anerkannter Virtuose",6485
"Tägliche Event-Koryphäe von Drachen-Ende",6486
"Sammler antiker canthanischer Rüstungen",6488
"Feuerring-Fischer",6489
"Täglicher Fischer: Herz von Maguuma",6492
"Die Große Flucht",6493
"Drachen-Befriedung",6496
"Springer-Schleuder: Echowald-Wildnis",6498
"Alle Last der Welt",6500
"Beherrschung von End of Dragons, 2. Akt",6504
"Fischer von Drachen-Ende",6506
"Einsicht Neu-Kaineng: Becken der Ruhe",6507
"Eifriger Wüsten-Fischer",6509
"Erntetempel",6513
"Retter der Versorgungskette",6514
"Reise des Scherzkekses",6517
"Außerplanmäßige Abenteuer",6519
"Blickt tief in die Leere",6526
"Sprunghaft",6527
"Ein Herz für Erz",6528
"Feuriger Hochofen",6529
"Triangulation",6530
"Neue Freunde, neue Feinde",6533
"Der Weg des größten Widerstandes",6534
"Forschungsstudie 1",6535
"Eine ruhige Feier",6536
"Liga-Bezwinger – Eroberungs-Saison 32",6537
"Aus dem Fokus",6546
"Gegen die Allianz",6547
"Feuriges Denkmal",6548
"Klarheit",6549
"Liga-Eroberer – Eroberungs-Saison 32",6552
"Wegweisende Zeichen",6554
"Der Aspekt von Schatten und Tod",6558
"Bergung von Wertsachen",6561
"Himmelspiraten-Beherrschung",6564
"Die Himmelspiraten ausrauben",6565
"Tassi-Meister",6567
"Abgebrüht",6570
"Fraktal-Rekursion: Kapitän Mai Trin",6572
"Wöchentliche Jadekammer",6575
"Erinnerungen an Schatten und Tod",6576
"Gegenstände herstellen",6581
"Abenteuer-Leitfaden: Band fünf",6584
"Erz abbauen",6585
"Ansehen-Herzen abschließen V",6587
"Events abschließen IV",6588
"Die Auferstandenen in den Ruinen von Orr besiegen",6589
"Aurenes Aspekt der Pflanze",6590
"Gegner besiegen II",6593
"Waffen wechseln",6594
"Die Mystische Schmiede verwenden",6596
"Stufenaufstieg IV",6597
"Liga-Teilnehmer – Eroberungs-Saison 33",6599
"Wegmarken verwenden",6601
"Die Bank verwenden",6602
"Stufenaufstieg III",6604
"Elite-Fertigkeiten verwenden",6606
"Gegnerische Fraktionen besiegen",6607
"Die Auferstandenen bezwingen",6609
"Veteranen am Mahlstromgipfel besiegen",6610
"Events abschließen II",6611
"Das Abenteuer beginnt",6615
"Die Eisbrut bezwingen",6616
"Sprungrätsel abschließen",6617
"Events abschließen III",6618
"Weltbosse bezwingen I",6621
"Gegner besiegen I",6622
"Story-Kapitel abschließen I",6628
"Karten abschließen II",6629
"Fuchsfeuer-Waffensammlung",6632
"Der Aspekt von Pflanze und Geist",6633
"Sehenswürdigkeiten entdecken II",6634
"Klassenmechanik-Fertigkeiten anwenden",6635
"Verbündete wiederbeleben",6636
"Abenteuer-Leitfaden: Band eins",6637
"Kombo-Fertigkeiten verwenden",6640
"Nahrungs-Verbrauchsgegenstände verwenden",6641
"Die Inquestur bezwingen",6650
"Die Zerstörer besiegen",6651
"Liga-Bezwinger – 2v2-Saison sieben",6655
"Events abschließen I",6663
"Aufrappeln",6664
"Sehenswürdigkeiten entdecken I",6669
"Ansehen-Herzen abschließen II",6670
"Die Flammen-Legion besiegen",6671
"Material ablegen",6672
"Nahrungs-Verbrauchsgegenstände verwenden",6673
"Hilfsverbrauchsgegenstände",6676
"Emotes verwenden",6678
"Die Scherben aufsammeln",6688
"Die Ansprache der Königin",6694
"Die Aspekte des Kristalls und der Wut",6698
"Erinnerungen des Kristalls und der Wut",6699
"(Wöchentlich) Fest der Vier Winde",6705
"Dekade der Helden: Drachensturm",6713
"Dekade der Champions: Der Zerschmetterer",6714
"Panoramen betrachten III",6715
"Wegmarken entdecken III",6721
"Dekade der Helden: Drachensturz",6722
"Dekade des Abenteuers: Herz von Maguuma",6724
"Panoramen betrachten IV",6725
"Panoramen betrachten II",6731
"Dekade der Champions: Feuer-Elementar",6732
"Fertigkeiten trainieren",6733
"Dekade der Champions: Gefrorener Schlund",6736
"Dekade der Champions: Schatten-Behemoth",6737
"Dekade der Champions: Klaue von Jormag",6739
"Krait-Albtraum nochmals abgewendet",6747
"Kampf an der Ziellinie",6748
"Der Turm der Albträume",6750
"Beherrschung \"Turm der Albträume\"",6754
"Die Enthüllung des Albtraums",6755
"Toxischer Krait-Entschlüssler",6763
"Umweltschutz",6764
"Liga-Teilnehmer – Eroberungs-Saison 34",6768
"\"Süßes oder Saures\" in ganz Tyria",6775
"Fürchtet diesen Ritter nicht",6778
"Die Schlacht um Löwenstein",6781
"Kampf auf der Bruchbringer",6782
"Nach dem Kampf",6783
"Beherrschung \"Schlacht um Löwenstein\"",6784
"Tempo statt Größe",6787
"Morgengrauen der nächsten Reise",6793
"Zum Ausgang bitte wieder hier entlang",6794
"Sturmbrecher",6795
"Alter Löwenhof",6797
"Forschungsaufzeichnung 3",6799
"Ungezügelte Löwen",6800
"Ungezügelte Löwen 2",6801
"Flucht aus Löwenstein",6808
"Die Felder bewachen 2",6809
"Einstimmen in den Wintertagsjubel",6820
"Tyrias Neujahr",6822
"Liga-Eroberer – Eroberungs-Saison 36",6839
"Liga-Bezwinger – Eroberungs-Saison 36",6840
"Schwarzlöwen-Beschaffungsmission Woche 1",6842
"Ein Atemzug gefilterte Luft",6845
"Kontakt zur Basis",6850
"Wanderer-Weben",6853
"Stiller Sand",6856
"Schwarzlöwen-Beschaffungsmission Woche 3",6857
"(Wöchentlich) Festungsherr",6859
"Terror-Manifest",6860
"Grundlagen der Körpersprache",6861
"Sprunghafter Abenteurer",6868
"Wehender Wanderer",6870
"Gründlicher Ermittler",6872
"Die Jadekrise",6873
"Lasst sie kämpfen",6876
"Eine Welt unter Welt 3",6881
"Dokumentierer von Geheimnissen, Unter Welt 3",6882
"Prachtvolle Live-Bühne",6883
"Tester von Geheimnissen, Unter Welt 3",6886
"\"Dekret des Paladins\"-Waffensammlung",6891
"Liga-Eroberer – Eroberungs-Saison 37",6893
"Skiff-Rennteilnahme Provinz Seitung: Gold",6894
"Die Bestie ist gefallen!",6898
"Der Kreis schließt sich",6899
"Im tiefsten Inneren",6901
"Jade-Bot-Rennteilnahme in der Gyala-Senke: Silber",6902
"Energetisierte Werkzeuge der Luxon-Jäger",6903
"Jade-Bot-Rennteilnahme in Neu-Kaineng: Gold",6905
"Einfacher Sonderkommando-Parcours 2",6908
"Belagerungsschildkröten-Ass der Gyala-Senke: Silber",6909
"Käfer-Rennteilnahme in der Gyala-Senke: Silber",6910
"Unterdrückung der Gefühle",6911
"Skiff-Rennteilnahme in Neu-Kaineng: Silber",6914
"Belagerungsschildkröten-Ass der Echowald-Wildnis: Silber",6918
"Tempogegenstoß",6919
"Erweiterter Sonderkommando-Parcours 1",6920
"Freigesetzte Emotionen",6921
"Skiff-Rennteilnahme in Neu-Kaineng: Gold",6923
"Tägliche Event-Koryphäe der Gyala-Senke",6924
"Belagerungsschildkröten-Ass der Gyala-Senke: Gold",6926
"Täglicher Kappa -Bezwinger der Gyala-Senke",6927
"Schildkröten-Pilot der Spitzenklasse",6930
"Ruhe und Frieden",6934
"Täglicher Abschluss: Stumme Brandung, Rang 4",6935
"Guter Zuhörer",6937
"Unentzweit",6940
"Trotz-Demolierer",6941
"Düstere Ermittlung",6942
"Cavalons Champions",6944
"Dämonenjäger",6946
"Die wenigen Furchtlosen",6947
"Jademeer-Seefestigkeit",6948
"Unbeugsame Schlangen",6950
"Liga-Eroberer – Eroberungs-Saison 38",6956
"Liga-Teilnehmer – Eroberungs-Saison 38",6957
"Liga-Bezwinger – 3v3-Saison neun",6958
"Zauberer-Prüfungsrennen",6960
"Kryptis-Generale",6964
"Obskure Geheimnisse",6965
"Legendäre Waffe: Das Raubtier",6968
"Gleichgewicht herstellen",6972
"Blitzartig in den Fokus",6973
"Wissen fördern",6974
"Einsicht Amnytas: Der Platz der Weisheit",6977
"Legendäre Waffe: Frostfang",6980
"Weiterhin Wissen fördern",6983
"Himmelsschuppen-Ei-Infusionen",6984
"Helft Mabon",6985
"Rissjagd in den Verschlungenen Tiefen",6986
"Zojjas Tagebuch: Verwüstetes Garrenhoff",6989
"Amnytas-Beherrschung",6991
"\"Turm des Zauberers\"-Taucherbrille",6994
"Ewiger Himmelswacht-Archipel: Den Turm des Zauberers entriegeln",6995
"Der fehlende Aspekt",6997
"Einsicht Himmelswacht-Archipel: Turm des Kriegsgottes",7006
"Rissjagd in der Domäne Istan",7012
"Secrets of the Obscure: Beherrschung 3. Akt",7014
"Beherrschung \"Himmelswacht-Archipel\"",7017
"Ein neues Aussehen",7018
"Himmelsschuppen-Zielübungen im Himmelswacht-Archipel: Meister",7021
"Stetig Stärke stabilisieren",7025
"Beschützer von Droknars Licht",7027
"Überfälle in der Domäne Istan",7028
"Sucht Schutz an Ort und Stelle",7029
"Ein Kapitel abgeschlossen",7032
"Natürliches nähren",7035
"Rang ist hier Nebensache",7039
"Ewiger Beschützer der Himmelwärts-Sümpfe",7042
"Dragrimmars Waage",7049
"Astrale Fußabdrücke",7051
"Erleuchtung von Amnytas",7053
"Überfälle in den Elon-Flusslanden",7060
"Legendäre Waffe: Der Träumer",7063
"Überfälle an den Baumgrenzen-Fällen",7064
"Himmelsschuppen-Zielübungen im Himmelswacht-Archipel: Gold",7065
"Legendäre Waffe: Die Flammensucher-Prophezeiungen",7069
"Papierkrieg",7070
"Legendäre Waffe: Rodgort",7071
"Überfälle in Amnytas",7072
"Überfälle am Donnerkopf-Gipfel",7078
"Beschützer der Himmelwärts-Sümpfe",7079
"Legendäre Waffe: Sonnenaufgang",7084
"Mabons Schicksal",7089
"Hin und ...",7092
"Einsicht Himmelswacht-Archipel: Himmelsschuppen-Zuflucht",7093
"Rissjagd im Himmelswacht-Archipel",7094
"Tentakel-Stürzer",7102
"Zojjas Tagebuch: Droknars Licht",7103
"Überfälle am Doric-See",7108
"Überfälle an der Blutstrom-Küste",7109
"Sammler von Adlerauge-Waffen",7110
"Turm der Vergessenen",7111
"Tempel von Febe",7116
"Ewiges \"Auf dem Weg zum Turm des Zauberers\"",7119
"Einsicht Amnytas: Windklippe",7124
"Beleuchtung des Himmelswacht-Archipels",7126
"Ein legendärer Weg: Astrale Gaben",7128
"Kistenhüter",7136
"Spurensuche mit Gladium",7137
"Sammler zerborstener Waffen",7139
"Echos des Obskuren",7144
"Explorator des Himmelswacht-Archipels",7147
"Versteckspiel im Turm des Zauberers: Meister",7148
"Legendäre Waffe: Kamohoali'i Kotaki",7149
"Einsicht Himmelswacht-Archipel: MiSi-Serverraum",7150
"Weniger obskure Geheimnisse",7151
"Allgegenwärtige erzwungene Obskurität",7152
"Prioritätsangriff Horn von Maguuma: Tempel von Febe",7154
"Wöchentliche Angriffsmissionen in \"Secrets of the Obscure\"",7155
"Mutter der Sterne",7162
"Lacht, als würde Lyhr Euch zusehen",7165
"Verrat",7172
"Legendäre Waffe: Der Minnesänger",7174
"Einsicht Himmelswacht-Archipel: Südliche Lichtung",7177
"Fraktalschub",7178
"Legendäre Waffe: Zwielicht",7183
"Rissjagd in der Feste Donnerkopf",7184
"Legendäre Waffe: Meteorlogikus",7190
"Die Heilung von Amnytas",7195
"Schlaft jetzt im Feuer",7196
"Legendäre Waffe: Kraitkin",7198
"Zojjas Tagebuch: Promenade von Rata Novus",7199
"Das beruht auf Gegenseitigkeit",7204
"Zojjas Tagebuch: Jade-Mech-Siedlungszone 03",7207
"Stärke stabilisieren",7208
"Jotun-Himmelsdurchbohrer",7210
"Hinein ins Obskure",7211
"Wir sind jetzt Freunde",7215
"Astraler Griff",7219
"Weggezappt",7224
"Legendäre Waffe: Raserei",7226
"Ungewisse Zeiten",7227
"Legendäre Waffe: Blitz",7233
"Rissjagd in den Elon-Flusslanden",7237
"Himmelsschuppenritt am Sternguckergrat",7248
"Seid Lyhr behilflich",7249
"Legendäre Waffe: Ewigkeit",7250
"Rückhol-Event für gestohlene Schwarzlöwen-Waren: Woche 1 – Basis",7257
"Verliestieftaucher: Caudecus' Anwesen",7265
"Fraktal-Ansturm-Champion",7268
"Mitgefühl für einen Freund",7277
"Chaos der Manifestation",7313
"Abkommandiert in die Verliese",7342
"Wegfinder nach Hause geleitet",7353
"Ein Schatten in der Nacht",7412
"Astraler Handlanger",7452
"Verliestieftaucher: Zwielichtgarten",7489
"Verlies-Ansturm-Champion",7537
"Fraktal-Ansturm-Adept",7538
"\"Rankenfürst Randblüte\"-Waffensammlung",7573
"\"Welt gegen Welt\"-Ansturm-Champion",7608
"Täglicher PvP-Wettkämpfer",7609
"PvP-Ansturm-Sieger",7613
"WvW-Ansturm-Landbeansprucher 2",7614
"Überfälle im Bitterfrost-Grenzland",7618
"Eisklamm-Sund: Überfälle",7620
"Anmeldung zum WvW-Ansturm",7621
"Tour durch Amnytas: Gleichgewicht bis Bastionsweiher",7622
"Größer als in der Erinnerung ...",7624
"Glutbucht-Überfälle",7628
"Rissjagd im Bitterfrost-Grenzland",7629
"PvP-Ansturm-Teilnehmer",7631
"Tour durch Amnytas: Lyhrs Turm bis Isgarrens Turm",7633
"WvW-Ansturm \"Spieler gegen Spieler\" 2",7636
"WvW-Ansturm-Landbeansprucher",7641
"PvP-Ansturm-Kämpfer",7642
"Liga-Teilnehmer – Eroberungs-Saison 39",7651
"Vom Rand nach unten blicken",7653
"Ursprung des Helden: Provinz Metrica",7654
"Die Überlebenden",7656
"Schnellstart: Lokaler Held",7658
"Überfälle im Wüsten-Hochland",7659
"Sammler von Saryx-Waffen",7665
"Konvergenz-Eroberer",7668
"Gut zusammengereimt",7670
"Einsicht Inneres Nayos: Heitors Tor",7683
"Relikte – Kernset 1",7685
"Emotionaler Ballast",7690
"Überfälle im Blutsteinsumpf",7692
"Ursprung des Helden: Königintal",7693
"Einsicht Inneres Nayos: Verlorener Altar",7694
"Erfrischendes Schläfchen",7695
"Sammler von geweihten Saryx-Waffen",7696
"Tote Luft",7701
"Hinter den dämonischen Fronten",7705
"(Wöchentliche) Konvergenzen",7706
"Ursprung des Helden: Ebenen von Aschfurt",7714
"Ursprung des Helden: Caledon-Wald",7715
"Ursprung des Helden: Wanderer-Hügel",7717
"Inneres-Nayos-Beherrschung I",7721
"Wiederaufbau und Zerstörung",7722
"Rissjagd im Blutsteinsumpf",7727
"Rissjagd im Inneren Nayos",7729
"Einsicht Inneres Nayos: Rand des Abgrunds",7731
"Bringt mich nicht zu Fall",7733
"Einsatz vor Ort: Gendarran-Felder (wöchentlich)",7748
"Rückkehr zu Scarlets Krieg",7754
"Suche nach Scarlet: Verdrehte Marionette (wöchentlich)",7756
"Tägliche Schlacht um Löwenstein",7757
"Suche nach Scarlet: Thaumanova-Reaktor (wöchentlich)",7758
"Die Himmelspiraten ausrauben (wöchentlich)",7767
"Einsatz vor Ort: Schlacht um Löwenstein (wöchentlich)",7768
"Kriegsberichtserstattung: Das Obskure",7777
"Hemmschuh der Bosheit",7780
"Kriegsberichtserstattung: Stärke",7793
"Mit den Sternen getanzt",7794
"Legendärer Runensammler",7796
"Lieber fressen als gefressen werden",7797
"Inneres Nayos: Retter der Umgebung von Nyedra",7799
"Inneres-Nayos-Beherrschung II",7800
"Das ist Qualitätsrüstung",7802
"Grüßt die Truppen",7805
"Waffenkünstler: Zepter des Wiedergängers",7813
"Neidische Atempause",7818
"Apathisch",7820
"Waffenkünstler: Kurzbogen des Ingenieurs",7823
"Ein bewegliches Objekt",7824
"Verderben der Verachteten",7827
"Inneres Nayos: Retter des Marktviertels",7834
"Tentakel-Eliminierung",7835
"Einsicht Inneres Nayos: Hoch gelegenes Himmelsschuppen-Nest",7836
"Waffenkünstler: Pistole des Wächters",7838
"Kryptis-Champion-Bezwinger",7839
"Wissen ist Macht",7850
"Waffenkünstler: Gewehr des Mesmers",7851
"Rache des Rankenkraken",7854
"Rückkehr zu Heart of Thorns",7856
"Tägliche Verschlungene Tiefen",7857
"Wiedergeborene Gegner: Chak",7859
"Ultimatives Vorbild",7861
"Einsatz vor Ort: Grasgrüne Schwelle",7863
"Schatzjäger: Silberwüste (Wöchentlich)",7865
"Sagenumwobener Ehrwürdiger",7868
"Rächer des Reiches V",7870
"Langmut",7875
"Legendärer Jäger",7877
"Wiedergeborene Gegner: Mordrem",7881
"Sagenumwobener Magus",7882
"Wahrer Drache",7883
"Hochrechnung",7886
"Ultimativer Schatten",7888
"Legendäres Phantom",7891
"Einsatz vor Ort: Widerstand des Drachen",7896
"Legendärer Schatten",7899
"Einsatz vor Ort: Verschlungene Tiefen",7901
"Überwindet erneut das Retrospektive Runterspringen (wöchentlich)",7902
"Einsatz vor Ort: Silberwüste (wöchentlich)",7903
"Großmut",7905
"Rächer des Reiches VI",7906
"Sagenumwobener Jäger",7907
"Tägliche Silberwüste",7910
"Rächer des Reiches IX",7912
"Sagenumwobenes Genie",7923
"Rächer des Reiches VII",7924
"Ultimativer Magus",7925
"Täglicher Güldener Talkessel",7926
"Ultimativer Illusionist",7928
"Legendärer Magus",7929
"Rächer des Reiches IV",7932
"Rache der Baumkronen-Bosse",7933
"Ultimativer Jäger",7934
"Saatgutproduktion, Unter 3",7935
"Super-Bogen",7936
"Schleim-Bauer, Unter 3",7937
"Meister der Münzen, Unter 3",7939
"\"Gunnars Feste\"-Veteran",7944
"Emotionslos",7946
"Auroralichtung-Veteran",7947
"\"Fort Ranik\"-Veteran",7949
"Flussufer-Veteran",7963
"Millersund-Veteran",7964
"Tour durch den Turm",7965
"Astraler Salut",7966
"(Wiederholbar) Event-Sammlung: Zitadelle von Zakiros",7969
"Flinker Meuchelmord",7971
"Event-Sammlung: Turm der Erlösung",7972
"Verirrte Brut",7973
"\"Fort Espenwald\"-Veteran",7974
"Feuerring-Veteran",7975
"Wer ist ein braver Kryptis?",7979
"Konvergenz-Herausforderungsmodus – Dämonenritter: Gold",7983
"Die Stunde der Wahrheit",7984
"Essenzielle Erfahrungen",7988
"Starrt in den Abgrund",7989
"Meister der Beherrschungen: Secrets of the Obscure",7993
"Himmelsschuppen-Zielübungen im Inneren Nayos: Meisterschaft",7996
"Verirrte Kryptis zusammenbringen: Gold",7998
"Amnytas gehört immer noch uns, Dämonen!",7999
"Kaineng-Veteran",8006
"\"Fergusons Kreuzung\"-Veteran",8007
"Keiner braucht noch einen Nourys",8008
"Zauberbomben werfen",8009
"Himmelsschuppen-Zielübungen in Amnytas: Silber",8011
"Euer Mitternachtskönig sagt ...",8012
"\"Devonas Ruh\"-Veteran",8013
"Einsicht Inneres Nayos: Zitadelle von Zakiros",8014
"Konvergenz-Herausforderungsmodus – Inferno-Schwester: Silber",8015
"Secrets of the Obscure: \"Der Mitternachtskönig\"-Beherrschung",8019
"Notmaßnahmen",8021
"Bedrohter Verzehrer",8022
"Event-Sammlung: Der Mitternachts-Abgrund",8023
"\"Ruinen von Surmia\"-Veteran",8025
"Maguuma-Veteran",8029
"Eredon-Terrasse-Veteran",8032
"Nayos-Erkundungstour: Gold",8034
"Himmelsschuppen-Zielübungen im Inneren Nayos: Silber",8036
"Gut informiert",8043
"Wegfindet Euch nach draußen",8044
"Leseratte",8047
"Konvergenz-Herausforderungsmodus: Meisterschaft",8049
"Konvergenz-Herausforderungsmodus – Umbriel: Gold",8050
"Brüder, gemeinsam",8051
"Verunsichert von Conri",8053
"Konvergenz-Herausforderungsmodus – Schreckensschwinge: Silber",8057
"Legendäre Rüstung Rang 2: Durchfluteter Obsidian",8064
"\"Tor des Wahnsinns\"-Veteran",8065
"\"Meer des Leids\"-Veteran",8068
"\"Inneres Nayos\"-Gefecht-Beender",8071
"Himmelsschuppen-Zielübungen in Amnytas: Gold",8073
"\"Befleckte Küste\"-Veteran",8075
"Eparchs frühes Ende",8076
"Gandara-Veteran",8080
"Ein Riss in unserer Beziehung",8082
"Kristallwüste-Veteran",8086
"Schwankende Wache",8089
"Seemannsruh-Veteran",8092
"\"Nördliche Zittergipfel\"-Veteran",8094
"Himmelsschuppen-Zielübungen im Inneren Nayos: Gold",8095
"Explorator von Inneres Nayos",8101
"Chromatische Assassinen-Waffensammlung",8103
"Versunkener-Schatz-Woche: Schneekuhlenhöhen",8104
"Tägliche Erforschung: Bitterfrost-Grenzland",8106
"Überwindet erneut den Sengenden Aufstieg (wöchentlich)",8110
"Versunkener-Schatz-Woche: Blutstrom-Küste",8114
"Versunkener-Schatz-Woche: Lornars Pass",8117
"Rückkehr zu Glints Vermächtnis",8120
"Zweiter Tauchgang: Kalte Füße (wöchentlich)",8121
"Tägliche Erforschung: Blutsteinsumpf",8123
"Schatzjäger: Reliquiar des Abaddon (wöchentlich)",8124
"Versunkener-Schatz-Woche: Mahlstromgipfel",8128
"Versunkener-Schatz-Woche: Riff der Sirene",8129
"Versunkener-Schatz-Woche: Baumgrenzen-Fälle",8132
"Rache des Entfesselten Wächters (wöchentlich)",8134
"Überwindet erneut Abaddons Aufstieg (wöchentlich)",8136
"Einsatz vor Ort: Draconis Mons (wöchentlich)",8141
"Meistertaucher: Riff der Sirene",8142
"Zweiter Tauchgang: Blutsteinsumpf (wöchentlich)",8143
"Einsatz vor Ort: Glutbucht (wöchentlich)",8147
"Wahres Ende: Die Stunde der Wahrheit",8148
"Überwindet erneut den \"Kelch der Tränen\" (wöchentlich)",8149
"Versunkener-Schatz-Woche: Harathi-Hinterland",8150
"Geschichten der Tiefland-Irrlichter",8153
"Explorator der Tiefland-Küste",8154
"Was hört man da?",8156
"Ein neuer Tag, ein neuer Kampf",8157
"Summende Baumwipfel",8158
"Das Tal ausspähen: Silber",8159
"Im Einsatz verschollen",8160
"Eine Geschichte voller Gewalt: Teil 1",8161
"Kummer in diesen Hallen",8163
"Schwefelquellen: Titanen-Kipper",8164
"Einsicht Tiefland-Küste: Lichtungsgipfel",8169
"Tiefland-Küste-Taucherbrille",8170
"Ratsbären-Höflichkeit",8171
"Nährt die Flammen",8177
"Pflegedienst",8178
"Informationen ernten",8182
"Sicherheit am Arbeitsplatz",8184
"Einsicht Janthir Syntri: Moderwald-Ecke",8186
"Voll erblüht",8187
"Suche nach dem Spähtrupp",8189
"Kriegsklauen bändigen",8190
"Ganz begeistert vom Ringkampf",8192
"Held der Wälder",8193
"Die Sternschnuppe: Meteor-Träger",8195
"Füttert die Bestie",8198
"Überfälle an der Tiefland-Küste",8201
"Und Tote reden doch",8204
"Trolle füttern",8206
"Soziale Distanzierung",8207
"Beherrschung von Janthir Wilds, 1. Akt",8208
"Wetter-Dirigent",8210
"Einsicht Tiefland-Küste: Geysir-Fluss",8212
"Meister-Imker",8213
"Freundliche Reflexion",8214
"Einsicht Tiefland-Küste: Pokys Warte",8215
"Mentale Vorbereitungen",8221
"Unsere Verteidigung steht",8227
"Wildnisläufer",8228
"(Wiederholbar) Tiefland-Küste: Ansehen-Herz des Wanderling-Außenpostens",8233
"Einsicht Tiefland-Küste: Grübelfelder",8235
"Gewitterwolken über Janthir",8240
"Wabenwusler",8245
"Trautes Heim",8247
"Gemeinsam sind wir stark",8248
"Event-Sammlung: Nordöstliches Janthir Syntri",8256
"Überfälle auf Janthir Syntri",8257
"Wie geht es jetzt weiter?",8261
"Einsicht Janthir Syntri: Stürmischer Aufstieg",8264
"Summende Baumwipfel (täglich)",8265
"Hinterm Ohr ist die beste Stelle",8267
"Freundlichkeit erwidert",8268
"\"Janthir Syntri\"-Abenteuer: Kriegsklauen-Lauf",8270
"Quaggan zum Selbermachen: Wolle sammeln",8271
"Einsicht Janthir Syntri: Schwärende Warte",8274
"Tiefland-Küste-Beherrschung",8275
"Kein Erfolg ist uns fremd",8276
"Einsicht Janthir Syntri: Rachenstein",8277
"Legendäre Waffe: Gaben für \"Klobjarne Geirr\"",8278
"Erschaffer im Schlepptau",8284
"Leere-verdorbene Waffensammlung",8285
"Streichelt wilde Tiere",8286
"Globale Vorgänge",8287
"Ein hartes Brot",8291
"Einsicht Tiefland-Küste: Alessias Geheimnis",8295
"Ansehen-Beherrschung der Geplagten Ebene",8296
"Erweist die Ehre",8297
"Das war knapp",8299
"Geheimer Mondlager-Lachszug: Gold",8301
"Seltsame Gefühle",8305
"Freund der Fische",8306
"Einsicht Tiefland-Küste: Quellenstand",8307
"Einsicht Janthir Syntri: Blutbaums Umfeld",8308
"Bibliothek des Meisters der Lehren",8317
"Mulchmeister",8318
"Einsicht Tiefland-Küste: Lupinentraum",8321
"Janthir-Schmuggler",8325
"Die Sternschnuppe: Handwerkslizenz",8326
"Alles verheddert",8329
"(Wiederholbar) Tiefland-Küste: Ansehen-Herz von Herbsttal",8330
"Titanplatten-Rüstungssammler",8331
"Zurück zur Natur",8333
"Geheimer Mondlager-Lachszug: Bronze",8338
"Kriegsklauen-Rennen: Gold",8340
"(Wiederholbar) Janthir Syntri: Ansehen-Herz von Sammlersruh",8341
"Ansehen-Beherrschung von Herbsttal",8346
"Event-Sammlung: Südwestliches Janthir Syntri",8348
"Elektrische Interferenz",8349
"Blitz-Verteidigung",8353
"Das Tal ausspähen: Bronze",8354
"Gespräch am Feuer",8355
"Zwei Einschläge",8356
"Probe",8361
"Das Tal ausspähen: Gold",8362
"Relikte – Janthir Wilds, Set 1",8363
"Einsicht Tiefland-Küste: Trollschatz",8365
"Rache des Zornbringers (wöchentlich)",8373
"Einsatz vor Ort: Jahai-Klippen (wöchentlich)",8377
"Abenteurergeist: Domäne Istan (wöchentlich)",8378
"Tägliche Erforschung: Drachensturz",8380
"Rache der Kettenhunde",8382
"Tägliche Erforschung: Domäne Istan",8385
"Vorstoß-Elite",8387
"Tägliche Erforschung: Jahai-Klippen",8388
"Rache von Sulypix (wöchentlich)",8390
"Rache des Todesgebrandmarkten Zerschmetterers (wöchentlich)",8396
"Rache des Archons Iberu (wöchentlich)",8400
"Rache von Kralkatorrik (wöchentlich)",8401
"Angesehener Held: Jahai-Klippen (wöchentlich)",8403
"Einsatz vor Ort: Drachensturz (wöchentlich)",8405
"Rache des Demolierers",8406
"Tägliche Erforschung: Domäne Kourna",8412
"Einsatz vor Ort: Sandgepeitschte Inseln (wöchentlich)",8413
"Angesehener Held: Donnerkopf-Gipfel (wöchentlich)",8414
"Rückkehr zu Staffel 4",8415
"Tägliche Erforschung: Ödnis",8419
"Angesehener Held: Domäne Istan (wöchentlich)",8422
"Tägliche Erforschung: Wüsten-Hochland",8425
"Tägliche Erforschung: Domäne Vaabi",8428
"Klobjarne Geirr: Reise der Klaue",8444
"(Wöchentliche) Konvergenzen: Titanenversteck",8448
"Lernpause",8453
"Janthir Wilds: Götterbrut-Beherrschung",8455
"(Wiederholbar) Berg Balrior: Kalibrierungs-Sammler",8458
"Ein Augenblick der Stille",8459
"Berg Balrior: Titanen-Schmuckstück-Greifer",8461
"(Wöchentlich) Herausforderungsmodus Konvergenzen: Äußeres Nayos",8464
"Unendlicher Pfeilwagen",8465
"Schlachtzug-Mentor: Decima",8469
"Schlachtzug: Ura, die Dampfkreischerin",8472
"Aufrechten Hauptes: Greer",8478
"Schwing das Tanzbein, Isgarren!",8482
"Wöchentliche Schlachtzüge: Janthir Wilds",8486
"Trébuchet-Fachkenntnis",8488
"(Wiederholbar) Berg Balrior: Kalibrierungs-Kurier",8489
"Königin des Kampfes",8492
"Katapult-Fachkenntnis",8495
"Unendlicher Belagerungs-Golem",8497
"Sammler von Blutmond-Waffen",8507
"Aufrechten Hauptes: Ura",8509
"Drachenessenz-Waffensammlung",8514
"Liga-Eroberer – Eroberungs-Saison 44",8515
"Einsatz vor Ort: Nieselwald-Küste (wöchentlich)",8519
"Rückkehr zur Eisbrut-Saga",8521
"Einsatz vor Ort: Bjora-Sümpfe (wöchentlich)",8525
"Tägliche Drachenhilfe-Mission",8529
"Rache von Metal Legion (wöchentlich)",8530
"Rache der Drachen (wöchentlich)",8531
"Streckenfavorit: Grothmar-Tal (wöchentlich)",8534
"Abenteurergeist: Joch des Ochsen (wöchentlich)",8535
"Tägliche Nieselwald-Küste",8537