"Architektur",1
"Tisch, Sitzplätze und dergleichen",2
"Lager",3
"Dekor",4
"Beleuchtung",5
"Pflanzkübel und Schnittgehölze",6
"Bäume und Laubwerk",7
"Natürliche Merkmale",8
"Skulpturen",9
"Fahnen, Schilder, Markierungen etc.",10
"Waffen und Fallen",11
"Trophäen",12
"Rennen",13
"Anderes",14
"Heart of Thorns",15
"Path of Fire",16
"End of Dragons",17
"Secrets of the Obscure",18
"Janthir Wilds",19
"Mondneujahr",20
"Super Adventure Box",21
"Drachen-Gepolter",22
"Fest der Vier Winde",23
"Schatten des Verrückten Königs",24
"Wintertag",25
"Schwarzlöwen-Dekorationen",26
"Schwarzlöwen-Dekorationen",27