"Assassinen-Transformations-Waffe",4
"((208738))",6
"Abscheulichkeits-Hammer",15
"Verschlossene Packung Schneebälle",24
"Schwerer PvP-Helm des Kriegers",33
"Gladiatoren-Waffe",46
"Starker Rückenschutz",56
"Begeisterter Rückenschutz",57
"Ausdauernder Rückenschutz",58
"Berserkerhafte Rückenplatte des Rubins",59
"Klerikale Rückenplatte des Saphirs",60
"Rückenplatte des Wüters der Koralle",61
"Hemd",62
"Beinkleid",63
"Stiefel",64
"Hemd",65
"Mächtiges Rustikales Wams",68
"Mächtiges Rustikales Wams",69
"Mächtiges Beschlagenes Wams",70
"Mächtige Abgenutzte Ketten-Beinschienen",71
"Berserkerhafte Leisetreter-Maske der Befallenen",72
"Berserkerhafte Leisetreter-Maske der Dwayna",73
"Mächtige Abgenutzte Ketten-Beinschienen",74
"Berserkerhafte Leisetreter-Maske der Stärke",75
"Berserkerhaftes Seher-Wams der Flammen-Legion",76
"Mächtiges Beschlagenes Wams",77
"Starke Abgenutzte Schuppen-Stiefel",78
"Berserkerhaftes Seher-Wams des Reisenden",79
"Nika-Maske",80
"Mächtige Beschlagene Stiefel",81
"Berserkerhaftes Seher-Wams der Befallenen",82
"Starke Abgenutzte Schuppen-Stiefel",83
"Zhed-Wams",84
"Faulendes Seher-Wams der Rage",85
"Faulende Leisetreter-Maske des Grenth",86
"Starke Abgenutzte Schuppen-Stiefel",87
"Faulendes Seher-Wams des Zentauren",88
"Faulende Leisetreter-Maske des Balthasar",89
"Berserkerhafte Verstärkte Schuppen-Stiefel",90
"Faulendes Seher-Wams der Befallenen",91
"Faulende Leisetreter-Maske der Flammen-Legion",92
"Shiro-Maske",93
"Ogden-Wams",94
"Berserkerhafte Verstärkte Schuppen-Stiefel",95
"Wütende Leisetreter-Maske der Zitadelle",96
"Wütendes Seher-Wams des Reisenden",97
"Berserkerhafte Verstärkte Schuppen-Stiefel",98
"Mächtige Beschlagene Stiefel",99
"Wütendes Seher-Wams der Göttlichkeit",100
"Wütende Leisetreter-Maske des Reisenden",101
"Berserkerhafte Verstärkte Schuppen-Stiefel",102
"Aidan-Maske",103
"Norgu-Wams",104
"Schamanisches Seher-Wams der Flammen-Legion",105
"Berserkerhaftes Leisetreter-Wams des Dolyaks",106
"Schamanische Leisetreter-Maske des Haines",107
"Schamanisches Seher-Wams der Göttlichkeit",108
"Schamanische Leisetreter-Maske der Melandru",109
"Berserkerhafte Verstärkte Schuppen-Stiefel",110
"Tahlkora-Wams",111
"Berserkerhaftes Leisetreter-Wams des Zentauren",112
"Klerikales Seher-Wams des Adlers",113
"Mächtige Abgenutzte Ketten-Beinschienen",114
"Reyna-Maske",115
"Klerikale Leisetreter-Maske des Rudels",116
"Klerikales Seher-Wams der Befallenen",117
"Mhenlo-Wams",118
"Berserkerhaftes Leisetreter-Wams des Vampirismus",119
"Starke Abgenutzte Ketten-Beinschienen",120
"Klerikale Leisetreter-Maske der Rage",121
"Seher-Wams der Rage",122
"Zho-Maske",123
"Nika-Wams",125
"Starke Abgenutzte Ketten-Beinschienen",126
"Berserkerhaftes Seher-Wams von Rata Sum",128
"Starke Abgenutzte Schuppen-Stiefel",129
"Errol-Maske",130
"Khilbron-Wams",131
"Mächtiges Rustikales Wams",132
"Berserkerhafte Leisetreter-Maske der Flammen-Legion",133
"Starke Abgenutzte Schuppen-Stiefel",134
"Mächtiges Rustikales Wams",135
"Vatlaaw-Maske",136
"Mächtiges Rustikales Wams",137
"Mächtige Betrüger-Maske",138
"Faulendes Leisetreter-Wams der Gnade",139
"Starke Abgenutzte Schuppen-Stiefel",140
"Mächtige Betrüger-Maske",141
"Präzises Rustikales Wams",142
"Faulendes Leisetreter-Wams des Dolyaks",143
"Präzises Rustikales Wams",144
"Präzise Betrüger-Maske",145
"Präzises Rustikales Wams",146
"Präzise Betrüger-Maske",147
"Mächtige Abgenutzte Ketten-Beinschienen",148
"Vitales Rustikales Wams",149
"Vitales Rustikales Wams",150
"Faulendes Leisetreter-Wams von Hoelbrak",151
"Präzise Abgenutzte Ketten-Beinschienen",152
"Vitale Betrüger-Maske",153
"Vitales Rustikales Wams",154
"Shiro-Wams",155
"Vitale Betrüger-Maske",156
"Unheilvolles Rustikales Wams",157
"Präzise Abgenutzte Ketten-Beinschienen",158
"Unheilvolle Betrüger-Maske",159
"Unheilvolle Betrüger-Maske",160
"Unheilvolles Rustikales Wams",161
"Berserkerhafte Leisetreter-Sandalen des Dolyaks",162
"Unheilvolles Rustikales Wams",163
"Präzise Abgenutzte Ketten-Beinschienen",164
"Starkes Rustikales Wams",165
"Starke Betrüger-Maske",166
"Verwüstende Abgenutzte Ketten-Beinschienen",167
"Wütendes Leisetreter-Wams des Rudels",168
"Starke Betrüger-Maske",169
"Starkes Rustikales Wams",170
"Berserkerhafte Leisetreter-Sandalen der Dwayna",171
"Starkes Magiekundigen-Wams",172
"Starke Betrüger-Maske",173
"Starkes Magiekundigen-Wams",174
"Verwüstende Abgenutzte Ketten-Beinschienen",175
"Starke Betrüger-Maske",176
"Verwüstendes Rustikales Wams",177
"Wütendes Leisetreter-Wams des Vampirismus",178
"Verwüstende Betrüger-Maske",179
"Verwüstendes Rustikales Wams",180
"Verwüstende Abgenutzte Schuppen-Stiefel",181
"Verwüstende Betrüger-Maske",182
"Aidan-Wams",183
"Verwüstendes Magiekundigen-Wams",184
"Verwüstende Betrüger-Maske",185
"Verwüstendes Magiekundigen-Wams",186
"Verwüstende Abgenutzte Schuppen-Stiefel",187
"Berserkerhafte Leisetreter-Sandalen der Zitadelle",188
"Verwüstende Betrüger-Maske",189
"Veredeltes Rustikales Wams",190
"Schamanisches Leisetreter-Wams des Zentauren",191
"Veredeltes Rustikales Wams",192
"Verwüstende Abgenutzte Schuppen-Stiefel",193
"Veredelte Betrüger-Maske",194
"Veredeltes Magiekundigen-Wams",195
"Schamanisches Leisetreter-Wams des Zentauren",196
"Veredelte Betrüger-Maske",197
"Veredeltes Magiekundigen-Wams",198
"Verwüstende Abgenutzte Schuppen-Stiefel",199
"Veredelte Betrüger-Maske",200
"Veredelte Betrüger-Maske",201
"Verwüstendes Rustikales Wams",202
"Reyna-Wams",203
"Verwüstendes Rustikales Wams",204
"Verwüstende Betrüger-Maske",205
"Verwüstende Abgenutzte Schuppen-Stiefel",206
"Verwüstendes Magiekundigen-Wams",207
"Nika-Stiefel",208
"Verwüstende Abgenutzte Schuppen-Stiefel",209
"Klerikales Leisetreter-Wams der Flammen-Legion",210
"Verwüstendes Magiekundigen-Wams",211
"Verwüstende Betrüger-Maske",212
"Starkes Magiekundigen-Wams",213
"Verwüstende Betrüger-Maske",214
"Faulende Verstärkte Schuppen-Stiefel",215
"Klerikales Leisetreter-Wams des Vampirismus",216
"Starkes Magiekundigen-Wams",217
"Verwüstende Betrüger-Maske",218
"Starkes Magiekundigen-Wams",219
"Starke Betrüger-Maske",220
"Starkes Magiekundigen-Wams",221
"Faulende Verstärkte Schuppen-Stiefel",222
"Zho-Wams",223
"Starke Betrüger-Maske",224
"Verwüstendes Magiekundigen-Wams",225
"Verwüstendes Magiekundigen-Wams",226
"Faulende Leisetreter-Sandalen des Reisenden",227
"Starke Betrüger-Maske",228
"Verwüstendes Magiekundigen-Wams",229
"Faulende Verstärkte Schuppen-Stiefel",230
"Starke Betrüger-Maske",231
"Verwüstende Betrüger-Maske",232
"Verwüstendes Magiekundigen-Wams",233
"Veredeltes Magiekundigen-Wams",234
"Leisetreter-Wams des Balthasar",235
"Verwüstende Betrüger-Maske",236
"Faulende Verstärkte Schuppen-Stiefel",237
"Errol-Wams",238
"Veredeltes Magiekundigen-Wams",239
"Faulende Verstärkte Schuppen-Stiefel",240
"Verwüstende Betrüger-Maske",241
"Verwüstende Betrüger-Maske",242
"Veredeltes Magiekundigen-Wams",243
"Veredeltes Magiekundigen-Wams",244
"Faulende Leisetreter-Sandalen des Reisenden",245
"Veredelte Betrüger-Maske",246
"Verwüstendes Magiekundigen-Wams",247
"Berserkerhaftes Leisetreter-Wams des Balthasar",248
"Verwüstendes Magiekundigen-Wams",249
"Veredelte Betrüger-Maske",250
"Vatlaaw-Wams",251
"Vitale Abgenutzte Ketten-Beinschienen",252
"Verwüstendes Magiekundigen-Wams",253
"Veredelte Betrüger-Maske",254
"Faulende Leisetreter-Sandalen des Rudels",255
"Vitale Abgenutzte Ketten-Beinschienen",256
"Verwüstendes Magiekundigen-Wams",257
"Veredelte Betrüger-Maske",258
"Berserkerhaftes Kabbalisten-Wams",259
"Mächtiges Beschlagenes Wams",260
"Berserkerhaftes Kabbalisten-Wams",261
"Verwüstende Betrüger-Maske",262
"Mächtiges Beschlagenes Wams",263
"Vitale Abgenutzte Ketten-Beinschienen",264
"Berserkerhaftes Kabbalisten-Wams",265
"Verwüstende Betrüger-Maske",266
"Verwüstende Betrüger-Maske",267
"Berserkerhaftes Kabbalisten-Wams",268
"Berserkerhaftes Kabbalisten-Wams",269
"Mächtiges Beschlagenes Wams",270
"Verwüstende Betrüger-Maske",271
"Veredelte Abgenutzte Ketten-Beinschienen",272
"Faulendes Kabbalisten-Wams",273
"Shiro-Beinschienen",274
"Veredelte Abgenutzte Ketten-Beinschienen",275
"Berserkerhafter Freibeuter-Hut",276
"Faulendes Kabbalisten-Wams",277
"Berserkerhafter Freibeuter-Hut",278
"Faulendes Kabbalisten-Wams",279
"Präzises Beschlagenes Wams",280
"Faulendes Kabbalisten-Wams",281
"Berserkerhafter Freibeuter-Hut",282
"Veredelte Abgenutzte Schuppen-Stiefel",283
"Berserkerhafter Freibeuter-Hut",284
"Faulendes Kabbalisten-Wams",285
"Präzises Beschlagenes Wams",286
"Wütendes Kabbalisten-Wams",287
"Veredelte Abgenutzte Schuppen-Stiefel",288
"Berserkerhafter Freibeuter-Hut",289
"Wütendes Kabbalisten-Wams",290
"Faulender Freibeuter-Hut",291
"Veredelte Abgenutzte Schuppen-Stiefel",292
"Präzises Beschlagenes Wams",293
"Faulender Freibeuter-Hut",294
"Wütendes Kabbalisten-Wams",295
"Veredelte Abgenutzte Schuppen-Stiefel",296
"Wütende Leisetreter-Sandalen des Zentauren",297
"Wütendes Kabbalisten-Wams",298
"Faulender Freibeuter-Hut",299
"Vitales Beschlagenes Wams",300
"Wütendes Kabbalisten-Wams",301
"Veredelte Abgenutzte Schuppen-Stiefel",302
"Faulender Freibeuter-Hut",303
"Vitales Beschlagenes Wams",304
"Schamanisches Kabbalisten-Wams",305
"Schamanisches Kabbalisten-Wams",306
"Faulender Freibeuter-Hut",307
"Veredelte Abgenutzte Schuppen-Stiefel",308
"Wütender Freibeuter-Hut",309
"Vitales Beschlagenes Wams",310
"Schamanisches Kabbalisten-Wams",311
"Wütender Freibeuter-Hut",312
"Schamanisches Kabbalisten-Wams",313
"Wütende Verstärkte Schuppen-Stiefel",314
"Wütender Freibeuter-Hut",315
"Wütende Leisetreter-Sandalen des Vampirismus",316
"Schamanisches Kabbalisten-Wams",317
"Unheilvolles Beschlagenes Wams",318
"Wütender Freibeuter-Hut",319
"Wütende Verstärkte Schuppen-Stiefel",320
"Wütender Freibeuter-Hut",321
"Schamanischer Freibeuter-Hut",322
"Aidan-Stiefel",323
"Unheilvolles Beschlagenes Wams",324
"Wütende Verstärkte Schuppen-Stiefel",325
"Schamanischer Freibeuter-Hut",326
"Schamanischer Freibeuter-Hut",327
"Wütende Verstärkte Schuppen-Stiefel",328
"Schamanischer Freibeuter-Hut",329
"Unheilvolles Beschlagenes Wams",330
"Schamanischer Freibeuter-Hut",331
"Wütende Verstärkte Schuppen-Stiefel",332
"Starkes Beschlagenes Wams",333
"Schamanische Leisetreter-Sandalen des Reisenden",334
"Mächtige Abgenutzte Ketten-Beinschienen",335
"Schamanische Leisetreter-Sandalen des Schwarmes",336
"Starkes Beschlagenes Wams",337
"Unheilvolle Abgenutzte Ketten-Beinschienen",338
"Starkes Betrüger-Wams",339
"Unheilvolle Abgenutzte Ketten-Beinschienen",340
"Unheilvolle Abgenutzte Ketten-Beinschienen",341
"Reyna-Stiefel",342
"Starkes Betrüger-Wams",343
"Verwüstende Abgenutzte Ketten-Beinschienen",344
"Verwüstendes Beschlagenes Wams",345
"Verwüstende Abgenutzte Ketten-Beinschienen",346
"Verwüstende Abgenutzte Schuppen-Stiefel",347
"Verwüstendes Beschlagenes Wams",348
"Klerikale Leisetreter-Sandalen des Reisenden",349
"Verwüstende Abgenutzte Schuppen-Stiefel",350
"Verwüstendes Betrüger-Wams",351
"Verwüstende Abgenutzte Schuppen-Stiefel",352
"Verwüstendes Betrüger-Wams",353
"Mächtiges Magiekundigen-Wams des Haines",354
"Klerikale Leisetreter-Sandalen des Dolyaks",355
"Verwüstende Abgenutzte Schuppen-Stiefel",356
"Mächtiges Magiekundigen-Wams des Vampirismus",357
"Veredeltes Beschlagenes Wams",358
"Starkes Magiekundigen-Wams der Befallenen",359
"Starkes Magiekundigen-Wams der Flammen-Legion",360
"Veredeltes Beschlagenes Wams",361
"Starkes Magiekundigen-Wams des Schwarmes",362
"Verwüstende Abgenutzte Schuppen-Stiefel",363
"Verwüstende Abgenutzte Schuppen-Stiefel",364
"Zho-Stiefel",365
"Verwüstendes Magiekundigen-Wams des Lich",366
"Verwüstendes Magiekundigen-Wams der Melandru",367
"Starkes Kabbalisten-Wams des Lich",368
"Schamanische Verstärkte Schuppen-Stiefel",369
"Veredeltes Betrüger-Wams",370
"Starkes Kabbalisten-Wams des Reisenden",371
"Veredeltes Betrüger-Wams",372
"Starkes Kabbalisten-Wams des Lich",373
"Schamanische Verstärkte Schuppen-Stiefel",374
"Leisetreter-Sandalen der Infiltration",375
"Verwüstendes Magiekundigen-Wams des Vampirismus",376
"Verwüstendes Beschlagenes Wams",377
"Verwüstendes Kabbalisten-Wams des Dolyaks",378
"Schamanische Verstärkte Schuppen-Stiefel",379
"Verwüstendes Kabbalisten-Wams der Stärke",380
"Schamanische Verstärkte Schuppen-Stiefel",381
"Verwüstendes Kabbalisten-Wams des Haines",383
"Veredeltes Kabbalisten-Wams des Adlers",384
"Verwüstendes Beschlagenes Wams",385
"Mächtige Betrüger-Maske des Adlers",386
"Veredeltes Kabbalisten-Wams der Stärke",387
"Mächtige Betrüger-Maske der Dwayna",388
"Veredeltes Kabbalisten-Wams des Schwarmes",389
"Schamanische Verstärkte Schuppen-Stiefel",390
"Verwüstendes Betrüger-Wams",391
"Starke Betrüger-Maske von Hoelbrak",392
"Veredeltes Kabbalisten-Wams der Rage",393
"Verwüstendes Betrüger-Wams",394
"Mächtige Abgenutzte Schuppen-Stiefel des Vampirismus",395
"Verwüstendes Kabbalisten-Wams der Gnade",396
"Starke Betrüger-Maske der Infiltration",397
"Berserkerhafte Leisetreter-Sandalen des Haines",398
"Verwüstendes Kabbalisten-Wams der Zitadelle",399
"Starke Betrüger-Maske von Rata Sum",400
"Mächtige Abgenutzte Schuppen-Stiefel des Plünderns",401
"Verwüstende Betrüger-Maske des Grenth",402
"Berserkerhaftes Kabbalisten-Wams des Lich",403
"Berserkerhaftes Kabbalisten-Wams des Reisenden",404
"Starkes Betrüger-Wams",405
"Starke Abgenutzte Schuppen-Stiefel des Haines",406
"Verwüstende Betrüger-Maske der Rage",407
"Starker Freibeuter-Hut des Grenth",408
"Berserkerhaftes Kabbalisten-Wams der Lyssa",409
"Starkes Betrüger-Wams",410
"Berserkerhaftes Kabbalisten-Wams der Infiltration",411
"Vatlaaw-Stiefel",412
"Faulendes Kabbalisten-Wams des Rudels",413
"Starker Freibeuter-Hut der Gnade",414
"Starke Abgenutzte Schuppen-Stiefel von Hoelbrak",415
"Starker Freibeuter-Hut des Dolyaks",416
"Starke Abgenutzte Schuppen-Stiefel der Infiltration",417
"Faulendes Kabbalisten-Wams der Infiltration",418
"Starkes Betrüger-Wams",419
"Verwüstende Betrüger-Maske des Lich",420
"Faulendes Kabbalisten-Wams von Hoelbrak",421
"Starke Verstärkte Schuppen-Stiefel des Rudels",422
"Mächtige Beschlagene Stiefel",423
"Faulendes Kabbalisten-Wams der Lyssa",424
"Faulendes Kabbalisten-Wams des Dolyaks",425
"Verwüstender Freibeuter-Hut des Dolyaks",426
"Verwüstender Freibeuter-Hut der Flammen-Legion",427
"Wütendes Kabbalisten-Wams der Infiltration",428
"Starkes Betrüger-Wams",429
"Starke Verstärkte Schuppen-Stiefel des Rudels",430
"Verwüstender Freibeuter-Hut des Reisenden",431
"Wütendes Kabbalisten-Wams des Lich",432
"Wütendes Kabbalisten-Wams der Dwayna",433
"Verwüstendes Betrüger-Wams",434
"Veredelter Freibeuter-Hut des Haines",435
"Starke Verstärkte Schuppen-Stiefel der Flammen-Legion",436
"Veredelter Freibeuter-Hut des Plünderns",437
"Wütendes Kabbalisten-Wams der Dwayna",438
"Veredelter Freibeuter-Hut der Zitadelle",439
"Berserkerhafte Verstärkte Schuppen-Stiefel des Zentauren",440
"Verwüstendes Betrüger-Wams",441
"Schamanisches Kabbalisten-Wams der Stärke",442
"Schamanisches Kabbalisten-Wams des Adlers",443
"Veredelter Freibeuter-Hut des Balthasar",444
"Berserkerhafte Verstärkte Schuppen-Stiefel des Grenth",445
"Verwüstendes Betrüger-Wams",446
"Verwüstender Freibeuter-Hut von Rata Sum",447
"Schamanisches Kabbalisten-Wams des Schwarmes",448
"Schamanisches Kabbalisten-Wams des Balthasar",449
"Mächtige Beschlagene Stiefel",450
"Verwüstender Freibeuter-Hut der Flammen-Legion",451
"Klerikales Kabbalisten-Wams der Befallenen",452
"Verwüstendes Betrüger-Wams",453
"Klerikales Kabbalisten-Wams von Hoelbrak",454
"Berserkerhafter Freibeuter-Hut der Befallenen",455
"Berserkerhafte Verstärkte Schuppen-Stiefel des Rudels",456
"Mächtige Beschlagene Stiefel",457
"Klerikales Kabbalisten-Wams der Dwayna",458
"Klerikales Kabbalisten-Wams des Rudels",459
"Veredeltes Betrüger-Wams",460
"Faulende Verstärkte Schuppen-Stiefel des Adlers",461
"Berserkerhafter Freibeuter-Hut der Befallenen",462
"Berserkerhafter Freibeuter-Hut des Balthasar",463
"Veredeltes Betrüger-Wams",464
"Berserkerhafte Verstärkte Schuppen-Stiefel des Vampirismus",465
"Berserkerhafter Freibeuter-Hut von Rata Sum",466
"Verwüstende Abgenutzte Schuppen-Stiefel des Dolyaks",467
"Faulender Freibeuter-Hut der Zitadelle",468
"Starkes Kabbalisten-Wams der Flammen-Legion",469
"Präzise Beschlagene Stiefel",470
"Starkes Kabbalisten-Wams der Befallenen",471
"Faulender Freibeuter-Hut der Göttlichkeit",472
"Veredeltes Betrüger-Wams",473
"Starkes Kabbalisten-Wams der Infiltration",474
"Verwüstende Abgenutzte Schuppen-Stiefel der Infiltration",475
"Faulender Freibeuter-Hut der Stärke",476
"Faulender Freibeuter-Hut der Dwayna",477
"Verwüstendes Kabbalisten-Wams des Zentauren",478
"Verwüstendes Kabbalisten-Wams der Infiltration",479
"Starker Beschwörer-Brustschutz des Schwarmes",480
"Faulender Freibeuter-Hut der Melandru",481
"Verwüstende Abgenutzte Schuppen-Stiefel der Rage",482
"Veredeltes Betrüger-Wams",483
"Verwüstendes Betrüger-Wams",484
"Verwüstende Verstärkte Schuppen-Stiefel des Adlers",485
"Wütender Freibeuter-Hut des Vampirismus",486
"Berserkerhafter Beschwörer-Brustschutz der Rage",487
"Wütender Freibeuter-Hut des Balthasar",488
"Berserkerhafter Beschwörer-Brustschutz des Zentauren",489
"Berserkerhafter Beschwörer-Brustschutz der Stärke",490
"Präzise Beschlagene Stiefel",491
"Verwüstende Verstärkte Schuppen-Stiefel von Hoelbrak",492
"Wütender Freibeuter-Hut des Zentauren",493
"Verwüstendes Betrüger-Wams",494
"Verwüstender Beschwörer-Brustschutz von Rata Sum",495
"Faulende Verstärkte Schuppen-Stiefel der Stärke",496
"Wütender Freibeuter-Hut des Rudels",497
"Faulender Beschwörer-Brustschutz der Flammen-Legion",498
"Schamanischer Freibeuter-Hut der Zitadelle",499
"Faulender Beschwörer-Brustschutz der Dwayna",500
"Verwüstendes Betrüger-Wams",501
"Faulender Beschwörer-Brustschutz des Vampirismus",502
"Präzise Beschlagene Stiefel",503
"Faulende Verstärkte Schuppen-Stiefel der Rage",504
"Faulender Beschwörer-Brustschutz der Lyssa",505
"Schamanischer Freibeuter-Hut der Göttlichkeit",506
"Schamanischer Freibeuter-Hut der Göttlichkeit",507
"Veredelter Beschwörer-Brustschutz des Balthasar",508
"Verwüstendes Betrüger-Wams",509
"Verwüstende Verstärkte Schuppen-Stiefel der Gnade",510
"Schamanischer Freibeuter-Hut der Flammen-Legion",511
"Wütender Beschwörer-Brustschutz der Flammen-Legion",512
"Vitale Beschlagene Stiefel",513
"Wütender Beschwörer-Brustschutz der Infiltration",514
"Faulende Verstärkte Schuppen-Stiefel der Dwayna",515
"Klerikaler Freibeuter-Hut der Zitadelle",516
"Berserkerhaftes Freibeuter-Wams",517
"Wütender Beschwörer-Brustschutz der Lyssa",518
"Wütender Beschwörer-Brustschutz der Infiltration",519
"Klerikaler Freibeuter-Hut von Rata Sum",520
"Faulende Verstärkte Schuppen-Stiefel der Lyssa",521
"Berserkerhaftes Freibeuter-Wams",522
"Schamanischer Beschwörer-Brustschutz des Haines",523
"Klerikaler Freibeuter-Hut der Zitadelle",524
"Klerikaler Freibeuter-Hut des Lich",525
"Schamanischer Beschwörer-Brustschutz des Adlers",526
"Veredelte Verstärkte Schuppen-Stiefel von Hoelbrak",527
"Berserkerhaftes Freibeuter-Wams",528
"Schamanischer Beschwörer-Brustschutz der Göttlichkeit",529
"Klerikaler Beschwörer-Brustschutz des Adlers",530
"Klerikaler Beschwörer-Brustschutz des Plünderns",531
"Vitale Beschlagene Stiefel",532
"Starker Freibeuter-Hut der Infiltration",533
"Veredelte Verstärkte Schuppen-Stiefel der Melandru",534
"Starker Freibeuter-Hut des Lich",535
"Veredelte Verstärkte Schuppen-Stiefel der Flammen-Legion",536
"Berserkerhaftes Freibeuter-Wams",537
"Klerikaler Beschwörer-Brustschutz des Reisenden",538
"Beschwörer-Brustschutz der Rage",539
"Starker Freibeuter-Hut der Rage",540
"Berserkerhaftes Freibeuter-Wams",541
"Beschwörer-Brustschutz der Flammen-Legion",542
"Veredelte Verstärkte Schuppen-Stiefel des Plünderns",543
"Vitale Beschlagene Stiefel",544
"Beschwörer-Brustschutz von Rata Sum",545
"Verwüstender Freibeuter-Hut der Göttlichkeit",546
"Verwüstender Freibeuter-Hut der Befallenen",547
"Wütende Verstärkte Schuppen-Stiefel des Haines",548
"Faulendes Freibeuter-Wams",549
"Starke Marodeur-Maske des Grenth",550
"Mächtige Rustikale Stiefel",551
"Berserkerhafte Marodeur-Maske der Melandru",552
"Wütende Verstärkte Schuppen-Stiefel der Befallenen",553
"Unheilvolle Beschlagene Stiefel",554
"Mächtige Rustikale Stiefel",555
"Faulendes Freibeuter-Wams",556
"Berserkerhafte Marodeur-Maske des Haines",557
"Berserkerhafte Marodeur-Maske der Dwayna",558
"Wütende Verstärkte Schuppen-Stiefel der Rage",559
"Verwüstende Marodeur-Maske der Infiltration",560
"Wütende Verstärkte Schuppen-Stiefel der Melandru",561
"Faulendes Freibeuter-Wams",562
"Unheilvolle Beschlagene Stiefel",563
"Faulende Marodeur-Maske der Rage",564
"Berserkerhafte Seher-Stiefel des Schwarmes",565
"Faulende Marodeur-Maske der Göttlichkeit",566
"Faulendes Freibeuter-Wams",567
"Verwüstende Verstärkte Schuppen-Stiefel des Lich",568
"Berserkerhafte Seher-Stiefel der Zitadelle",569
"Faulendes Freibeuter-Wams",570
"Berserkerhafte Seher-Stiefel des Dolyaks",571
"Faulende Marodeur-Maske des Schwarmes",572
"Verwüstende Verstärkte Schuppen-Stiefel der Dwayna",573
"Faulende Marodeur-Maske des Haines",574
"Wütendes Freibeuter-Wams",575
"Zhed-Stiefel",576
"Veredelte Marodeur-Maske des Plünderns",577
"Faulende Seher-Stiefel der Dwayna",578
"Wütende Marodeur-Maske der Infiltration",579
"Schamanische Verstärkte Schuppen-Stiefel von Rata Sum",580
"Unheilvolle Beschlagene Stiefel",581
"Schamanische Verstärkte Schuppen-Stiefel der Lyssa",582
"Wütende Marodeur-Maske der Infiltration",583
"Faulende Seher-Stiefel der Infiltration",584
"Faulende Seher-Stiefel des Balthasar",585
"Wütende Marodeur-Maske des Balthasar",586
"Ogden-Stiefel",587
"Wütendes Freibeuter-Wams",588
"Wütendes Freibeuter-Wams",589
"Schamanische Verstärkte Schuppen-Stiefel der Infiltration",590
"Wütende Marodeur-Maske von Rata Sum",591
"Schamanische Verstärkte Schuppen-Stiefel der Gnade",592
"Starke Beschlagene Stiefel",593
"Wütende Seher-Stiefel der Melandru",594
"Schamanische Marodeur-Maske der Lyssa",595
"Wütende Seher-Stiefel der Rage",596
"Schamanische Marodeur-Maske des Plünderns",597
"Norgu-Stiefel",598
"Starke Beschlagene Stiefel",599
"Schamanische Seher-Stiefel der Flammen-Legion",600
"Wütendes Freibeuter-Wams",601
"Schamanische Marodeur-Maske von Hoelbrak",602
"Klerikale Verstärkte Schuppen-Stiefel der Dwayna",603
"Schamanische Seher-Stiefel des Dolyaks",604
"Klerikale Marodeur-Maske der Rage",605
"Klerikale Verstärkte Schuppen-Stiefel des Rudels",606
"Klerikale Marodeur-Maske des Reisenden",607
"Tahlkora-Stiefel",608
"Wütendes Freibeuter-Wams",609
"Klerikale Marodeur-Maske des Vampirismus",610
"Klerikale Verstärkte Schuppen-Stiefel des Dolyaks",611
"Schamanisches Freibeuter-Wams",612
"Klerikale Seher-Stiefel des Plünderns",613
"Marodeur-Maske der Göttlichkeit",614
"Klerikale Seher-Stiefel des Lich",615
"Mhenlo-Stiefel",616
"Marodeur-Maske des Adlers",617
"Seher-Stiefel der Befallenen",618
"Schamanisches Freibeuter-Wams",619
"Starke Betrüger-Stiefel",620
"Klerikale Verstärkte Schuppen-Stiefel des Plünderns",621
"Marodeur-Maske der Befallenen",622
"Jatoro-Stiefel",623
"Starke Betrüger-Stiefel",624
"Starke Beschildete Beinschienen des Dolyaks",625
"Berserkerhafte Seher-Stiefel der Flammen-Legion",626
"Berserkerhafte Beschildete Beinschienen des Lich",627
"Schamanisches Freibeuter-Wams",628
"Khilbron-Stiefel",629
"Schamanisches Freibeuter-Wams",630
"Mächtige Rustikale Stiefel",631
"Berserkerhafte Beschildete Beinschienen von Hoelbrak",632
"Mächtige Rustikale Stiefel",633
"Mächtige Rustikale Stiefel",634
"Berserkerhafte Leisetreter-Schulterschützer der Zitadelle",635
"Präzise Rustikale Stiefel",636
"Schamanisches Freibeuter-Wams",637
"Präzise Rustikale Stiefel",638
"Berserkerhafte Leisetreter-Schulterschützer des Balthasar",639
"Berserkerhafte Beschildete Beinschienen des Adlers",640
"Berserkerhafte Leisetreter-Schulterschützer des Grenth",641
"Präzise Rustikale Stiefel",642
"Vitale Rustikale Stiefel",643
"Verwüstende Beschlagene Stiefel",644
"Starke Verstärkte Schuppen-Stiefel der Zitadelle",645
"Nika-Schulterschutz",646
"Vitale Rustikale Stiefel",647
"Verwüstende Betrüger-Stiefel",648
"Starke Verstärkte Schuppen-Stiefel des Dolyaks",649
"Vitale Rustikale Stiefel",650
"Faulende Leisetreter-Schulterschützer der Flammen-Legion",651
"Starke Verstärkte Schuppen-Stiefel des Adlers",652
"Mächtige Beschlagene Handschuhe",653
"Unheilvolle Rustikale Stiefel",654
"Faulende Leisetreter-Schulterschützer des Schwarmes",655
"Unheilvolle Rustikale Stiefel",656
"Faulende Leisetreter-Schulterschützer des Schwarmes",657
"Unheilvolle Rustikale Stiefel",658
"Shiro-Schulterschutz",659
"Starke Rustikale Stiefel",660
"Mächtige Beschlagene Handschuhe",661
"Starke Rustikale Stiefel",662
"Starke Magiekundigen-Stiefel",663
"Verwüstende Betrüger-Stiefel",664
"Starke Magiekundigen-Stiefel",665
"Verwüstende Verstärkte Schuppen-Stiefel der Rage",666
"Wütende Leisetreter-Schulterschützer des Zentauren",667
"Verwüstende Rustikale Stiefel",668
"Wütende Leisetreter-Schulterschützer der Stärke",669
"Verwüstende Rustikale Stiefel",670
"Verwüstende Betrüger-Stiefel",671
"Verwüstende Verstärkte Schuppen-Stiefel des Vampirismus",672
"Aidan-Schulterschutz",673
"Verwüstende Magiekundigen-Stiefel",674
"Verwüstende Beschildete Beinschienen des Balthasar",675
"Schamanische Leisetreter-Schulterschützer des Schwarmes",676
"Verwüstende Magiekundigen-Stiefel",677
"Veredelte Rustikale Stiefel",678
"Schamanische Leisetreter-Schulterschützer der Göttlichkeit",679
"Reyna-Schulterschutz",680
"Veredelte Rustikale Stiefel",681
"Klerikale Leisetreter-Schulterschützer der Lyssa",682
"Veredelte Magiekundigen-Stiefel",683
"Faulende Beschildete Beinschienen des Reisenden",684
"Faulende Beschildete Beinschienen des Schwarmes",685
"Veredelte Beschlagene Stiefel",686
"Klerikale Leisetreter-Schulterschützer der Gnade",687
"Veredelte Magiekundigen-Stiefel",688
"Verwüstende Rustikale Stiefel",689
"Verwüstende Rustikale Stiefel",690
"Zho-Schulterschutz",691
"Berserkerhafte Leisetreter-Handschuhe des Haines",692
"Faulende Beschildete Beinschienen der Stärke",693
"Verwüstende Magiekundigen-Stiefel",694
"Berserkerhafte Leisetreter-Handschuhe des Vampirismus",696
"Verwüstende Magiekundigen-Stiefel",697
"Faulende Beschildete Beinschienen der Flammen-Legion",698
"Errol-Schulterschutz",699
"Berserkerhafte Leisetreter-Schulterschützer der Dwayna",700
"Starke Magiekundigen-Stiefel",701
"Veredelte Beschildete Beinschienen der Göttlichkeit",702
"Vatlaaw-Schulterschutz",703
"Starke Magiekundigen-Stiefel",704
"Berserkerhafte Leisetreter-Handschuhe der Lyssa",705
"Mächtiger Betrüger-Schulterschutz",706
"Starke Magiekundigen-Stiefel",707
"Veredelte Beschlagene Stiefel",708
"Starke Magiekundigen-Stiefel",709
"Wütende Beschildete Beinschienen des Rudels",710
"Mächtiger Betrüger-Schulterschutz",711
"Verwüstende Magiekundigen-Stiefel",712
"Veredelte Betrüger-Stiefel",713
"Nika-Handschuhe",714
"Verwüstende Magiekundigen-Stiefel",715
"Wütende Beschildete Beinschienen von Hoelbrak",716
"Präziser Betrüger-Schulterschutz",717
"Verwüstende Magiekundigen-Stiefel",718
"Präziser Betrüger-Schulterschutz",719
"Verwüstende Magiekundigen-Stiefel",720
"Vitaler Betrüger-Schulterschutz",721
"Veredelte Magiekundigen-Stiefel",722
"Wütende Beschildete Beinschienen der Lyssa",723
"Vitaler Betrüger-Schulterschutz",724
"Veredelte Magiekundigen-Stiefel",725
"Unheilvoller Betrüger-Schulterschutz",726
"Wütende Beschildete Beinschienen des Balthasar",727
"Faulende Leisetreter-Handschuhe des Lich",728
"Veredelte Magiekundigen-Stiefel",729
"Schamanische Beschildete Beinschienen des Adlers",730
"Unheilvoller Betrüger-Schulterschutz",731
"Veredelte Magiekundigen-Stiefel",732
"Faulende Leisetreter-Handschuhe der Melandru",733
"Starker Betrüger-Schulterschutz",734
"Verwüstende Magiekundigen-Stiefel",735
"Veredelte Betrüger-Stiefel",736
"Verwüstende Magiekundigen-Stiefel",737
"Starker Betrüger-Schulterschutz",738
"Schamanische Beschildete Beinschienen der Gnade",739
"Verwüstende Magiekundigen-Stiefel",740
"Faulende Leisetreter-Handschuhe von Hoelbrak",741
"Starker Betrüger-Schulterschutz",742
"Verwüstende Magiekundigen-Stiefel",743
"Verwüstende Beschlagene Stiefel",744
"Schamanische Beschildete Beinschienen des Adlers",745
"Starker Betrüger-Schulterschutz",746
"Berserkerhafte Kabbalisten-Stiefel",747
"Berserkerhafte Kabbalisten-Stiefel",748
"Shiro-Handschuhe",749
"Verwüstender Betrüger-Schulterschutz",750
"Klerikale Beschildete Beinschienen von Rata Sum",751
"Berserkerhafte Kabbalisten-Stiefel",752
"Verwüstende Beschlagene Stiefel",753
"Berserkerhafte Kabbalisten-Stiefel",754
"Verwüstender Betrüger-Schulterschutz",755
"Verwüstender Betrüger-Schulterschutz",756
"Berserkerhafte Kabbalisten-Stiefel",757
"Klerikale Beschildete Beinschienen der Lyssa",758
"Faulende Kabbalisten-Stiefel",759
"Verwüstender Betrüger-Schulterschutz",760
"Klerikale Beschildete Beinschienen des Rudels",761
"Faulende Kabbalisten-Stiefel",762
"Wütende Leisetreter-Handschuhe der Lyssa",763
"Faulende Kabbalisten-Stiefel",764
"Veredelter Betrüger-Schulterschutz",765
"Veredelter Betrüger-Schulterschutz",766
"Faulende Kabbalisten-Stiefel",768
"Wütende Leisetreter-Handschuhe des Plünderns",769
"Faulende Kabbalisten-Stiefel",770
"Veredelter Betrüger-Schulterschutz",771
"Beschildete Beinschienen der Zitadelle",772
"Veredelter Betrüger-Schulterschutz",773
"Wütende Kabbalisten-Stiefel",774
"Aidan-Handschuhe",775
"Verwüstende Betrüger-Stiefel",776
"Beschildete Beinschienen der Befallenen",777
"Verwüstender Betrüger-Schulterschutz",778
"Wütende Kabbalisten-Stiefel",779
"Wütende Kabbalisten-Stiefel",780
"Verwüstender Betrüger-Schulterschutz",781
"Wütende Kabbalisten-Stiefel",782
"Verwüstende Betrüger-Stiefel",783
"Verwüstender Betrüger-Schulterschutz",784
"Schamanische Leisetreter-Handschuhe des Rudels",785
"Wütende Kabbalisten-Stiefel",786
"Verwüstender Betrüger-Schulterschutz",787
"Schamanische Kabbalisten-Stiefel",788
"Schamanische Leisetreter-Handschuhe der Gnade",789
"Starker Betrüger-Schulterschutz",790
"Schamanische Kabbalisten-Stiefel",791
"Reyna-Handschuhe",792
"Schamanische Kabbalisten-Stiefel",793
"Starker Betrüger-Schulterschutz",794
"Schamanische Kabbalisten-Stiefel",795
"Starke Betrüger-Stiefel",796
"Starker Betrüger-Schulterschutz",797
"Schamanische Kabbalisten-Stiefel",798
"Starker Betrüger-Schulterschutz",799
"Verwüstender Betrüger-Schulterschutz",800
"Berserkerhafte Schlitzohr-Beinschienen des Plünderns",801
"Berserkerhafte Schlitzohr-Beinschienen der Zitadelle",802
"Klerikale Leisetreter-Handschuhe des Zentauren",803
"Starke Betrüger-Stiefel",804
"Verwüstender Betrüger-Schulterschutz",805
"Klerikale Leisetreter-Handschuhe der Stärke",806
"Berserkerhafte Schlitzohr-Beinschienen des Vampirismus",807
"Verwüstender Betrüger-Schulterschutz",808
"Verwüstender Betrüger-Schulterschutz",809
"Devona-Beinschienen",810
"Zho-Handschuhe",811
"Veredelter Betrüger-Schulterschutz",812
"Starke Betrüger-Stiefel",813
"Veredelter Betrüger-Schulterschutz",814
"Veredelter Betrüger-Schulterschutz",816
"Veredelter Betrüger-Schulterschutz",817
"Verwüstender Betrüger-Schulterschutz",818
"Faulende Schlitzohr-Beinschienen der Lyssa",820
"Starke Betrüger-Stiefel",821
"Verwüstender Betrüger-Schulterschutz",822
"Verwüstender Betrüger-Schulterschutz",823
"Berserkerhafte Leisetreter-Handschuhe der Zitadelle",824
"Vatlaaw-Handschuhe",825
"Verwüstender Betrüger-Schulterschutz",826
"Faulende Schlitzohr-Beinschienen der Dwayna",827
"Berserkerhafte Freibeuter-Schultern",828
"Berserkerhafte Freibeuter-Schultern",829
"Faulende Schlitzohr-Beinschienen der Lyssa",830
"Verwüstende Betrüger-Stiefel",831
"Berserkerhafte Freibeuter-Schultern",832
"Mächtige Beschlagene Handschuhe",833
"Sheena-Beinschienen",834
"Mächtige Beschlagene Handschuhe",835
"Berserkerhafte Freibeuter-Schultern",836
"Berserkerhafte Freibeuter-Schultern",837
"Faulende Freibeuter-Schultern",838
"Verwüstende Betrüger-Stiefel",839
"Faulende Freibeuter-Schultern",840
"Wütende Schlitzohr-Beinschienen des Dolyaks",841
"Mächtige Beschlagene Handschuhe",842
"Faulende Freibeuter-Schultern",843
"Faulende Freibeuter-Schultern",844
"Präzise Beschlagene Handschuhe",845
"Wütende Schlitzohr-Beinschienen der Infiltration",846
"Präzise Beschlagene Handschuhe",847
"Koss' Beinschienen",848
"Faulende Freibeuter-Schultern",849
"Mächtige Magiekundigen-Stiefel der Flammen-Legion",850
"Wütende Freibeuter-Schultern",851
"Verwüstende Betrüger-Stiefel",852
"Schamanische Schlitzohr-Beinschienen der Dwayna",853
"Mächtige Magiekundigen-Stiefel von Hoelbrak",854
"Wütende Freibeuter-Schultern",855
"Präzise Beschlagene Handschuhe",856
"Starke Magiekundigen-Stiefel des Vampirismus",857
"Wütende Freibeuter-Schultern",858
"Schamanische Schlitzohr-Beinschienen der Flammen-Legion",859
"Starke Magiekundigen-Stiefel der Lyssa",860
"Wütende Freibeuter-Schultern",861
"Verwüstende Betrüger-Stiefel",862
"Starke Magiekundigen-Stiefel des Schwarmes",863
"Verwüstende Magiekundigen-Stiefel des Grenth",864
"Wütende Freibeuter-Schultern",865
"Jalis' Beinschienen",866
"Vitale Beschlagene Handschuhe",867
"Vitale Beschlagene Handschuhe",868
"Verwüstende Magiekundigen-Stiefel des Vampirismus",869
"Schamanische Freibeuter-Schultern",870
"Starke Kabbalisten-Stiefel des Grenth",871
"Starke Kabbalisten-Stiefel des Haines",872
"Schamanische Freibeuter-Schultern",873
"Klerikale Schlitzohr-Beinschienen von Rata Sum",874
"Schamanische Freibeuter-Schultern",875
"Klerikale Schlitzohr-Beinschienen der Rage",876
"Vitale Beschlagene Handschuhe",877
"Schamanische Freibeuter-Schultern",878
"Starke Kabbalisten-Stiefel der Rage",879
"Verwüstende Magiekundigen-Stiefel der Lyssa",880
"Veredelte Betrüger-Stiefel",881
"Unheilvolle Beschlagene Handschuhe",882
"Verwüstende Kabbalisten-Stiefel der Lyssa",883
"Schamanische Freibeuter-Schultern",884
"Verwüstende Kabbalisten-Stiefel des Dolyaks",885
"Rurik-Beinschienen",886
"Verwüstende Kabbalisten-Stiefel des Balthasar",887
"Unheilvolle Beschlagene Handschuhe",888
"Veredelte Betrüger-Stiefel",890
"Veredelte Kabbalisten-Stiefel der Lyssa",891
"Yakkington-Beinschienen",892
"Veredelte Kabbalisten-Stiefel des Balthasar",893
"Veredelte Kabbalisten-Stiefel des Reisenden",894
"Unheilvolle Beschlagene Handschuhe",895
"Galrath-Beinschienen",896
"Veredelte Kabbalisten-Stiefel des Adlers",897
"Starke Beschlagene Handschuhe",898
"Verwüstende Kabbalisten-Stiefel von Rata Sum",899
"Veredelte Betrüger-Stiefel",900
"Verwüstende Kabbalisten-Stiefel der Dwayna",901
"Berserkerhafte Kabbalisten-Stiefel der Infiltration",902
"Berserkerhafte Schlitzohr-Beinschienen des Reisenden",903
"Berserkerhafte Kabbalisten-Stiefel der Flammen-Legion",904
"Starke Beschlagene Handschuhe",905
"Berserkerhafte Kabbalisten-Stiefel der Infiltration",906
"Starke Betrüger-Handschuhe",907
"Berserkerhafte Kabbalisten-Stiefel der Göttlichkeit",908
"Veredelte Betrüger-Stiefel",909
"Faulende Kabbalisten-Stiefel der Infiltration",910
"Faulende Kabbalisten-Stiefel des Reisenden",911
"Faulende Kabbalisten-Stiefel der Melandru",912
"Starke Betrüger-Handschuhe",913
"Faulende Kabbalisten-Stiefel des Haines",914
"Verwüstende Beschlagene Handschuhe",915
"Faulende Kabbalisten-Stiefel des Adlers",916
"Verwüstende Betrüger-Stiefel",917
"Wütende Kabbalisten-Stiefel des Rudels",918
"Wütende Kabbalisten-Stiefel von Hoelbrak",919
"Verwüstende Beschlagene Handschuhe",920
"Wütende Kabbalisten-Stiefel des Balthasar",921
"Wütende Kabbalisten-Stiefel der Stärke",922
"Verwüstende Betrüger-Handschuhe",923
"Schamanische Kabbalisten-Stiefel des Plünderns",924
"Schamanische Kabbalisten-Stiefel der Rage",925
"Verwüstende Betrüger-Stiefel",926
"Verwüstende Betrüger-Handschuhe",927
"Schamanische Kabbalisten-Stiefel von Rata Sum",928
"Schamanische Kabbalisten-Stiefel der Stärke",929
"Verwüstende Betrüger-Stiefel",930
"Klerikale Kabbalisten-Stiefel der Dwayna",931
"Klerikale Kabbalisten-Stiefel des Lich",932
"Veredelte Beschlagene Handschuhe",933
"Klerikale Kabbalisten-Stiefel des Adlers",934
"Veredelte Beschlagene Handschuhe",935
"Klerikale Kabbalisten-Stiefel der Göttlichkeit",936
"Veredelte Betrüger-Handschuhe",937
"Mächtiger Betrüger-Schulterschutz von Rata Sum",938
"Starke Kabbalisten-Stiefel der Melandru",939
"Mächtiger Betrüger-Schulterschutz der Flammen-Legion",940
"Starke Kabbalisten-Stiefel des Grenth",941
"Verwüstende Betrüger-Stiefel",942
"Veredelte Betrüger-Handschuhe",943
"Starker Betrüger-Schulterschutz des Vampirismus",944
"Starker Betrüger-Schulterschutz des Schwarmes",945
"Starke Kabbalisten-Stiefel der Befallenen",946
"Verwüstende Kabbalisten-Stiefel des Vampirismus",947
"Berserkerhafte Freibeuter-Stiefel",948
"Verwüstende Beschlagene Handschuhe",949
"Verwüstende Kabbalisten-Stiefel des Grenth",950
"Starker Betrüger-Schulterschutz der Lyssa",951
"Starke Beschwörer-Schuhe der Göttlichkeit",952
"Verwüstender Betrüger-Schulterschutz des Zentauren",953
"Verwüstende Beschlagene Handschuhe",954
"Berserkerhafte Beschwörer-Schuhe der Melandru",955
"Verwüstender Betrüger-Schulterschutz des Vampirismus",956
"Berserkerhafte Freibeuter-Stiefel",957
"Berserkerhafte Beschwörer-Schuhe der Dwayna",958
"Berserkerhafte Beschwörer-Schuhe des Haines",959
"Starke Freibeuter-Schultern des Plünderns",960
"Starke Freibeuter-Schultern der Stärke",961
"Verwüstende Beschwörer-Schuhe des Zentauren",962
"Verwüstende Betrüger-Handschuhe",963
"Faulende Beschwörer-Schuhe der Zitadelle",964
"Starke Freibeuter-Schultern von Rata Sum",965
"Verwüstender Betrüger-Schulterschutz des Schwarmes",966
"Verwüstende Betrüger-Handschuhe",967
"Faulende Beschwörer-Schuhe der Befallenen",968
"Starke Betrüger-Handschuhe",969
"Faulende Beschwörer-Schuhe des Balthasar",970
"Verwüstende Freibeuter-Schultern der Flammen-Legion",971
"Faulende Beschwörer-Schuhe des Reisenden",972
"Verwüstende Freibeuter-Schultern der Infiltration",973
"Berserkerhafte Freibeuter-Stiefel",974
"Veredelte Beschwörer-Schuhe der Göttlichkeit",975
"Verwüstende Freibeuter-Schultern der Lyssa",976
"Wütende Beschwörer-Schuhe des Dolyaks",977
"Starke Betrüger-Handschuhe",978
"Veredelte Freibeuter-Schultern des Dolyaks",979
"Wütende Beschwörer-Schuhe der Zitadelle",980
"Veredelte Freibeuter-Schultern der Stärke",981
"Starke Betrüger-Handschuhe",982
"Wütende Beschwörer-Schuhe der Dwayna",983
"Veredelte Freibeuter-Schultern der Infiltration",984
"Wütende Beschwörer-Schuhe des Grenth",985
"Berserkerhafte Freibeuter-Stiefel",986
"Schamanische Beschwörer-Schuhe des Haines",987
"Veredelte Freibeuter-Schultern des Lich",988
"Schamanische Beschwörer-Schuhe der Zitadelle",989
"Starke Betrüger-Handschuhe",990
"Verwüstende Freibeuter-Schultern der Befallenen",991
"Schamanische Beschwörer-Schuhe der Göttlichkeit",992
"Berserkerhafte Freibeuter-Stiefel",993
"Verwüstende Freibeuter-Schultern der Zitadelle",994
"Klerikale Beschwörer-Schuhe des Dolyaks",995
"Berserkerhafte Freibeuter-Schultern des Haines",996
"Verwüstende Betrüger-Handschuhe",997
"Klerikale Beschwörer-Schuhe des Rudels",998
"Klerikale Beschwörer-Schuhe des Zentauren",999
"Berserkerhafte Freibeuter-Schultern des Lich",1000
"Berserkerhafte Freibeuter-Schultern des Lich",1001
"Beschwörer-Schuhe der Lyssa",1002
"Verwüstende Betrüger-Handschuhe",1003
"Berserkerhafte Freibeuter-Schultern des Zentauren",1004
"Beschwörer-Schuhe des Lich",1005
"Faulende Freibeuter-Schultern des Vampirismus",1006
"Beschwörer-Schuhe des Haines",1007
"Verwüstende Betrüger-Handschuhe",1008
"Faulende Freibeuter-Schultern des Rudels",1009
"Verwüstende Betrüger-Handschuhe",1010
"Faulende Freibeuter-Schultern der Zitadelle",1011
"Mächtiges Abgenutztes Ketten-Wams",1012
"Faulende Freibeuter-Stiefel",1013
"Mächtiges Abgenutztes Ketten-Wams",1014
"Faulende Freibeuter-Schultern des Balthasar",1015
"Veredelte Betrüger-Handschuhe",1016
"Faulende Freibeuter-Schultern des Grenth",1017
"Faulende Freibeuter-Stiefel",1018
"Wütende Freibeuter-Schultern der Gnade",1019
"Berserkerhafter Schlitzohr-Brustschutz der Stärke",1020
"Wütende Freibeuter-Schultern der Zitadelle",1021
"Berserkerhafter Schlitzohr-Brustschutz des Balthasar",1022
"Veredelte Betrüger-Handschuhe",1023
"Wütende Freibeuter-Schultern der Melandru",1024
"Berserkerhafter Schlitzohr-Brustschutz von Rata Sum",1025
"Devona-Brustschutz",1026
"Veredelte Betrüger-Handschuhe",1027
"Faulender Schlitzohr-Brustschutz der Befallenen",1028
"Wütende Freibeuter-Schultern des Plünderns",1029
"Schamanische Freibeuter-Schultern des Lich",1030
"Faulender Schlitzohr-Brustschutz der Rage",1031
"Faulender Schlitzohr-Brustschutz der Stärke",1032
"Veredelte Betrüger-Handschuhe",1033
"Faulende Freibeuter-Stiefel",1034
"Brutus-Brustschutz",1035
"Schamanische Freibeuter-Schultern von Rata Sum",1036
"Schamanische Freibeuter-Schultern des Adlers",1037
"Wütender Schlitzohr-Brustschutz des Rudels",1038
"Wütender Schlitzohr-Brustschutz von Hoelbrak",1039
"Faulende Freibeuter-Stiefel",1040
"Verwüstende Betrüger-Handschuhe",1041
"Koss' Brustschutz",1042
"Schamanischer Schlitzohr-Brustschutz der Göttlichkeit",1043
"Schamanische Freibeuter-Schultern der Gnade",1044
"Schamanischer Schlitzohr-Brustschutz des Dolyaks",1045
"Klerikale Freibeuter-Schultern der Melandru",1046
"Jalis' Brustschutz",1047
"Verwüstende Betrüger-Handschuhe",1048
"Klerikaler Schlitzohr-Brustschutz der Göttlichkeit",1049
"Klerikale Freibeuter-Schultern des Reisenden",1050
"Klerikaler Schlitzohr-Brustschutz der Infiltration",1051
"Klerikale Freibeuter-Schultern des Rudels",1052
"Rurik-Brustschutz",1053
"Verwüstende Betrüger-Handschuhe",1054
"Klerikale Freibeuter-Schultern der Flammen-Legion",1055
"Yakkington-Brustschutz",1057
"Berserkerhafter Schlitzohr-Brustschutz des Lich",1058
"Verwüstende Betrüger-Handschuhe",1059
"Galrath-Brustschutz",1060
"Faulende Freibeuter-Stiefel",1061
"Mächtiges Abgenutztes Ketten-Wams",1062
"Mächtiges Abgenutztes Ketten-Wams",1063
"Berserkerhafte Freibeuter-Handschuhe",1064
"Starke Freibeuter-Schultern des Schwarmes",1065
"Mächtiges Abgenutztes Ketten-Wams",1066
"Präzises Abgenutztes Ketten-Wams",1067
"Starke Freibeuter-Schultern der Stärke",1068
"Präzises Abgenutztes Ketten-Wams",1069
"Wütende Freibeuter-Stiefel",1070
"Präzises Abgenutztes Ketten-Wams",1071
"Starke Freibeuter-Schultern des Rudels",1072
"Vitales Abgenutztes Ketten-Wams",1073
"Berserkerhafte Freibeuter-Handschuhe",1074
"Vitales Abgenutztes Ketten-Wams",1075
"Vitales Abgenutztes Ketten-Wams",1076
"Verwüstende Freibeuter-Schultern des Zentauren",1077
"Unheilvolles Abgenutztes Ketten-Wams",1078
"Berserkerhafte Freibeuter-Handschuhe",1079
"Unheilvolles Abgenutztes Ketten-Wams",1080
"Verwüstende Freibeuter-Schultern des Vampirismus",1081
"Unheilvolles Abgenutztes Ketten-Wams",1082
"Starker Schurken-Schulterschutz des Vampirismus",1083
"Starkes Abgenutztes Ketten-Wams",1084
"Berserkerhafter Schurken-Schulterschutz der Infiltration",1085
"Starkes Abgenutztes Ketten-Wams",1086
"Berserkerhafte Freibeuter-Handschuhe",1087
"Starkes Abgenutztes Schuppen-Wams",1088
"Berserkerhafter Schurken-Schulterschutz der Gnade",1089
"Starkes Abgenutztes Schuppen-Wams",1090
"Wütende Freibeuter-Stiefel",1091
"Verwüstendes Abgenutztes Ketten-Wams",1092
"Wütende Freibeuter-Stiefel",1093
"Berserkerhafter Schurken-Schulterschutz des Schwarmes",1094
"Verwüstendes Abgenutztes Ketten-Wams",1095
"Verwüstendes Abgenutztes Schuppen-Wams",1096
"Verwüstender Schurken-Schulterschutz der Flammen-Legion",1097
"Verwüstendes Abgenutztes Schuppen-Wams",1098
"Berserkerhafte Freibeuter-Handschuhe",1099
"Faulender Schurken-Schulterschutz der Stärke",1100
"Veredeltes Abgenutztes Ketten-Wams",1101
"Veredeltes Abgenutztes Ketten-Wams",1102
"Faulende Freibeuter-Handschuhe",1103
"Veredeltes Abgenutztes Schuppen-Wams",1104
"Faulender Schurken-Schulterschutz der Befallenen",1105
"Veredeltes Abgenutztes Schuppen-Wams",1106
"Faulender Schurken-Schulterschutz der Dwayna",1107
"Faulende Freibeuter-Handschuhe",1108
"Verwüstendes Abgenutztes Ketten-Wams",1109
"Verwüstendes Abgenutztes Ketten-Wams",1110
"Faulender Schurken-Schulterschutz des Haines",1111
"Verwüstendes Abgenutztes Schuppen-Wams",1112
"Wütende Freibeuter-Stiefel",1113
"Verwüstendes Abgenutztes Schuppen-Wams",1114
"Veredelter Schurken-Schulterschutz von Hoelbrak",1115
"Faulende Freibeuter-Handschuhe",1116
"Starkes Abgenutztes Schuppen-Wams",1117
"Wütender Schurken-Schulterschutz des Grenth",1118
"Starkes Abgenutztes Schuppen-Wams",1119
"Starkes Abgenutztes Schuppen-Wams",1120
"Wütender Schurken-Schulterschutz von Hoelbrak",1121
"Wütende Freibeuter-Stiefel",1122
"Starkes Abgenutztes Schuppen-Wams",1123
"Faulende Freibeuter-Handschuhe",1124
"Verwüstendes Abgenutztes Schuppen-Wams",1125
"Verwüstendes Abgenutztes Schuppen-Wams",1126
"Wütender Schurken-Schulterschutz des Grenth",1127
"Wütender Schurken-Schulterschutz des Adlers",1128
"Verwüstendes Abgenutztes Schuppen-Wams",1129
"Faulende Freibeuter-Handschuhe",1130
"Verwüstendes Abgenutztes Schuppen-Wams",1131
"Schamanischer Schurken-Schulterschutz der Dwayna",1132
"Veredeltes Abgenutztes Schuppen-Wams",1133
"Schamanischer Schurken-Schulterschutz von Hoelbrak",1134
"Veredeltes Abgenutztes Schuppen-Wams",1135
"Wütende Freibeuter-Handschuhe",1136
"Veredeltes Abgenutztes Schuppen-Wams",1137
"Veredeltes Abgenutztes Schuppen-Wams",1138
"Schamanische Freibeuter-Stiefel",1139
"Verwüstendes Abgenutztes Schuppen-Wams",1140
"Schamanischer Schurken-Schulterschutz des Reisenden",1141
"Verwüstendes Abgenutztes Schuppen-Wams",1142
"Klerikaler Schurken-Schulterschutz des Haines",1143
"Wütende Freibeuter-Handschuhe",1144
"Verwüstendes Abgenutztes Schuppen-Wams",1145
"Verwüstendes Abgenutztes Schuppen-Wams",1146
"Klerikaler Schurken-Schulterschutz des Adlers",1147
"Wütende Freibeuter-Handschuhe",1148
"Berserkerhaftes Verstärktes Schuppen-Wams",1149
"Berserkerhaftes Verstärktes Schuppen-Wams",1150
"Klerikaler Schurken-Schulterschutz der Lyssa",1151
"Schurken-Schulterschutz der Gnade",1152
"Berserkerhaftes Verstärktes Schuppen-Wams",1153
"Schamanische Freibeuter-Stiefel",1154
"Berserkerhaftes Verstärktes Schuppen-Wams",1155
"Berserkerhaftes Verstärktes Schuppen-Wams",1156
"Faulendes Verstärktes Schuppen-Wams",1157
"Schurken-Schulterschutz der Infiltration",1158
"Schurken-Schulterschutz der Infiltration",1159
"Faulendes Verstärktes Schuppen-Wams",1160
"Wütende Freibeuter-Handschuhe",1161
"Faulendes Verstärktes Schuppen-Wams",1162
"Faulendes Verstärktes Schuppen-Wams",1163
"Mächtige Beschlagene Hose",1164
"Faulendes Verstärktes Schuppen-Wams",1165
"Wütende Freibeuter-Handschuhe",1166
"Wütendes Verstärktes Schuppen-Wams",1167
"Wütendes Verstärktes Schuppen-Wams",1168
"Schamanische Freibeuter-Stiefel",1169
"Wütendes Verstärktes Schuppen-Wams",1170
"Wütendes Verstärktes Schuppen-Wams",1171
"Mächtige Beschlagene Hose",1172
"Schamanische Freibeuter-Handschuhe",1173
"Wütendes Verstärktes Schuppen-Wams",1174
"Schamanisches Verstärktes Schuppen-Wams",1175
"Schamanisches Verstärktes Schuppen-Wams",1176
"Schamanisches Verstärktes Schuppen-Wams",1177
"Schamanische Freibeuter-Handschuhe",1178
"Schamanische Freibeuter-Stiefel",1179
"Schamanisches Verstärktes Schuppen-Wams",1180
"Schamanisches Verstärktes Schuppen-Wams",1181
"Schamanische Freibeuter-Handschuhe",1182
"Berserkerhaftes Leisetreter-Beinkleid der Göttlichkeit",1183
"Schamanische Freibeuter-Handschuhe",1184
"Berserkerhaftes Leisetreter-Beinkleid des Zentauren",1185
"Berserkerhaftes Leisetreter-Beinkleid von Hoelbrak",1186
"Schamanische Freibeuter-Handschuhe",1187
"Nika-Beinkleid",1188
"Schamanische Freibeuter-Stiefel",1189
"Faulendes Leisetreter-Beinkleid des Zentauren",1190
"Faulendes Leisetreter-Beinkleid des Balthasar",1191
"Faulendes Leisetreter-Beinkleid der Gnade",1192
"Shiro-Beinkleid",1193
"Wütendes Leisetreter-Beinkleid des Dolyaks",1194
"Wütendes Leisetreter-Beinkleid des Plünderns",1195
"Aidan-Beinkleid",1196
"Schamanisches Leisetreter-Beinkleid des Dolyaks",1197
"Mächtiges Abgenutztes Schuppen-Wams des Grenth",1198
"Schamanisches Leisetreter-Beinkleid des Rudels",1199
"Mächtiges Abgenutztes Schuppen-Wams der Infiltration",1200
"Starkes Abgenutztes Schuppen-Wams des Plünderns",1201
"Reyna-Beinkleid",1202
"Starkes Abgenutztes Schuppen-Wams des Reisenden",1203
"Klerikales Leisetreter-Beinkleid der Befallenen",1204
"Starkes Abgenutztes Schuppen-Wams des Haines",1205
"Verwüstendes Abgenutztes Schuppen-Wams des Schwarmes",1206
"Klerikales Leisetreter-Beinkleid der Infiltration",1207
"Verwüstendes Abgenutztes Schuppen-Wams des Vampirismus",1208
"Zho-Beinkleid",1209
"Starkes Verstärktes Schuppen-Wams des Vampirismus",1210
"Starkes Verstärktes Schuppen-Wams des Grenth",1212
"Starkes Verstärktes Schuppen-Wams von Hoelbrak",1213
"Errol-Beinkleid",1214
"Verwüstendes Abgenutztes Schuppen-Wams des Schwarmes",1215
"Verwüstendes Verstärktes Schuppen-Wams der Befallenen",1216
"Verwüstendes Verstärktes Schuppen-Wams von Hoelbrak",1217
"Berserkerhaftes Leisetreter-Beinkleid der Infiltration",1218
"Verwüstendes Verstärktes Schuppen-Wams der Gnade",1219
"Veredeltes Verstärktes Schuppen-Wams der Stärke",1220
"Vatlaaw-Beinkleid",1221
"Mächtige Beschlagene Hose",1222
"Veredeltes Verstärktes Schuppen-Wams der Rage",1223
"Veredeltes Verstärktes Schuppen-Wams der Stärke",1224
"Mächtige Beschlagene Hose",1225
"Veredeltes Verstärktes Schuppen-Wams der Befallenen",1226
"Mächtige Beschlagene Hose",1227
"Verwüstendes Verstärktes Schuppen-Wams des Adlers",1228
"Verwüstendes Verstärktes Schuppen-Wams der Stärke",1229
"Präzise Beschlagene Hose",1230
"Berserkerhaftes Verstärktes Schuppen-Wams der Infiltration",1231
"Berserkerhaftes Verstärktes Schuppen-Wams des Adlers",1232
"Präzise Beschlagene Hose",1233
"Präzise Beschlagene Hose",1234
"Berserkerhaftes Verstärktes Schuppen-Wams von Hoelbrak",1235
"Berserkerhaftes Verstärktes Schuppen-Wams des Grenth",1236
"Vitale Beschlagene Hose",1237
"Faulendes Verstärktes Schuppen-Wams des Plünderns",1238
"Vitale Beschlagene Hose",1239
"Faulendes Verstärktes Schuppen-Wams der Infiltration",1240
"Vitale Beschlagene Hose",1241
"Faulendes Verstärktes Schuppen-Wams von Rata Sum",1242
"Faulendes Verstärktes Schuppen-Wams der Befallenen",1243
"Unheilvolle Beschlagene Hose",1244
"Faulendes Verstärktes Schuppen-Wams des Balthasar",1245
"Wütendes Verstärktes Schuppen-Wams des Dolyaks",1246
"Unheilvolle Beschlagene Hose",1247
"Wütendes Verstärktes Schuppen-Wams der Lyssa",1248
"Wütendes Verstärktes Schuppen-Wams des Zentauren",1249
"Unheilvolle Beschlagene Hose",1250
"Wütendes Verstärktes Schuppen-Wams des Schwarmes",1251
"Schamanisches Verstärktes Schuppen-Wams des Balthasar",1252
"Starke Beschlagene Hose",1253
"Schamanisches Verstärktes Schuppen-Wams der Göttlichkeit",1254
"Starke Beschlagene Hose",1255
"Schamanisches Verstärktes Schuppen-Wams des Haines",1256
"Starke Betrüger-Hose",1257
"Schamanisches Verstärktes Schuppen-Wams des Adlers",1258
"Klerikales Verstärktes Schuppen-Wams der Rage",1259
"Starke Betrüger-Hose",1260
"Klerikales Verstärktes Schuppen-Wams der Infiltration",1261
"Verwüstende Beschlagene Hose",1262
"Klerikales Verstärktes Schuppen-Wams der Lyssa",1263
"Verwüstende Beschlagene Hose",1264
"Klerikales Verstärktes Schuppen-Wams des Plünderns",1265
"Verwüstende Betrüger-Hose",1266
"Verwüstende Betrüger-Hose",1267
"Starkes Verstärktes Schuppen-Wams der Rage",1268
"Starkes Verstärktes Schuppen-Wams der Lyssa",1269
"Veredelte Beschlagene Hose",1270
"Starkes Verstärktes Schuppen-Wams der Göttlichkeit",1271
"Veredelte Beschlagene Hose",1272
"Verwüstendes Verstärktes Schuppen-Wams der Rage",1273
"Veredelte Betrüger-Hose",1274
"Verwüstendes Verstärktes Schuppen-Wams der Befallenen",1275
"Starkes Beschildetes Wams der Gnade",1276
"Berserkerhaftes Beschildetes Wams des Lich",1277
"Veredelte Betrüger-Hose",1278
"Berserkerhaftes Beschildetes Wams des Adlers",1279
"Berserkerhaftes Beschildetes Wams des Grenth",1280
"Verwüstende Beschlagene Hose",1281
"Verwüstende Beschlagene Hose",1282
"Verwüstendes Beschildetes Wams des Adlers",1283
"Faulendes Beschildetes Wams der Gnade",1284
"Verwüstende Betrüger-Hose",1285
"Faulendes Beschildetes Wams der Stärke",1286
"Verwüstende Betrüger-Hose",1287
"Faulendes Beschildetes Wams des Haines",1288
"Starke Betrüger-Hose",1289
"Faulendes Beschildetes Wams von Hoelbrak",1290
"Veredeltes Beschildetes Wams der Flammen-Legion",1291
"Wütendes Beschildetes Wams der Infiltration",1292
"Wütendes Beschildetes Wams der Dwayna",1293
"Starke Betrüger-Hose",1294
"Wütendes Beschildetes Wams der Lyssa",1295
"Starke Betrüger-Hose",1296
"Wütendes Beschildetes Wams der Dwayna",1297
"Schamanisches Beschildetes Wams der Lyssa",1298
"Starke Betrüger-Hose",1299
"Verwüstende Betrüger-Hose",1300
"Schamanisches Beschildetes Wams der Melandru",1301
"Mächtige Betrüger-Stiefel des Lich",1302
"Schamanisches Beschildetes Wams der Lyssa",1303
"Verwüstende Betrüger-Hose",1304
"Klerikales Beschildetes Wams des Grenth",1305
"Verwüstende Betrüger-Hose",1306
"Klerikales Beschildetes Wams der Stärke",1307
"Mächtige Betrüger-Stiefel der Göttlichkeit",1308
"Klerikales Beschildetes Wams der Rage",1309
"Verwüstende Betrüger-Hose",1310
"Beschildetes Wams der Stärke",1311
"Veredelte Betrüger-Hose",1312
"Beschildetes Wams der Stärke",1313
"Beschildetes Wams der Lyssa",1314
"Veredelte Betrüger-Hose",1315
"Starke Betrüger-Stiefel der Melandru",1316
"Mächtige Abgenutzte Ketten-Stulpenhandschuhe",1317
"Veredelte Betrüger-Hose",1318
"Veredelte Betrüger-Hose",1319
"Starke Betrüger-Stiefel der Zitadelle",1320
"Mächtige Abgenutzte Ketten-Stulpenhandschuhe",1321
"Verwüstende Betrüger-Hose",1322
"Starke Betrüger-Stiefel der Infiltration",1323
"Verwüstende Betrüger-Hose",1324
"Verwüstende Betrüger-Hose",1325
"Verwüstende Betrüger-Stiefel der Zitadelle",1326
"Berserkerhafte Schlitzohr-Stulpenhandschuhe der Befallenen",1327
"Berserkerhafte Schlitzohr-Stulpenhandschuhe der Zitadelle",1328
"Verwüstende Betrüger-Hose",1329
"Berserkerhafte Freibeuter-Hose",1330
"Berserkerhafte Schlitzohr-Stulpenhandschuhe des Schwarmes",1331
"Verwüstende Betrüger-Stiefel von Rata Sum",1332
"Devona-Stulpenhandschuhe",1333
"Berserkerhafte Freibeuter-Hose",1334
"Faulende Schlitzohr-Stulpenhandschuhe des Dolyaks",1335
"Berserkerhafte Freibeuter-Hose",1336
"Faulende Schlitzohr-Stulpenhandschuhe der Zitadelle",1337
"Berserkerhafte Freibeuter-Hose",1338
"Faulende Schlitzohr-Stulpenhandschuhe der Befallenen",1339
"Starke Freibeuter-Stiefel des Grenth",1340
"Berserkerhafte Freibeuter-Hose",1341
"Sheena-Stulpenhandschuhe",1342
"Faulende Freibeuter-Hose",1343
"Wütende Schlitzohr-Stulpenhandschuhe des Rudels",1344
"Starke Freibeuter-Stiefel des Balthasar",1345
"Faulende Freibeuter-Hose",1346
"Wütende Schlitzohr-Stulpenhandschuhe der Infiltration",1347
"Faulende Freibeuter-Hose",1348
"Koss' Stulpenhandschuhe",1349
"Schamanische Schlitzohr-Stulpenhandschuhe des Schwarmes",1350
"Faulende Freibeuter-Hose",1351
"Schamanische Schlitzohr-Stulpenhandschuhe des Zentauren",1352
"Starke Freibeuter-Stiefel von Rata Sum",1353
"Faulende Freibeuter-Hose",1354
"Jalis' Stulpenhandschuhe",1355
"Verwüstende Betrüger-Stiefel des Haines",1356
"Klerikale Schlitzohr-Stulpenhandschuhe des Vampirismus",1357
"Wütende Freibeuter-Hose",1358
"Klerikale Schlitzohr-Stulpenhandschuhe der Flammen-Legion",1359
"Rurik-Stulpenhandschuhe",1360
"Wütende Freibeuter-Hose",1361
"Verwüstende Freibeuter-Stiefel der Melandru",1362
"Schlitzohr-Stulpenhandschuhe des Schwarmes",1363
"Wütende Freibeuter-Hose",1364
"Yakkington-Stulpenhandschuhe",1365
"Berserkerhafte Schlitzohr-Stulpenhandschuhe des Rudels",1366
"Wütende Freibeuter-Hose",1367
"Verwüstende Freibeuter-Stiefel des Plünderns",1368
"Galrath-Stulpenhandschuhe",1369
"Mächtige Abgenutzte Ketten-Stulpenhandschuhe",1370
"Wütende Freibeuter-Hose",1371
"Mächtige Abgenutzte Ketten-Stulpenhandschuhe",1372
"Schamanische Freibeuter-Hose",1373
"Mächtige Abgenutzte Ketten-Stulpenhandschuhe",1374
"Schamanische Freibeuter-Hose",1375
"Präzise Abgenutzte Ketten-Stulpenhandschuhe",1376
"Verwüstende Freibeuter-Stiefel der Befallenen",1377
"Präzise Abgenutzte Ketten-Stulpenhandschuhe",1378
"Schamanische Freibeuter-Hose",1379
"Präzise Abgenutzte Ketten-Stulpenhandschuhe",1380
"Veredelte Freibeuter-Stiefel des Zentauren",1381
"Vitale Abgenutzte Ketten-Stulpenhandschuhe",1382
"Schamanische Freibeuter-Hose",1383
"Vitale Abgenutzte Ketten-Stulpenhandschuhe",1384
"Schamanische Freibeuter-Hose",1385
"Vitale Abgenutzte Ketten-Stulpenhandschuhe",1386
"Unheilvolle Abgenutzte Ketten-Stulpenhandschuhe",1387
"Veredelte Freibeuter-Stiefel der Göttlichkeit",1388
"Unheilvolle Abgenutzte Ketten-Stulpenhandschuhe",1389
"Unheilvolle Abgenutzte Ketten-Stulpenhandschuhe",1390
"Veredelte Freibeuter-Stiefel des Lich",1391
"Starke Abgenutzte Ketten-Stulpenhandschuhe",1392
"Starke Abgenutzte Ketten-Stulpenhandschuhe",1393
"Starke Abgenutzte Schuppen-Stulpenhandschuhe",1394
"Veredelte Freibeuter-Stiefel des Schwarmes",1395
"Starke Abgenutzte Schuppen-Stulpenhandschuhe",1396
"Verwüstende Abgenutzte Ketten-Stulpenhandschuhe",1397
"Verwüstende Abgenutzte Ketten-Stulpenhandschuhe",1398
"Verwüstende Freibeuter-Stiefel der Lyssa",1399
"Verwüstende Abgenutzte Schuppen-Stulpenhandschuhe",1400
"Verwüstende Abgenutzte Schuppen-Stulpenhandschuhe",1401
"Veredelte Abgenutzte Ketten-Stulpenhandschuhe",1402
"Veredelte Abgenutzte Ketten-Stulpenhandschuhe",1403
"Verwüstende Freibeuter-Stiefel von Hoelbrak",1404
"Berserkerhafte Freibeuter-Stiefel des Lich",1405
"Veredelte Abgenutzte Schuppen-Stulpenhandschuhe",1406
"Veredelte Abgenutzte Schuppen-Stulpenhandschuhe",1407
"Verwüstende Abgenutzte Ketten-Stulpenhandschuhe",1408
"Berserkerhafte Freibeuter-Stiefel des Vampirismus",1409
"Verwüstende Abgenutzte Ketten-Stulpenhandschuhe",1410
"Verwüstende Abgenutzte Schuppen-Stulpenhandschuhe",1411
"Verwüstende Abgenutzte Schuppen-Stulpenhandschuhe",1412
"Berserkerhafte Freibeuter-Stiefel der Befallenen",1413
"Starke Abgenutzte Schuppen-Stulpenhandschuhe",1414
"Starke Abgenutzte Schuppen-Stulpenhandschuhe",1415
"Starke Abgenutzte Schuppen-Stulpenhandschuhe",1416
"Berserkerhafte Freibeuter-Stiefel des Reisenden",1417
"Starke Abgenutzte Schuppen-Stulpenhandschuhe",1418
"Verwüstende Abgenutzte Schuppen-Stulpenhandschuhe",1419
"Verwüstende Abgenutzte Schuppen-Stulpenhandschuhe",1420
"Verwüstende Abgenutzte Schuppen-Stulpenhandschuhe",1421
"Faulende Freibeuter-Stiefel der Zitadelle",1422
"Verwüstende Abgenutzte Schuppen-Stulpenhandschuhe",1423
"Veredelte Abgenutzte Schuppen-Stulpenhandschuhe",1424
"Veredelte Abgenutzte Schuppen-Stulpenhandschuhe",1425
"Faulende Freibeuter-Stiefel der Zitadelle",1426
"Veredelte Abgenutzte Schuppen-Stulpenhandschuhe",1427
"Veredelte Abgenutzte Schuppen-Stulpenhandschuhe",1428
"Verwüstende Abgenutzte Schuppen-Stulpenhandschuhe",1429
"Faulende Freibeuter-Stiefel des Dolyaks",1430
"Verwüstende Abgenutzte Schuppen-Stulpenhandschuhe",1431
"Verwüstende Abgenutzte Schuppen-Stulpenhandschuhe",1432
"Faulende Freibeuter-Stiefel der Rage",1433
"Verwüstende Abgenutzte Schuppen-Stulpenhandschuhe",1434
"Berserkerhafte Verstärkte Schuppen-Stulpenhandschuhe",1435
"Berserkerhafte Verstärkte Schuppen-Stulpenhandschuhe",1436
"Berserkerhafte Verstärkte Schuppen-Stulpenhandschuhe",1437
"Faulende Freibeuter-Stiefel des Zentauren",1438
"Berserkerhafte Verstärkte Schuppen-Stulpenhandschuhe",1439
"Berserkerhafte Verstärkte Schuppen-Stulpenhandschuhe",1440
"Mächtige Betrüger-Hose des Rudels",1441
"Mächtige Betrüger-Hose des Rudels",1442
"Faulende Verstärkte Schuppen-Stulpenhandschuhe",1443
"Wütende Freibeuter-Stiefel des Reisenden",1444
"Faulende Verstärkte Schuppen-Stulpenhandschuhe",1445
"Starke Betrüger-Hose von Hoelbrak",1446
"Faulende Verstärkte Schuppen-Stulpenhandschuhe",1447
"Faulende Verstärkte Schuppen-Stulpenhandschuhe",1448
"Starke Betrüger-Hose des Vampirismus",1449
"Starke Betrüger-Hose der Stärke",1450
"Faulende Verstärkte Schuppen-Stulpenhandschuhe",1451
"Wütende Freibeuter-Stiefel der Flammen-Legion",1452
"Wütende Verstärkte Schuppen-Stulpenhandschuhe",1453
"Verwüstende Betrüger-Hose der Gnade",1454
"Wütende Verstärkte Schuppen-Stulpenhandschuhe",1455
"Wütende Verstärkte Schuppen-Stulpenhandschuhe",1456
"Wütende Freibeuter-Stiefel des Schwarmes",1457
"Wütende Verstärkte Schuppen-Stulpenhandschuhe",1458
"Verwüstende Betrüger-Hose des Reisenden",1459
"Starke Freibeuter-Hose des Schwarmes",1460
"Wütende Verstärkte Schuppen-Stulpenhandschuhe",1461
"Wütende Freibeuter-Stiefel des Balthasar",1462
"Schamanische Verstärkte Schuppen-Stulpenhandschuhe",1463
"Starke Freibeuter-Hose der Göttlichkeit",1464
"Schamanische Verstärkte Schuppen-Stulpenhandschuhe",1465
"Schamanische Verstärkte Schuppen-Stulpenhandschuhe",1466
"Starke Freibeuter-Hose des Adlers",1467
"Schamanische Freibeuter-Stiefel des Schwarmes",1468
"Schamanische Verstärkte Schuppen-Stulpenhandschuhe",1469
"Schamanische Verstärkte Schuppen-Stulpenhandschuhe",1470
"Verwüstende Betrüger-Hose der Rage",1471
"Schamanische Freibeuter-Stiefel von Hoelbrak",1472
"Verwüstende Freibeuter-Hose der Dwayna",1473
"Verwüstende Freibeuter-Hose der Dwayna",1474
"Verwüstende Freibeuter-Hose von Rata Sum",1475
"Schamanische Freibeuter-Stiefel der Lyssa",1476
"Veredelte Freibeuter-Hose der Göttlichkeit",1477
"Veredelte Freibeuter-Hose des Dolyaks",1478
"Schamanische Freibeuter-Stiefel der Melandru",1479
"Veredelte Freibeuter-Hose der Gnade",1480
"Veredelte Freibeuter-Hose des Vampirismus",1481
"Verwüstende Freibeuter-Hose der Melandru",1482
"Klerikale Freibeuter-Stiefel der Melandru",1483
"Verwüstende Freibeuter-Hose der Gnade",1484
"Klerikale Freibeuter-Stiefel der Dwayna",1485
"Berserkerhafte Freibeuter-Hose der Flammen-Legion",1486
"Berserkerhafte Freibeuter-Hose des Lich",1487
"Klerikale Freibeuter-Stiefel des Reisenden",1488
"Berserkerhafte Freibeuter-Hose des Schwarmes",1489
"Klerikale Freibeuter-Stiefel von Hoelbrak",1490
"Berserkerhafte Freibeuter-Hose des Grenth",1491
"Faulende Freibeuter-Hose des Rudels",1492
"Faulende Freibeuter-Hose des Dolyaks",1493
"Faulende Freibeuter-Hose des Reisenden",1494
"Faulende Freibeuter-Hose des Grenth",1495
"Faulende Freibeuter-Hose der Gnade",1496
"Mächtige Abgenutzte Schuppen-Stulpenhandschuhe der Melandru",1497
"Mächtige Abgenutzte Schuppen-Stulpenhandschuhe der Flammen-Legion",1498
"Wütende Freibeuter-Hose der Melandru",1499
"Starke Abgenutzte Schuppen-Stulpenhandschuhe von Rata Sum",1500
"Starke Freibeuter-Stiefel der Infiltration",1501
"Wütende Freibeuter-Hose des Vampirismus",1502
"Starke Abgenutzte Schuppen-Stulpenhandschuhe der Lyssa",1503
"Starke Abgenutzte Schuppen-Stulpenhandschuhe der Flammen-Legion",1504
"Wütende Freibeuter-Hose des Reisenden",1505
"Starke Freibeuter-Stiefel des Reisenden",1506
"Verwüstende Abgenutzte Schuppen-Stulpenhandschuhe der Rage",1507
"Wütende Freibeuter-Hose des Reisenden",1508
"Verwüstende Abgenutzte Schuppen-Stulpenhandschuhe der Befallenen",1509
"Schamanische Freibeuter-Hose der Melandru",1510
"Starke Verstärkte Schuppen-Stulpenhandschuhe der Zitadelle",1511
"Starke Verstärkte Schuppen-Stulpenhandschuhe des Rudels",1512
"Starke Freibeuter-Stiefel des Plünderns",1513
"Starke Verstärkte Schuppen-Stulpenhandschuhe der Infiltration",1514
"Schamanische Freibeuter-Hose des Grenth",1515
"Verwüstende Freibeuter-Stiefel der Lyssa",1516
"Verwüstende Abgenutzte Schuppen-Stulpenhandschuhe der Zitadelle",1517
"Schamanische Freibeuter-Hose der Befallenen",1518
"Verwüstende Verstärkte Schuppen-Stulpenhandschuhe des Dolyaks",1519
"Verwüstende Verstärkte Schuppen-Stulpenhandschuhe der Göttlichkeit",1520
"Schamanische Freibeuter-Hose der Lyssa",1521
"Verwüstende Verstärkte Schuppen-Stulpenhandschuhe der Zitadelle",1522
"Verwüstende Freibeuter-Stiefel der Stärke",1523
"Veredelte Verstärkte Schuppen-Stulpenhandschuhe der Stärke",1524
"Klerikale Freibeuter-Hose des Grenth",1525
"Klerikale Freibeuter-Hose des Dolyaks",1526
"Veredelte Verstärkte Schuppen-Stulpenhandschuhe der Befallenen",1527
"Starke Freibeuter-Stiefel des Zentauren",1528
"Veredelte Verstärkte Schuppen-Stulpenhandschuhe der Flammen-Legion",1529
"Veredelte Verstärkte Schuppen-Stulpenhandschuhe des Lich",1530
"Klerikale Freibeuter-Hose der Melandru",1531
"Klerikale Freibeuter-Hose der Melandru",1532
"Verwüstende Verstärkte Schuppen-Stulpenhandschuhe der Infiltration",1533
"Verwüstende Verstärkte Schuppen-Stulpenhandschuhe des Zentauren",1534
"Berserkerhafte Freibeuter-Stiefel des Lich",1535
"Berserkerhafte Verstärkte Schuppen-Stulpenhandschuhe des Vampirismus",1536
"Berserkerhafte Verstärkte Schuppen-Stulpenhandschuhe des Lich",1537
"Berserkerhafte Freibeuter-Stiefel der Flammen-Legion",1538
"Berserkerhafte Verstärkte Schuppen-Stulpenhandschuhe des Vampirismus",1539
"Berserkerhafte Verstärkte Schuppen-Stulpenhandschuhe des Adlers",1540
"Starke Freibeuter-Hose des Plünderns",1541
"Starke Freibeuter-Hose der Infiltration",1542
"Faulende Verstärkte Schuppen-Stulpenhandschuhe des Adlers",1543
"Faulende Verstärkte Schuppen-Stulpenhandschuhe der Lyssa",1544
"Starke Freibeuter-Hose der Göttlichkeit",1545
"Berserkerhafte Freibeuter-Stiefel des Grenth",1546
"Faulende Verstärkte Schuppen-Stulpenhandschuhe des Balthasar",1547
"Faulende Verstärkte Schuppen-Stulpenhandschuhe des Grenth",1548
"Verwüstende Freibeuter-Hose der Rage",1549
"Faulende Verstärkte Schuppen-Stulpenhandschuhe des Plünderns",1550
"Verwüstende Freibeuter-Stiefel des Adlers",1551
"Verwüstende Freibeuter-Hose des Adlers",1552
"Wütende Verstärkte Schuppen-Stulpenhandschuhe des Plünderns",1553
"Starke Schurken-Hose der Dwayna",1554
"Wütende Verstärkte Schuppen-Stulpenhandschuhe der Göttlichkeit",1555
"Berserkerhafte Schurken-Hose des Plünderns",1556
"Wütende Verstärkte Schuppen-Stulpenhandschuhe des Adlers",1557
"Faulende Freibeuter-Stiefel der Dwayna",1558
"Wütende Verstärkte Schuppen-Stulpenhandschuhe des Reisenden",1559
"Schamanische Verstärkte Schuppen-Stulpenhandschuhe des Plünderns",1560
"Berserkerhafte Schurken-Hose des Schwarmes",1561
"Schamanische Verstärkte Schuppen-Stulpenhandschuhe der Melandru",1562
"Berserkerhafte Schurken-Hose der Zitadelle",1563
"Schamanische Verstärkte Schuppen-Stulpenhandschuhe von Hoelbrak",1564
"Faulende Freibeuter-Stiefel der Lyssa",1565
"Verwüstende Schurken-Hose des Dolyaks",1566
"Schamanische Verstärkte Schuppen-Stulpenhandschuhe des Schwarmes",1567
"Faulende Schurken-Hose des Reisenden",1568
"Klerikale Verstärkte Schuppen-Stulpenhandschuhe der Göttlichkeit",1569
"Faulende Schurken-Hose des Reisenden",1570
"Klerikale Verstärkte Schuppen-Stulpenhandschuhe der Infiltration",1571
"Faulende Freibeuter-Stiefel der Zitadelle",1572
"Klerikale Verstärkte Schuppen-Stulpenhandschuhe der Zitadelle",1573
"Klerikale Verstärkte Schuppen-Stulpenhandschuhe der Göttlichkeit",1574
"Faulende Schurken-Hose des Schwarmes",1575
"Faulende Freibeuter-Stiefel der Göttlichkeit",1576
"Faulende Schurken-Hose von Rata Sum",1577
"Veredelte Schurken-Hose des Vampirismus",1578
"Starke Verstärkte Schuppen-Stulpenhandschuhe der Lyssa",1579
"Starke Verstärkte Schuppen-Stulpenhandschuhe des Schwarmes",1580
"Wütende Schurken-Hose der Lyssa",1581
"Veredelte Freibeuter-Stiefel der Göttlichkeit",1582
"Starke Verstärkte Schuppen-Stulpenhandschuhe der Lyssa",1583
"Wütende Freibeuter-Stiefel des Balthasar",1584
"Verwüstende Verstärkte Schuppen-Stulpenhandschuhe des Zentauren",1585
"Verwüstende Verstärkte Schuppen-Stulpenhandschuhe der Infiltration",1586
"Wütende Schurken-Hose der Melandru",1587
"Starke Beschildete Stulpenhandschuhe der Lyssa",1588
"Wütende Schurken-Hose der Göttlichkeit",1589
"Berserkerhafte Beschildete Stulpenhandschuhe des Lich",1590
"Wütende Schurken-Hose der Göttlichkeit",1591
"Berserkerhafte Beschildete Stulpenhandschuhe des Adlers",1592
"Wütende Freibeuter-Stiefel des Plünderns",1593
"Berserkerhafte Beschildete Stulpenhandschuhe der Infiltration",1594
"Schamanische Schurken-Hose der Melandru",1595
"Schamanische Schurken-Hose der Rage",1596
"Verwüstende Beschildete Stulpenhandschuhe der Lyssa",1597
"Wütende Freibeuter-Stiefel der Infiltration",1598
"Faulende Beschildete Stulpenhandschuhe der Stärke",1599
"Faulende Beschildete Stulpenhandschuhe des Grenth",1600
"Schamanische Schurken-Hose von Hoelbrak",1601
"Klerikale Schurken-Hose der Stärke",1602
"Faulende Beschildete Stulpenhandschuhe der Zitadelle",1603
"Wütende Freibeuter-Stiefel der Infiltration",1604
"Faulende Beschildete Stulpenhandschuhe der Zitadelle",1605
"Klerikale Schurken-Hose des Zentauren",1606
"Veredelte Beschildete Stulpenhandschuhe des Dolyaks",1607
"Wütende Beschildete Stulpenhandschuhe des Zentauren",1608
"Klerikale Schurken-Hose des Schwarmes",1609
"Wütende Beschildete Stulpenhandschuhe der Göttlichkeit",1611
"Schamanische Freibeuter-Stiefel der Lyssa",1612
"Wütende Beschildete Stulpenhandschuhe der Befallenen",1613
"Wütende Beschildete Stulpenhandschuhe des Reisenden",1614
"Schamanische Beschildete Stulpenhandschuhe der Melandru",1616
"Schamanische Freibeuter-Stiefel der Lyssa",1617
"Schurken-Hose der Befallenen",1618
"Schamanische Beschildete Stulpenhandschuhe des Adlers",1619
"Schamanische Freibeuter-Stiefel der Lyssa",1620
"Schamanische Beschildete Stulpenhandschuhe des Schwarmes",1621
"Klerikale Beschildete Stulpenhandschuhe der Gnade",1622
"Klerikale Freibeuter-Stiefel des Grenth",1623
"Klerikale Freibeuter-Stiefel des Rudels",1624
"Klerikale Beschildete Stulpenhandschuhe des Balthasar",1625
"Klerikale Beschildete Stulpenhandschuhe der Gnade",1626
"Klerikale Freibeuter-Stiefel des Rudels",1627
"Beschildete Stulpenhandschuhe des Balthasar",1628
"Freibeuter-Stiefel der Flammen-Legion",1629
"Freibeuter-Stiefel des Zentauren",1630
"Beschildete Stulpenhandschuhe des Haines",1631
"Freibeuter-Stiefel der Dwayna",1632
"Beschildete Stulpenhandschuhe des Schwarmes",1633
"Berserkerhafter Schlitzohr-Helm des Rudels",1634
"Berserkerhafter Schlitzohr-Helm der Göttlichkeit",1635
"Berserkerhafter Schlitzohr-Helm des Zentauren",1636
"Devona-Helm",1637
"Faulender Schlitzohr-Helm des Dolyaks",1638
"Faulender Schlitzohr-Helm des Vampirismus",1639
"Faulender Schlitzohr-Helm des Zentauren",1640
"Brutus-Helm",1641
"Wütender Schlitzohr-Helm der Befallenen",1642
"Wütender Schlitzohr-Helm der Dwayna",1643
"Koss' Helm",1644
"Schamanischer Schlitzohr-Helm des Schwarmes",1645
"Schamanischer Schlitzohr-Helm des Vampirismus",1646
"Jalis' Helm",1647
"Klerikaler Schlitzohr-Helm des Rudels",1648
"Klerikaler Schlitzohr-Helm der Flammen-Legion",1649
"Rurik-Helm",1650
"Schlitzohr-Helm des Schwarmes",1651
"Yakkington-Helm",1652
"Berserkerhafter Schlitzohr-Helm des Lich",1653
"Galrath-Helm",1654
"Mächtiger Abgenutzter Ketten-Helm",1655
"Mächtiger Abgenutzter Ketten-Helm",1656
"Präziser Abgenutzter Ketten-Helm",1657
"Präziser Abgenutzter Ketten-Helm",1658
"Vitaler Abgenutzter Ketten-Helm",1659
"Vitaler Abgenutzter Ketten-Helm",1660
"Unheilvoller Abgenutzter Ketten-Helm",1661
"Unheilvoller Abgenutzter Ketten-Helm",1662
"Starker Abgenutzter Ketten-Helm",1663
"Starker Abgenutzter Ketten-Helm",1664
"Starker Abgenutzter Schuppen-Helm",1665
"Starker Abgenutzter Schuppen-Helm",1666
"Verwüstender Abgenutzter Ketten-Helm",1667
"Verwüstender Abgenutzter Ketten-Helm",1668
"Verwüstender Abgenutzter Schuppen-Helm",1669
"Verwüstender Abgenutzter Schuppen-Helm",1670
"Veredelter Abgenutzter Ketten-Helm",1671
"Veredelter Abgenutzter Ketten-Helm",1672
"Veredelter Abgenutzter Schuppen-Helm",1673
"Veredelter Abgenutzter Schuppen-Helm",1674
"Verwüstender Abgenutzter Ketten-Helm",1675
"Verwüstender Abgenutzter Ketten-Helm",1676
"Verwüstender Abgenutzter Schuppen-Helm",1677
"Verwüstender Abgenutzter Schuppen-Helm",1678
"Starker Abgenutzter Schuppen-Helm",1679
"Starker Abgenutzter Schuppen-Helm",1680
"Starker Abgenutzter Schuppen-Helm",1681
"Starker Abgenutzter Schuppen-Helm",1682
"Verwüstender Abgenutzter Schuppen-Helm",1683
"Verwüstender Abgenutzter Schuppen-Helm",1684
"Verwüstender Abgenutzter Schuppen-Helm",1685
"Verwüstender Abgenutzter Schuppen-Helm",1686
"Veredelter Abgenutzter Schuppen-Helm",1687
"Veredelter Abgenutzter Schuppen-Helm",1688
"Veredelter Abgenutzter Schuppen-Helm",1689
"Veredelter Abgenutzter Schuppen-Helm",1690
"Verwüstender Abgenutzter Schuppen-Helm",1691
"Verwüstender Abgenutzter Schuppen-Helm",1692
"Verwüstender Abgenutzter Schuppen-Helm",1693
"Verwüstender Abgenutzter Schuppen-Helm",1694
"Berserkerhafter Verstärkter Schuppen-Helm",1695
"Berserkerhafter Verstärkter Schuppen-Helm",1696
"Berserkerhafter Verstärkter Schuppen-Helm",1697
"Berserkerhafter Verstärkter Schuppen-Helm",1698
"Berserkerhafter Verstärkter Schuppen-Helm",1699
"Faulender Verstärkter Schuppen-Helm",1700
"Faulender Verstärkter Schuppen-Helm",1701
"Faulender Verstärkter Schuppen-Helm",1702
"Faulender Verstärkter Schuppen-Helm",1703
"Faulender Verstärkter Schuppen-Helm",1704
"Wütender Verstärkter Schuppen-Helm",1705
"Wütender Verstärkter Schuppen-Helm",1706
"Wütender Verstärkter Schuppen-Helm",1707
"Wütender Verstärkter Schuppen-Helm",1708
"Wütender Verstärkter Schuppen-Helm",1709
"Schamanischer Verstärkter Schuppen-Helm",1710
"Schamanischer Verstärkter Schuppen-Helm",1711
"Schamanischer Verstärkter Schuppen-Helm",1712
"Schamanischer Verstärkter Schuppen-Helm",1713
"Schamanischer Verstärkter Schuppen-Helm",1714
"Mächtiges Betrüger-Wams der Melandru",1715
"Mächtiges Betrüger-Wams des Reisenden",1716
"Starkes Betrüger-Wams des Schwarmes",1717
"Starkes Betrüger-Wams von Rata Sum",1718
"Starkes Betrüger-Wams der Zitadelle",1719
"Verwüstendes Betrüger-Wams von Hoelbrak",1720
"Verwüstendes Betrüger-Wams der Melandru",1721
"Starkes Freibeuter-Wams des Rudels",1722
"Starkes Freibeuter-Wams von Hoelbrak",1723
"Starkes Freibeuter-Wams des Dolyaks",1724
"Verwüstendes Betrüger-Wams von Hoelbrak",1725
"Verwüstendes Freibeuter-Wams der Lyssa",1726
"Verwüstendes Freibeuter-Wams der Lyssa",1727
"Verwüstendes Freibeuter-Wams der Rage",1728
"Veredeltes Freibeuter-Wams der Flammen-Legion",1729
"Veredeltes Freibeuter-Wams der Melandru",1730
"Veredeltes Freibeuter-Wams des Plünderns",1731
"Veredeltes Freibeuter-Wams des Schwarmes",1732
"Verwüstendes Freibeuter-Wams der Gnade",1733
"Verwüstendes Freibeuter-Wams der Rage",1734
"Berserkerhaftes Freibeuter-Wams der Befallenen",1735
"Berserkerhaftes Freibeuter-Wams des Rudels",1736
"Mächtiger Abgenutzter Schuppen-Helm der Zitadelle",1737
"Mächtiger Abgenutzter Schuppen-Helm der Flammen-Legion",1738
"Berserkerhaftes Freibeuter-Wams des Grenth",1739
"Starker Abgenutzter Schuppen-Helm der Melandru",1740
"Berserkerhaftes Freibeuter-Wams des Adlers",1741
"Faulendes Freibeuter-Wams der Befallenen",1742
"Starker Abgenutzter Schuppen-Helm der Flammen-Legion",1743
"Starker Abgenutzter Schuppen-Helm des Reisenden",1744
"Faulendes Freibeuter-Wams der Dwayna",1745
"Verwüstender Abgenutzter Schuppen-Helm der Gnade",1746
"Faulendes Freibeuter-Wams des Rudels",1747
"Verwüstender Abgenutzter Schuppen-Helm der Zitadelle",1748
"Faulendes Freibeuter-Wams der Befallenen",1749
"Starker Verstärkter Schuppen-Helm der Dwayna",1750
"Faulendes Freibeuter-Wams des Adlers",1751
"Starker Verstärkter Schuppen-Helm des Plünderns",1752
"Wütendes Freibeuter-Wams des Zentauren",1753
"Starker Verstärkter Schuppen-Helm des Schwarmes",1754
"Verwüstender Abgenutzter Schuppen-Helm des Rudels",1755
"Wütendes Freibeuter-Wams von Hoelbrak",1756
"Verwüstender Verstärkter Schuppen-Helm der Befallenen",1757
"Verwüstender Verstärkter Schuppen-Helm der Zitadelle",1758
"Wütendes Freibeuter-Wams der Göttlichkeit",1759
"Wütendes Freibeuter-Wams des Vampirismus",1760
"Verwüstender Verstärkter Schuppen-Helm des Adlers",1761
"Schamanisches Freibeuter-Wams der Rage",1762
"Veredelter Verstärkter Schuppen-Helm von Rata Sum",1763
"Veredelter Verstärkter Schuppen-Helm des Rudels",1764
"Schamanisches Freibeuter-Wams von Hoelbrak",1765
"Veredelter Verstärkter Schuppen-Helm des Haines",1766
"Schamanisches Freibeuter-Wams der Stärke",1767
"Veredelter Verstärkter Schuppen-Helm des Plünderns",1768
"Schamanisches Freibeuter-Wams der Infiltration",1769
"Verwüstender Verstärkter Schuppen-Helm des Haines",1770
"Verwüstender Verstärkter Schuppen-Helm des Schwarmes",1771
"Klerikales Freibeuter-Wams der Infiltration",1772
"Berserkerhafter Verstärkter Schuppen-Helm der Flammen-Legion",1773
"Klerikales Freibeuter-Wams der Göttlichkeit",1774
"Berserkerhafter Verstärkter Schuppen-Helm der Dwayna",1775
"Klerikales Freibeuter-Wams der Infiltration",1776
"Berserkerhafter Verstärkter Schuppen-Helm der Flammen-Legion",1777
"Klerikales Freibeuter-Wams der Dwayna",1778
"Berserkerhafter Verstärkter Schuppen-Helm der Dwayna",1779
"Faulender Verstärkter Schuppen-Helm des Schwarmes",1780
"Faulender Verstärkter Schuppen-Helm des Schwarmes",1781
"Faulender Verstärkter Schuppen-Helm der Dwayna",1782
"Starkes Freibeuter-Wams der Lyssa",1783
"Faulender Verstärkter Schuppen-Helm des Adlers",1784
"Starkes Freibeuter-Wams der Melandru",1785
"Faulender Verstärkter Schuppen-Helm des Lich",1786
"Wütender Verstärkter Schuppen-Helm des Plünderns",1787
"Starkes Freibeuter-Wams des Vampirismus",1788
"Verwüstendes Freibeuter-Wams des Grenth",1789
"Wütender Verstärkter Schuppen-Helm von Hoelbrak",1790
"Wütender Verstärkter Schuppen-Helm des Balthasar",1791
"Verwüstendes Freibeuter-Wams der Stärke",1792
"Wütender Verstärkter Schuppen-Helm der Lyssa",1793
"Starkes Schurken-Wams des Adlers",1794
"Schamanischer Verstärkter Schuppen-Helm von Hoelbrak",1795
"Schamanischer Verstärkter Schuppen-Helm der Zitadelle",1796
"Berserkerhaftes Schurken-Wams der Melandru",1797
"Berserkerhaftes Schurken-Wams des Reisenden",1798
"Schamanischer Verstärkter Schuppen-Helm der Zitadelle",1799
"Schamanischer Verstärkter Schuppen-Helm des Reisenden",1800
"Berserkerhaftes Schurken-Wams des Zentauren",1801
"Klerikaler Verstärkter Schuppen-Helm von Rata Sum",1802
"Klerikaler Verstärkter Schuppen-Helm des Schwarmes",1803
"Verwüstendes Schurken-Wams des Rudels",1804
"Klerikaler Verstärkter Schuppen-Helm von Hoelbrak",1805
"Faulendes Schurken-Wams der Rage",1806
"Klerikaler Verstärkter Schuppen-Helm von Hoelbrak",1807
"Faulendes Schurken-Wams des Dolyaks",1808
"Faulendes Schurken-Wams des Grenth",1809
"Faulendes Schurken-Wams der Dwayna",1810
"Starker Verstärkter Schuppen-Helm der Stärke",1811
"Starker Verstärkter Schuppen-Helm des Reisenden",1812
"Starker Verstärkter Schuppen-Helm des Grenth",1813
"Veredeltes Schurken-Wams des Rudels",1814
"Wütendes Schurken-Wams der Lyssa",1815
"Verwüstender Verstärkter Schuppen-Helm der Lyssa",1816
"Verwüstender Verstärkter Schuppen-Helm des Zentauren",1817
"Wütendes Schurken-Wams des Rudels",1818
"Starker Beschildeter Helm des Balthasar",1819
"Wütendes Schurken-Wams der Stärke",1820
"Berserkerhafter Beschildeter Helm des Balthasar",1821
"Wütendes Schurken-Wams des Grenth",1822
"Schamanisches Schurken-Wams des Reisenden",1823
"Berserkerhafter Beschildeter Helm der Befallenen",1824
"Schamanisches Schurken-Wams von Hoelbrak",1825
"Berserkerhafter Beschildeter Helm der Infiltration",1826
"Verwüstender Beschildeter Helm des Vampirismus",1827
"Faulender Beschildeter Helm der Gnade",1828
"Schamanisches Schurken-Wams des Haines",1829
"Faulender Beschildeter Helm der Infiltration",1830
"Klerikales Schurken-Wams der Dwayna",1831
"Faulender Beschildeter Helm von Hoelbrak",1832
"Klerikales Schurken-Wams der Lyssa",1833
"Faulender Beschildeter Helm des Reisenden",1834
"Klerikales Schurken-Wams der Göttlichkeit",1835
"Veredelter Beschildeter Helm des Reisenden",1836
"Schurken-Wams des Reisenden",1837
"Wütender Beschildeter Helm der Stärke",1838
"Schurken-Wams des Lich",1839
"Wütender Beschildeter Helm von Rata Sum",1840
"Wütender Beschildeter Helm des Plünderns",1841
"Wütender Beschildeter Helm von Rata Sum",1842
"Schurken-Wams der Gnade",1843
"Schamanischer Beschildeter Helm von Hoelbrak",1844
"Schamanischer Beschildeter Helm des Adlers",1845
"Schamanischer Beschildeter Helm des Haines",1846
"Klerikaler Beschildeter Helm der Infiltration",1847
"Klerikaler Beschildeter Helm des Lich",1848
"Klerikaler Beschildeter Helm der Rage",1849
"Beschildeter Helm des Plünderns",1851
"Beschildeter Helm des Grenth",1852
"Mächtiger Abgenutzter Ketten-Beinschutz",1853
"Mächtiger Abgenutzter Ketten-Beinschutz",1854
"Berserkerhafter Schlitzohr-Beinschutz des Dolyaks",1855
"Berserkerhafter Schlitzohr-Beinschutz der Flammen-Legion",1856
"Berserkerhafter Schlitzohr-Beinschutz des Dolyaks",1857
"Devona-Beinplatten",1858
"Faulender Schlitzohr-Beinschutz der Befallenen",1859
"Faulender Schlitzohr-Beinschutz des Rudels",1860
"Faulender Schlitzohr-Beinschutz des Adlers",1861
"Sheena-Beinplatten",1862
"Wütender Schlitzohr-Beinschutz der Göttlichkeit",1863
"Wütender Schlitzohr-Beinschutz der Zitadelle",1864