"Königintal",15
"Harathi-Hinterland",17
"Götterfels",18
"Ebenen von Aschfurt",19
"Flammenkamm-Steppe",20
"Felder der Verwüstung",21
"Feuerherzhügel",22
"Kessex-Hügel",23
"Gendarran-Felder",24
"Eisenmark",25
"Schauflerschreck-Klippen",26
"Lornars Pass",27
"Wanderer-Hügel",28
"Baumgrenzen-Fälle",29
"Eisklamm-Sund",30
"Schneekuhlenhöhen",31
"Diessa-Plateau",32
"Katakomben von Ascalon",33
"Caledon-Wald",34
"Provinz Metrica",35
"Katakomben von Ascalon",36
"Brandanschlag aufs Waisenhaus",37
"Ewige Schlachtfelder",38
"Mahlstromgipfel",39
"Löwenstein",50
"Meerenge der Verwüstung",51
"Funkenschwärmersumpf",53
"Brisban-Wildnis",54
"Gefahr für das Hospital",55
"In die Höhle des Löwen",61
"Fluchküste",62
"Umarmung der Betrübnis",63
"Umarmung der Betrübnis",64
"Malchors Sprung",65
"Flammenzitadelle",66
"Zwielichtgarten",67
"Zwielichtgarten",68
"Flammenzitadelle",69
"Zierde der Wogen",70
"Zierde der Wogen",71
"Blutstrom-Küste",73
"Caudecus' Anwesen",75
"Caudecus' Anwesen",76
"Der Einbruch",77
"Der Informant",79
"Eine vornehme Gruppe",80
"Schmelztiegel der Ewigkeit",81
"Schmelztiegel der Ewigkeit",82
"Banditen-Entführer",89
"Der Hain",91
"Der Prozess von Julius Zamon",92
" Alpine Grenzlande",95
" Alpine Grenzlande",96
"In die Höhle des Löwen",97
"Freundschaft mit Risiko",110
"Triumph oder Tod",111
"Die Ruinenstadt Arah",112
"Gestohlene Vorräte",113
"Kommandeur",120
"Die Verteidigung von Shaemoor",138
"Rata Sum",139
"Die Arzneikundlerin",140
"Verdeckt arbeiten",142
"Verdeckt arbeiten",143
"Das Wohl der Allgemeinheit",144
"Die Rettung",145
"Gift hat seinen Preis",147
"Der Untergang der Falken-Kompanie",148
"Der Untergang der Falken-Kompanie",149
"Stellt Euch Hauptmann Tervelan",152
"Ersucht Logans Hilfe",153
"Ersucht Logans Hilfe",154
"Anschuldigung",157
"Anschuldigung",159
"Befreiung",161
"Stimmen der Vergangenheit",162
"Stimmen der Vergangenheit",163
"Die Teilung des Mantels",171
"Die Teilung des Mantels",172
"Der schwebende Ratzkreisel",178
"Der schwebende Ratzkreisel",179
"Der schwebende Ratzkreisel",180
"Kasperle-Kolleg",182
"Das Künstleratelier",184
"Auf in den Wald",185
"Der Zirkusdirektor",186
"Die Orden von Tyria",190
"Die Orden von Tyria",191
"Rohe Gewalt",192
"Mortus Virge",193
"Triskell-Kai",195
"Die Spur des Seraphen",196
"Sprecher der Toten",198
"Die traurige Geschichte der \"Raffgier\"",199
"Kellachs Angriff",201
"Die Gerechtigkeit der Königin",202
"Die Falle",203
"Geniale Pläne",211
"Willkommen zu Hause",212
"Der Ruf des Tribuns",215
"Der Ruf des Tribuns",216
"Der Ruf des Tribuns",217
"Schwarze Zitadelle",218
"Einen Spion für einen Spion",222
"Schrottplatzstreuner",224
"Einen Spion für einen Spion",225
"Auf dem Wege der Besserung",226
"Vergossenes Blut",232
"Geisterlaufmuskete",234
"Im eisernen Griff der Legion",237
"Der Anmarsch der Flamme",238
"Der Anmarsch der Flamme",239
"Prüft Euer Metall",242
"Geschwind und leise",244
"Salma-Viertel (Heimatort)",248
"Eine ungewöhnliche Erbschaft",249
"Windfels-Labyrinth",250
"Tief im Schlamm",251
"Tief im Schlamm",252
"Tödliche Gewalt",254
"Geisterlauf-Artillerie",255
"Keine Verhandlungen",256
"Wiederverwertung von Schrott",257
"Wiederverwertung von Schrott",258
"In den Ruinen",259
"In den Ruinen",260
"Befehlskette",262
"Befehlskette",263
"Zeit für eine Beförderung",264
"Die Endstation",267
"Magische Benutzer",269
"Die Faust in der Tasche",271
"Die Faust in der Tasche",272
"Operation Bollwerk",274
"Fahnenflüchtig",275
"Menschliches Wehklagen",276
"Die Rückkehr des Banners",282
"Dicker als Wasser",283
"Unehrenhafte Entlassung",284
"Auf der Suche nach der Wahrheit",287
"Anzünden des Leuchtfeuers",288
"Das Feuer schüren",290
"Der Weg gabelt sich",294
"Die Sünden des Vaters",295
"Friedhofornamente",297
"Hoelbrak",326
"Gestohlene Vorräte",327
"Seraphen-Hauptquartier",330
"Fasskeilerei",334
"Klaueninsel",335
"Heilige Halle der Geheimnisse",336
"Herz der Nebel",350
"Der Stachel",363
"Den Kult hervorlocken",364
"Die Asche meiner Vergangenheit",365
"Heldenbezirk (Heimatort)",371
"Bluttribun-Quartier",372
"Der Kommandokern",373
"Knut Weißbärs Speicher",374
"Jägers Feuerstelle (Heimatort)",375
"Steinmacher-Gehöft",376
"Thronsaal der Königin",378
"Die Große Jagd",379
"Eine Waffe der Legenden",380
"Der Letzte der Riesen-Könige",381
"Jünger des Drachens",382
"Eine Waffe der Legenden",385
"Echos vergangener Zeiten",386
"Wilde Geister",387
"Aus den Himmeln",388
"Echos vergangener Zeiten",389
"Zwielicht des Wolfes",390
"Rage der Minotauren",391
"Die Krankheit des Lehrlings",392
"Den Schleier lüften",393
"Eine Falle vereitelt",394
"Verehrter Rabe",396
"Ein guter Schluck verlangt nach einem weiteren",397
"Die Form des Geistes",399
"Hinein in die Nebel",400
"Den Schleier lüften",401
"Der Segen der Bärin",405
"Das Tor schließen",407
"Ungezügelte Minotauren",410
"Ungezügelte Minotauren",411
"Unerwartete Besucher",412
"Man munkelt von Trubel",413
"Ein neuer Herausforderer",414
"Unerwartete Besucher",415
"Straßensperre",416
"Angriff auf Mauldau",417
"Räum das Spielzeug weg",418
"Ein neuer Herausforderer",419
"Erster Angriff",420
"Der Todesstoß",421
"Das Halbfinale",422
"Der Meisterkampf",423
"Der Meisterkampf",424
"Maschine in Aktion",425
"Unter den Kodan",427
"Man munkelt von Trubel",428
"Rage der Minotauren",429
"Dunkelheit in Drakentelt",430
"Bekämpft den Albtraum",432
"Der Erhalt des Gleichgewichts",434
"Mittel zum Zweck",435
"Schaufler-Technologie",436
"Gelehrter des Untergrunds",439
"Angriff der Schaufler",440
"Das Versteck der Schaufler",441
"Sabotieren",444
"Code-Brecher",447
"Ausrüstungen",449
"Angriff auf den Hügel",453
"Lautlose Kriegsführung",454
"Der Kopf muss ab",455
"Zorn der Toten",458
"Der Weg gabelt sich",459
"Militärgefängnis der Zitadelle\n",460
"Abbilder der Tribune",464
"Die Sünden des Vaters",465
"Die Rückkehr des Banners",466
"Friedhofornamente",470
"Untotenbefall",471
"Geflüster im Dunkeln",474
"Gefährliche Forschung",476
"Graben nach Antworten",477
"Verteidigung der Feste",480
"Aufspüren der Untoten",481
"Immer wachsam",483
"Untersuchen und zerstören",485
"Rachegeflüster",487
"Killerinstinkt",488
"Meinen Mentor treffen",489
"Ein instabiler Frieden",490
"Überbringer schlechter Nachrichten",492
"Meinen Mentor treffen",496
"Die Vergangenheit ausgraben",497
"Die Vergangenheit ausgraben",498
"Schrottplatzstreuner",499
"Quästors Belagerung",502
"Des Ministers Verteidigung",503
"Der Ruf der Pflicht",504
"Der Ruf der Pflicht",505
"Dem Tod zum Trotz",507
"Entmantelung der Dunkelheit",509
"Hunde und Gejagte",511
"Hunde und Gejagte",512
"Verliebt und verloren",513
"Rettet den Hirsch",514
"Verborgen in der Dunkelheit",515
"Alle Mühen umsonst",516
"Schwarze Nacht, Weißer Hirsch",517
"Die Omphalos-Kammer",518
"Die Schwäche des Herzens",519
"Erwachen",520
"Der Kampf gegen die Finsternis",521
"Ein schlauer Trick",522
"Verworrene Wurzeln",523
"Das Albtraumherz",524
"Der Mond scheint kalt",525
"Das Ritterduell",527
"Hammer und Stahl",528
"Wie das Leben so spielt",529
"Nach dem Sturm",532
"Nach dem Sturm",533
"Unter den Wellen",534
"Spieglein, Spieglein",535
"Vision der Finsternis",536
"Gebrochenes Licht",537
"Eine unbekannte Seele",538
"Eine unbekannte Seele",539
"Wie das Leben so spielt",540
"Quelle der Angelegenheit",542
"Wildwuchs",543
"Wildwuchs",544
"Auf der Suche nach dem Zalisco",545
"Frontalangriff",546
"Wer überlistet wen?",547
"Auge der Sonne",548
"Die Schlacht von Kyhlo",549
"Auf der Suche nach dem Zalisco",552
"Der Wald von Niflhel",554
"Ein anderer Traum",556
"Ein Splitter im Fleisch",557
"Erstickende Glut",558
"Auge der Sonne",559
"Geschärfte Dornen",560
"Dornen-Mauern",561
"Geheimnisse in der Erde",563
"Die Blüte der Jugend",564
"Der faule Apfel",566
"Schwierigkeiten an der Wurzel",567
"Blume des Todes",569
"In der Tiefe des Winters",570
"Im Gestrüpp",571
"Explosiver Intellekt",573
"In Snaffs Fußstapfen",574
"Golem-Positionierungssystem",575
"Universalschraubschlüssel",576
"Das Problem entschärfen",577
"Liebesbeweise",578
"Der Snaff-Preis",579
"Eine funkelnde Rettung",581
"Hoher Wartungsaufwand",582
"Snaff wäre stolz",583
"Die Lorbeeren zurückholen",584
"Politischer Mord",586
"Da und dort und überall",587
"Teil-Verhandlungen",588
"Ansteigende Messwerte",589
"Snaff wäre stolz",590
"Ansteigende Messwerte",591
"Außerplanmäßige Verzögerung",592
"Haltet zu Eurer Kru",594
"Unwillkommene Besucher",595
"Wem Anerkennung gebührt",596
"Wem Anerkennung gebührt",597
"Kurze Lunte",598
"Kurze Lunte",599
"Salz in der Wunde",606
"Freier Lauf",607
"Unruhe stiften",608
"Unruhe stiften",609
"Sturzflut",610
"Es riecht nach Verrat",611
"Magnum Opus",613
"Magnum Opus",614
"Schlechtes Geschäft",617
"Beta-Test",618
"Beta-Test",619
"Jede hinreichend fortschrittliche Wissenschaft",620
"Jede hinreichend fortschrittliche Wissenschaft",621
"Schlechte Aussichten",622
"Industriespionage",623
"Sekundenbruchteil",624
"Tragt einen großen Stock",625
"Meinen Mentor treffen",627
"Geheimnis stehlen",628
"Eine gewagte neue Theorie",629
"Legale Fälschung",630
"Legale Fälschung",631
"Den Weg bereiten",633
"Eindämmung",634
"Eindämmung",635
"Gefährliche Umgebung",636
"Durch die Luke",638
"Durch die Luke",639
"Die Steinhülle",642
"Böses Blut",643
"Versuchsobjekt",644
"Feldversuch",645
"Das Haus Caithe",646
"Terrasse des Träumers (Heimatort)",647
"Die Omphalos-Kammer",648
"Snaff-Gedenk-Labor",649
"Labor für Angewandte Entwicklung (Heimatort)",650
"Ratsebene",651
"Ein Treffen der Gleichgesinnten",652
"Mächtiger als das Schwert",653
"Sie sind da lang!",654
"Kommunikationswege",655
"Ungezähmte Wildnis",656
"Jeden Tag einen Apfel",657
"Operationsbasis",658
"Die Rückkehr des verlorenen Häuptlings",659
"Kalt erwischt",660
"Zähmlinge und Mauern stärken den Kral.",662
"Zweifel",663
"Die Höhle der falschen Gottheit",664
"Böses Eis",666
"Böses Eis",667
"Zähmlinge und Mauern stärken den Kral.",668
"Versuchter Gottesmord",669
"Zweifel",670
"Rat-Tastrophe",672
"Erlösung durch Ketzerei",673
"Aufgebracht und unbeschämt",674
"Hüter der Vergangenheit",675
"Zu viel protestieren",676
"Das Auge öffnen",677
"Die Brutstätte",678
"Die Gläubigen überzeugen",680
"Evakuierung",681
"Ungezähmte Wildnis",682
"Das Opfer des Champion",683
"Von Räubern rauben",684
"Rückkehr der Recken",685
"Unheilige Erde",686
"Von der Sonne auserwählt",687
"Bereit zum Sprengen",691
"Gadds letztes Gerät",692
"Bibliothekswissenschaft",693
"Rakt und Ruin",694
"Verdächtige Aktivitäten",695
"Erkundung",696
"Kritischer Rückschlag",697
"Schlacht auf der Klaueninsel",698
"Verdächtige Aktivitäten",699
"Bibliothek der Abtei",700