"Explosiver Intellekt",15
"Golem-Positionierungssystem",16
"In Snaffs Fußstapfen",17
"Universalschraubschlüssel",18
"Das Problem entschärfen",19
"Liebesbeweise",20
"Der Snaff-Preis",21
"Hoher Wartungsaufwand",22
"Eine funkelnde Rettung",23
"Die Lorbeeren zurückholen",24
"Snaff wäre stolz",25
"Politischer Mord",26
"Da und dort und überall",27
"Teil-Verhandlungen",28
"Ansteigende Messwerte",29
"Außerplanmäßige Verzögerung",30
"Unwillkommene Besucher",31
"Haltet zu Eurer Kru",32
"Gadds letztes Gerät",33
"Jede hinreichend fortschrittliche Wissenschaft",34
"Beta-Test",35
"Industriespionage",36
"Tragt einen großen Stock",37
"Sekundenbruchteil",38
"Unruhe stiften",39
"Kurze Lunte",40
"Es riecht nach Verrat",41
"Magnum Opus",42
"Schlechtes Geschäft",43
"Wem Anerkennung gebührt",44
"Salz in der Wunde",45
"Freier Lauf",46
"Sturzflut",47
"Schlechte Aussichten",48
"Eine gewagte neue Theorie",49
"Legale Fälschung",50
"Gefährliche Umgebung",51
"Versuchsobjekt",52
"Feldversuch",53
"Ein Treffen der Gleichgesinnten",54
"Kommunikationswege",55
"Zu viel protestieren",56
"Das Auge öffnen",57
"Rakt und Ruin",58
"Geniale Pläne",59
"Der Ruf des Tribuns",60
"Einen Spion für einen Spion",61
"Schrottplatzstreuner",62
"Vergossenes Blut",63
"Geisterlaufmuskete",64
"Im eisernen Griff der Legion",65
"Der Anmarsch der Flamme",66
"Prüft Euer Metall",67
"Geschwind und leise",68
"Tödliche Gewalt",69
"Geisterlauf-Artillerie",70
"Befehlskette",71
"Zeit für eine Beförderung",72
"Die Endstation",73
"Magische Benutzer",74
"Die Faust in der Tasche",75
"Operation Bollwerk",76
"Zorn der Toten",77
"Eine ungewöhnliche Erbschaft",78
"Tief im Schlamm",79
"Keine Verhandlungen",80
"Wiederverwertung von Schrott",81
"In den Ruinen",82
"Fahnenflüchtig",83
"Eine heiße Spur",84
"Die Rückkehr des Banners",85
"Dicker als Wasser",86
"Unehrenhafte Entlassung",87
"Auf der Suche nach der Wahrheit",88
"Das Feuer schüren",89
"Der Weg gabelt sich",90
"Die Sünden des Vaters",91
"Abbilder der Tribune",92
"Friedhofornamente",93
"Untotenbefall",94
"Geflüster im Dunkeln",95
"Gefährliche Forschung",97
"Graben nach Antworten",98
"Verteidigung der Feste",100
"Aufspüren der Untoten",101
"Immer wachsam",102
"Untersuchen und zerstören",104
"Rachegeflüster",105
"Der Informant",106
"Der Einbruch",107
"Eine vornehme Gruppe",108
"Banditen-Entführer",109
"Der Prozess von Julius Zamon",110
"Brandanschlag aufs Waisenhaus",111
"Gefahr für das Hospital",112
"In die Höhle des Löwen",113
"Kommandeur",114
"Freundschaft mit Risiko",115
"Gestohlene Vorräte",116
"Die Verteidigung von Shaemoor",117
"Die Arzneikundlerin",118
"Verdeckt arbeiten",119
"Das Wohl der Allgemeinheit",120
"Die Rettung",121
"Gift hat seinen Preis",122
"Willkommen zu Hause",123
"Auf dem Wege der Besserung",124
"Der Untergang der Falken-Kompanie",125
"Stellt Euch Hauptmann Tervelan",126
"Ersucht Logans Hilfe",127
"Anschuldigung",128
"Stimmen der Vergangenheit",129
"Die Teilung des Mantels",130
"Der Stachel",131
"Den Kult hervorlocken",132
"Die Asche meiner Vergangenheit",133
"Der schwebende Ratzkreisel",134
"Kasperle-Kolleg",135
"Das Künstleratelier",136
"Auf in den Wald",137
"Der Zirkusdirektor",138
"Befreiung",139
"Die Orden von Tyria",140
"Rohe Gewalt",141
"Mortus Virge",142
"Triskell-Kai",144
"Die Spur des Seraphen",145
"Sprecher der Toten",147
"Die traurige Geschichte der \"Raffgier\"",148
"Kellachs Angriff",150
"Die Gerechtigkeit der Königin",151
"Die Falle",152
"Die Große Jagd",154
"Eine Waffe der Legenden",155
"Der Letzte der Riesen-Könige",156
"Jünger des Drachens",157
"Echos vergangener Zeiten",158
"Wilde Geister",159
"Aus den Himmeln",160
"Zwielicht des Wolfes",161
"Die Krankheit des Lehrlings",162
"Rage der Minotauren",163
"Den Schleier lüften",164
"Eine Falle vereitelt",165
"Ein guter Schluck verlangt nach einem weiteren",166
"Die Form des Geistes",167
"Verehrter Rabe",168
"Der Segen der Bärin",169
"Hinein in die Nebel",170
"Das Tor schließen",171
"Ungezügelte Minotauren",172
"Unerwartete Besucher",173
"Räum das Spielzeug weg",174
"Ein neuer Herausforderer",175
"Angriff auf Mauldau",176
"Erster Angriff",177
"Der Todesstoß",178
"Das Halbfinale",179
"Der Meisterkampf",180
"Maschine in Aktion",181
"Straßensperre",182
"Unter den Kodan",183
"Man munkelt von Trubel",184
"Dunkelheit in Drakentelt",185
"Der Erhalt des Gleichgewichts",186
"Mittel zum Zweck",187
"Schaufler-Technologie",188
"Gelehrter des Untergrunds",189
"Angriff der Schaufler",191
"Sabotieren",192
"Das Versteck der Schaufler",194
"Code-Brecher",195
"Ausrüstungen",197
"Angriff auf den Hügel",198
"Der Kopf muss ab",199
"Lautlose Kriegsführung",200
"Bekämpft den Albtraum",201
"Der Ruf der Pflicht",202
"Dem Tod zum Trotz",203
"Entmantelung der Dunkelheit",204
"Verliebt und verloren",205
"Hunde und Gejagte",206
"Rettet den Hirsch",207
"Alle Mühen umsonst",208
"Schwarze Nacht, Weißer Hirsch",209
"Verborgen in der Dunkelheit",210
"Die Schwäche des Herzens",211
"Erwachen",212
"Der Kampf gegen die Finsternis",213
"Ein schlauer Trick",214
"Verworrene Wurzeln",215
"Das Albtraumherz",216
"Der Mond scheint kalt",217
"Hammer und Stahl",218
"Das Ritterduell",219
"Wildwuchs",220
"Auf der Suche nach dem Zalisco",221
"Frontalangriff",222
"Wer überlistet wen?",223
"Auge der Sonne",224