"Schmiere werfen",1110
"Astsprung",1115
"Kette werfen",1118
"Plasma konsumieren",1123
"Ei essen",1125
"Eisscherben-Stechen",1129
"Streitkolben-Schädelspalten",1131
"Heilender Samen",1139
"Schädel-Furcht",1141
"Blendendes Büschel",1148
"Wirbelnde Axt",1162
"Wirbelnder Schlag",1167
"Verband",1175
"Bindende Wurzeln",1279
"Hieb",1355
"Schauer",1359
"Wirbelsturm",1364
"Galopphieb",1408
"Doppelangriff",1510
"Schießen",1512
"Hieb",1531
"Stechen",1539
"Sprung",1541
"Werfen",1626
"Schädel-Bolas",1628
"Stechen",1629
"Speer werfen",1631
"Stechen",1641
"Ausfall",1642
"Zerschmettern",1644
"Hieb",1691
"Trampeln",1932
"Hieb",1940
"Gegenangriff",1991
"Frostfalle",1996
"Axt",2013
"Zyklonwirbel",2014
"Arterienabtrennung",2131
"Schnittwunde",2132
"Endgültiger Stoß",2133
"Hieb",2134
"Wilder Satz",2135
"Wirbelsturmangriff",2136
"Schauer",2302
"Fausthieb",2365
"Gebrandmarktes Kristall",2367
"Hieb",2397
"Zerschlitzen",2399
"Überfall",2400
"Überfall",2401
"Überfall",2403
"Spucken",2433
"Teerlache",2434
"Zerreißen",2446
"Feuerbolzen",2498
"Hieb",2503
"Ausfall",2504
"Hieb",2505
"Feuerentladung",2760
"Zuhauen",2783
"Klebriger Schuss",2784
"Augenstrahl",2800
"Tentakelhieb",2804
"Schießen",2806
"Hieb",2823
"Axt werfen",2824
"Hieb",2839
"Prankenschwinger",2843
"Brutales Zermalmen",2845
"Stoßen",2871
"Beißen",2879
"Versteinernder Blick",2880
"Versteinernder Blick",2881
"Hieb",2904
"Sturzangriff",2905
"Zerreißen",2907
"Klopfen",2919
"Ausfall",2920
"Sturmangriff",2922
"Eichenherz-Schwinger",2924
"Auswürgen",2937
"Hieb",2939
"Steinscherben",2961
"Beißen",2962
"Stoßen",3032
"Hieb",3080
"Hieb",3096
"Ansteckender Biss",3101
"Hieb",3102
"Kreischen",3103
"Frostspucke",3717
"Verstärkung Passives Eichenherz",3777
"Zermalmen",3786
"Ausfall",3787
"Stoßen",3788
"Frostausbruch",3789
"Frostausbruch",5487
"Blitzpeitsche",5489
"Komet",5490
"Feuerball",5491
"Feuereinstimmung",5492
"Wassereinstimmung",5493
"Lufteinstimmung",5494
"Erdeinstimmung",5495
"Lindwurm-Odem",5496
"Flammenwand",5497
"Steinscherben",5500
"Meteorschauer",5501
"Glyphe der geringeren Elementare",5502
"Siegel der Wiederherstellung",5503
"Blitzentladung",5504
"Zupackende Erde",5505
"Glyphe der Elementar-Kraft",5506
"Äthererneuerung",5507
"Flammenschlag",5508
"Wasserdreizack",5510
"Gefrorener Boden",5515
"Feuriges Großschwert beschwören",5516
"Feuriger Ansturm",5517
"Kettenblitz",5518
"Steinigung",5519
"Frostaura",5520
"Obsidianfleisch",5521
"Aufgeworfene Erde",5522
"Erdring",5525
"Bogenblitz",5526
"Schockaura",5527
"Eruption",5528
"Den Blitz reiten",5529
"Wirbelnde Winde",5530
"Feuersturm",5531
"Flammenwelle",5532
"Feuereruption",5533
"Tornado",5534
"Reinigendes Feuer",5535
"Lichtblitz",5536
"Kältekegel",5537
"Schmetterstein",5538
"Energieentladung",5539
"Flammenaxt beschwören",5540
"Lava-Axt",5541
"Siegel des Feuers",5542
"Erdschild beschwören",5546
"Magnetschub",5547
"Lavafontäne",5548
"Wasserentladung",5549
"Eisdorn",5550
"Heilender Regen",5551
"Blitzwelle",5552
"Böe",5553
"Nebelform",5554
"Magnetwelle",5555
"Gefrierende Böe",5556
"Feuergriff",5557
"Reinigende Welle",5558
"Irdener Ansturm",5559
"Blitzschlag",5561
"Orkan",5562
"Dunstform",5564
"Dampf",5566
"Frostbogen beschwören",5567
"Frostfächer",5568
"Glyphe der Elementar-Harmonie",5569
"Siegel des Wassers",5570
"Siegel der Erde",5571
"Siegel der Luft",5572
"Glyphe der Erneuerung",5573
"Explosive Lava-Axt",5593
"Wasserpfeil",5595
"Kochen",5597
"Magma-Kugel",5598
"Lavaketten",5599
"Hitzewelle",5600
"Wirbelstrom",5602
"Wirbelstrom",5603
"Wasserrakete",5604
"Eiskugel",5605
"Eiswand",5606
"Flutwelle",5607
"Wasserfaust",5608
"Steintritt",5609
"Dampfschacht",5610
"Schildklatsch",5621
"Verstärken",5623
"Blitzhammer beschwören",5624
"Blitzsprung",5625
"Arkane Macht",5635
"Arkane Welle",5638
"Erdrüstung",5639
"Arkaner Schild",5641
"Brennende Geschwindigkeit",5644
"Konvergenz",5646
"Luftblase",5648
"Blitzkäfig",5650
"Luftloch",5652
"Vakuum",5653
"Stromschlag",5655
"Gespaltener Blitz",5656
"Gesteinsklinge",5657
"Felsensprüher",5658
"Felsenanker",5659
"Trübes Wasser",5661
"Magnetstrom",5662
"Glyphe der Elementare",5666
"Statikfeld",5671
"Phönix",5675
"Feuerschild",5678
"Flammenausbruch",5679
"Brennender Rückzug",5680
"Geysir",5681
"Windgeschwindigkeit",5682
"Schwankender Boden",5683
"Magnetaura",5685
"Stoßwelle",5686
"Aufwind",5687
"Erdbeben",5690
"Feuerring",5691
"Drachenzahn",5692
"Eisscherben",5693
"Blendender Blitz",5694
"Felsbarriere",5695
"Staubteufel",5696
"Feuriger Wirbel",5697
"Brennender Rückzug",5717
"Feuerring",5718
"Flammensprung",5719
"Frostsalve",5720
"Tiefgefrieren",5721
"Froststurm",5723
"Blitz beschwören",5725
"Blitzschwung",5726
"Statischer Schwung",5727
"Donnerschlag",5728
"Statikfeld",5732
"Sturmböe",5733
"Glyphe der Stürme",5734
"Eissturm",5735
"Feuersturm",5736
"Blitzgewitter",5737
"Sandsturm",5738
"Verkrüppelndes Schild",5746
"Magnetschild",5747
"Unterströmung",5748
"Elektrifizierter Tornado",5752
"Staub-Tornado",5753
"Trümmer-Tornado",5754
"Erneuerung der Luft",5760
"Erneuerung der Erde",5761
"Erneuerung des Feuers",5762
"Erneuerung des Wassers",5763
"Schleudern",5780
"Geysir",5782
"Blendender Blitz",5792
"Reinigende Welle",5793
"Flammenausbruch",5794
"Stoßwelle",5795
"Medizinkit",5802
"Granatenkit",5805
"Giftgranate",5806
"Schrapnellgranate",5807
"Blitzgranate",5808
"Gefriergranate",5809
"Granatensperrfeuer",5810
"Persönlicher Rammbock",5811
"Bombenkit",5812
"Dicke Bombe",5813
"Gewehrturm",5818
"Schrott werfen",5820
"Elixier B",5821
"Erschütterungsbombe",5822
"Feuerbombe",5823
"Rauchbombe",5824
"Schleimspur",5825
"Fragmentierungsschuss",5827
"Giftpfeilsalve",5828
"Statischer Schuss",5829
"Klebriger Schuss",5830
"Schweißbrenner",5831
"Elixier X",5832
"Elixier H",5834
"Flammenturm",5836
"Netzturm",5837
"Donnerturm",5838
"Bombe",5842
"Heilturm",5857
"Elixier C",5860
"Elixier S",5861
"Elixier U",5862
"Hilfsschutzbrille",5865
"Elixier R werfen",5867
"Vorratskiste",5868
"Dauerfeuer",5874
"Granate",5882
"Klopfen",5889
"Elektrifiziertes Netz",5893
"Nebelwand",5900
"Werkzeugkit",5904
"Brechstange",5905
"Raketenstiefel",5910
"Raketenturm",5912
"Explosive Raketen",5913
"Treibmine",5916
"Anker",5917
"Boje",5918
"Flammenwerfer",5927
"Flammenstrahl",5928
"Napalm",5929
"Luftentladung",5930
"Flammenentladung",5931
"Elixierkanone",5933
"Betäubungspfeil",5934
"Batzenschuss",5935
"Säurebombe",5936
"Super-Elixier",5937
"Klebstoffbombe",5939
"Gewehrturm detonieren",5957
"Donnerturm detonieren",5960
"Heilturm detonieren",5961
"Enterleine",5962
"Sprengfalle",5963
"Schwefeln",5965
"Heilender Nebel",5966
"Elixier B werfen",5967
"Elixier R",5968
"Elixier C werfen",5969
"Elixier U werfen",5970
"Elixier S werfen",5972
"Supergeschwindigkeit",5973
"Brandmunition",5977
"Elixier H werfen",5978
"Reinigende Explosion",5980
"Persönlichen Rammbock abfeuern",5982
"Raketentritt",5983
"Netzturm detonieren",5984
"Flammenturm detonieren",5985
"Flammenturm",5987
"Netzturm",5988
"Gewehrturm",5989
"Donnerturm",5990
"Raketenturm",5991
"Hauen",5992
"Rumms",5993
"Zack",5994
"Schachtel Nägel",5995
"Magnet",5996
"Zahnradschild",5998
"Schraubenschlüssel werfen",5999
"Gewehrsalve",6003
"Netzschuss",6004
"Sprungschuss",6005
"Granatenkit",6020
"Super-Elixier",6046
"Elixier F",6047
"Betäubungspfeil",6048
"Geringeres Granatensperrfeuer",6050
"Magnetschild",6053
"Statikschild",6054
"Schild werfen",6057
"Elixier C werfen",6077
"Elixier C detonieren",6078
"Elixier B detonieren",6082
"Elixier S detonieren",6084
"Elixier R detonieren",6086
"Elixier U detonieren",6088
"Elixier U werfen",6089
"Elixier S werfen",6090
"Elixier R werfen",6091
"Elixier B werfen",6092
"Harpunenturm",6093
"Harpunenturm detonieren",6097
"Dauerfeuer",6098
"Super-Elixier",6102
"Super-Elixier",6104
"Medizinkit verstauen",6109
"Granatenkit verstauen",6110
"Bombenkit verstauen",6111
"Werkzeugkit verstauen",6113
"Flammenwerfer verstauen",6114
"Elixierkanone verstauen",6115
"Elixier H werfen",6118
"Elixier H detonieren",6119
"Magnetische Umkehrung",6126
"Raketenturm detonieren",6134
"Heilturm",6140
"Netzwand",6145
"Streuminen",6147
"Zielsuchender Torpedo",6148
"Zeitzünder",6149
"Donnerbüchse",6153
"Überladener Schuss",6154
"Rauchausstoß",6159
"Mine werfen",6161
"Detonieren",6162
"Mine einsetzen",6163
"Minenfeld",6164
"Minenfeld zünden",6166
"Giftgranate",6167
"Gefriergranate",6168
"Blitzgranate",6169
"Schrapnellgranate",6170
"Granate",6171
"Granatensperrfeuer",6172
"Kiste mit Piranhas",6175
"Regenerierender Nebel",6176
"Rakete",6177
"Überraschungsschuss",6178
"Netzangriff",6179
"Grollen",6180
"Napalm werfen",6181
"Harpune",6182
"Vorratskiste",6183
"Sprung des Glaubens",9080
"Wirbelnder Zorn",9081
"Schild des Zorns",9082
"\"Erhaltet das Licht!\"",9083
"\"Vorwärts!\"",9084
"\"Rettet Euch selbst!\"",9085
"Beschützerschlag",9086
"Schild des Urteils",9087
"Reinigende Flamme",9088
"Feuer des Eiferers",9089
"Symbol der Strafe",9090
"Schild der Absorption",9091
"Siegel des Ruins",9093
"Symbol des Urteils",9095
"Welle des Lichts",9096
"Symbol der Klingen",9097
"Kugel des Zorns",9098
"Ketten des Lichts",9099
"Geringeres Zerschlagen von Zuständen",9101
"Unterschlupf",9102
"Flamme des Eiferers",9104
"Schwert des Zorns",9105
"Schwertbogen",9106
"Verteidigung des Eiferers",9107
"Getreuer Schlag",9108
"Wahrer Schlag",9109
"Reiner Schlag",9110
"Symbol des Glaubens",9111
"Strahl des Urteils",9112
"Tugend der Gerechtigkeit",9115
"Tugend der Tapferkeit",9118
"Tugend der Entschlossenheit",9120
"Blitz des Zorns",9122
"Verbannung",9124
"Hammer der Weisheit",9125
"Zuflucht",9128
"Schlagen",9137
"Rachsüchtiger Schlag",9138
"Wutentbrannter Schlag",9139
"Heiliger Schlag",9140
"Symbol der Eile",9143
"Linie der Abwehr",9144
"Symbol der Entschlossenheit",9146
"Bindende Klinge",9147
"Zorn",9149
"Siegel des Urteils",9150
"Siegel des Zorns",9151
"\"Haltet die Stellung!\"",9152
"\"Bleibt standhaft!\"",9153
"Erneuerter Fokus",9154
"Siegel der Entschlossenheit",9158
"Hammerschwung",9159
"Hammerprügel",9160
"Symbol des Schutzes",9161
"Siegel der Gnade",9163
"Schwert der Gerechtigkeit",9168
"Bogen der Wahrheit",9175
"Schild des Rächers",9182
"Reinigende Flammen",9187
"Speer des Lichts",9189
"Schauer des Eiferers",9190
"Brillanz",9191
"Symbol der Speere",9192
"Wutentbrannter Griff",9193
"Mächtiger Schlag",9194
"Ring der Abwehr",9195
"Lichtball",9205
"Gewicht der Gerechtigkeit",9206
"Läutern",9207
"Symbol des Lichts",9208
"Brechung",9209
"Erneuernder Strom",9210
"Die Tiefen enthüllen",9211
"Fußfessel",9212
"Schild der Absorption",9224
"Ziehen",9226
"Schwertwelle",9227
"Reinigende Entladung",9234
"Zustand zerschlagen",9245
"Gnädige Intervention",9246
"Richterliche Intervention",9247
"Gebot der Reinheit",9248
"Tugend der Entschlossenheit",9250
"Wand der Reflexion",9251
"Geheiligter Boden",9253
"Umarmung des Eiferers",9260
"Ermächtigung",9265
"Tugend der Tapferkeit",9268
"Verwirrende Bilder",10168
"Chaossturm",10169
"Gedankenhieb",10170
"Gedankenschlitz",10171
"Geistesdorn",10172
"Illusionärer Sprung",10173
"Trügerischer Schwertkämpfer",10174
"Trügerischer Duellant",10175
"Ätherschmaus",10176
"Spiegel",10177
"Treten",10180
"Schnabelhieb",10181
"Kreischen",10182
"Klaue",10183
"Arkaner Diebstahl",10185
"Temporaler Vorhang",10186
"Schleier",10187
"Trügerischer Magier",10189
"Schrei der Frustration",10190
"Geistiges Wrack",10191
"Verzerrung",10192
"Geistige Explosion",10196
"Portal-Auftritt",10197
"Portal-Abgang",10199
"Augenschlag",10200
"Lockvogel",10201
"Spiegelbilder",10202
"Null-Feld",10203
"Mantra der Ablenkung",10204
"Kraftsperre",10206
"Mantra der Entschlossenheit",10207
"Kraftläuterung",10209
"Mantra der Schmerzen",10211
"Kraftausschlag",10212
"Mantra der Gesundung",10213
"Kraftrevanche",10214
"Trügerischer Hexenmeister",10216
"Gedankenstich",10218
"Räumliche Welle",10219
"Illusionäre Welle",10220
"Trügerischer Berserker",10221
"Trügerischer Schurke",10224
"Magische Kugel",10229
"Siegel der Dominanz",10232
"Siegel der Mitternacht",10234
"Siegel der Inspiration",10236
"Mantra der Konzentration",10237
"Kraftausbruch",10238
"Illusion des Lebens",10244
"Massenunsichtbarkeit",10245
"Siegel der Illusionen",10247
"Trügerischer Seemann",10251
"Vortex",10255
"Sirenengesang",10258
"Blendende Flut",10259
"Illusion des Ertrinkens",10260
"Trügerischer Entzauberer",10267
"Winde des Chaos",10273
"Illusionärer Konter",10276
"Illusionäre Riposte",10280
"Trügerische Wache",10282
"Das Prestige",10285
"Ablenkung",10287
"Ätherbolzen",10289
"Ätherentladung",10290
"Ätherklon",10291
"Reaktion",10302
"Phasenrückzug",10310
"Zeitschleife",10311
"Gegenzauber",10314
"Stechen",10315
"Stoßen",10316
"Ausweichender Schlag",10317
"Fingierter Schub",10318
"Sog",10325
"Bevorstehende Reise",10327
"Trügerischer Walfänger",10328
"Chaosrüstung",10331
"Spiegelklinge",10333
"Verschleierte Raserei",10334
"Platztausch",10337
"Trügerischer Verteidiger",10341
"Reaktion",10356
"Konterklinge",10358
"In die Leere",10363
"Täuschung",10366
"Beißen",10372
"Zuschnappen",10373
"Raserei",10374
"Fliehen",10375
"Spucken",10376
"Zeitschleife",10377
"Brunnen des Blutes",10527
"Schreckliche Klauen",10528
"Dunkler Pakt",10529
"Zupackende Tote",10532
"Knochenteufel herbeirufen",10533
"Explosion der Verwesung",10540
"Knochendiener herbeirufen",10541
"Fleischwurm herbeirufen",10543
"Blut ist Kraft",10544
"Brunnen der Verderbnis",10545
"Brunnen des Leidens",10546
"Blutunhold herbeirufen",10547
"Zustände verzehren",10548
"Seuchenlande",10549
"Lich-Gestalt",10550
"Verwesender Fluch",10552
"Lebensexplosion",10554
"Rückenschauer",10555
"Klageschrei der Verdammnis",10556
"Heuschreckenschwarm",10557
"Faulender Boden",10559
"Lebensfresser",10560
"Zerfetzende Klauen",10561
"Siegel der Pest",10562
"Totenstarre",10570
"Todesschleier",10574
"Geschmack des Todes",10577
"Spektralrüstung",10583
"Todesschleier beenden",10585
"Gesperrt",10586
"Verdammnis",10588
"Schattenunhold herbeirufen",10589
"Heimsuchen",10590
"Lebensübertragung",10594
"Nekrotischer Griff",10596
"Nekrotische Verwechslung",10600
"Verdorbener Segen",10602
"Dunkler Pfad",10604
"Frostbeulen",10605
"Epidemie",10606
"Brunnen der Dunkelheit",10607
"Spektralring",10608
"Brunnen der Kraft",10609
"Siegel des Untodes",10611
"Siegel der Heuschrecke",10612
"Finsterer Speer",10616
"Sense des Schnitters",10617
"Tödliches Gelage",10619
"Spektralgriff",10620
"Siegel der Tücke",10622
"Purpurrote Gezeiten",10623
"Schmaus",10624
"Widerliche Strömung",10625
"Sinkende Gruft",10628
"Gefrorener Abgrund",10629
"Grausiger Geist",10632
"Welle des Schreckens",10633
"Tödliche Klauen",10634
"Blick des Lich",10635
"Irrsinn herbeirufen",10636
"Lebensfresser",10640
"Todesfluch",10641
"Fressrausch",10642
"Dräuende Seuche",10643
"Dunkles Wasser",10644
"Welle der Furcht",10645
"Fleisch-Golem herbeirufen",10646
"Sturmangriff",10647
"Furcht einflößen",10660
"Verkümmernde Seuche",10661
"Seuche der Dunkelheit",10662
"Seuche der Pestilenz",10663
"Brunnen des Blutes",10670
"Brunnen der Verderbnis",10671
"Brunnen der Dunkelheit",10672
"Brunnen der Kraft",10673
"Brunnen des Leidens",10674
"Spektralgang",10685
"Spektraler Rückruf",10687
"Korrosive Giftwolke",10689
"Seuchenexplosion",10690
"Grausamer Schlag",10692
"Böser Schlag",10693
"Böse Spirale",10694
"Todesfang",10695
"Blutfluch",10698
"Zerfetzender Fluch",10699
"Unheiliger Schmaus",10701
"Nekrotischer Hieb",10702
"Nekrotischer Stich",10703
"Nekrotischer Biss",10704
"Tödlicher Schwarm",10705
"Schwächendes Blut",10706
"Schmaus der Verdorbenheit",10709
"Nebelfeuer-Wolf",10800
"Zerfetzender Ausfall",11164
"Technobabbel",12318
"Strahlungsfeld",12319
"Schmerztauscher",12320
"Serie-7 Golem herbeirufen",12323
"Serie-D Golem herbeirufen",12324
"Kraftanzug herbeirufen",12325
"Verwirrende Rede",12334
"Schmerzübertragung",12335
"Strahlungsentlüftung",12336
"Schrapnellmine",12337
"Kampfgebrüll",12338
"Versteckte Pistole",12339
"Unterstützungstrupp",12340
"Artilleriefeuer",12343
"Charrzooka",12344
"Rakete abfeuern",12345
"Raketen-Sperrfeuer",12346
"Raketensprung",12347
"Raketenteppich",12348
"Wärmesucher",12349
"Stärkendes Brüllen",12354
"Sprengfalle",12355
"Versteckte Pistolen",12357
"Gebet an Dwayna",12360
"Gebet an Kormir",12361
"Gebet an Lyssa",12362
"Balthasars Hunde",12363
"Grenths Schnitter",12367
"Eichenherz-Schwinger",12370
"Bindende Wurzeln",12371
"Avatar der Melandru beenden",12372
"Avatar der Melandru",12373
"Reinigende Blätter",12374
"Heilquelle herbeirufen",12375
"Brüllen des Waldes",12376
"Dwaynas Segen",12377
"Kormirs Segen",12378
"Lyssas Segen",12379
"Sturmangriff",12380
"Zum Bären werden",12385
"Den Bären freilassen",12386
"Eule rufen",12387
"Sprung",12389
"Geheul",12390
"Zum Wolf werden",12391
"Den Wolf freilassen",12392
"Herumschleichen",12399
"Zum Schneeleoparden werden",12401
"Den Schneeleoparden freilassen",12402
"Zum Raben werden",12403
"Den Raben freilassen",12404
"Sturmböe",12406
"Zerfetzende Krallen",12407
"Kreischen",12408
"Sturzangriff",12409
"Schwinger",12410
"Wurm rufen",12417
"Verkrüppelnder Schwinger",12421
"Zerfetzender Schwinger",12422
"Zerfetzender Hieb",12423
"Blutrausch",12424
"Anknurren",12425
"Preschen",12427
"Raserei",12429
"Knurren",12430
"Anspringen",12431
"Schwinger",12432
"Brutaler Schwinger",12433
"Heftiger Schwinger",12434
"Gebrüll",12435
"Zermalmen",12436
"Wurmei essen",12438
"Eulen-Ei essen",12439
"Heilender Samen",12440
"Druidengeist herbeirufen",12447
"Waldhund herbeirufen",12450
"Zupackende Ranken",12453
"Samen-Geschützturm",12456
"Wurzeln schlagen",12457
"Ranke werfen",12462
"Rankenschild",12463
"Blattverband",12465
"Abprallen",12466
"Giftsalve",12468
"Sperrfeuer",12469
"Kreuzfeuer",12470
"Hieb",12471
"Verkrüppelnder Stoß",12472
"Präzisions-Schwinger",12473
"Hieb",12474
"Heftprügel",12475
"Dornenfalle",12476
"Verkrüppelnde Kralle",12477
"Pirscherschlag",12478
"Spaltklinge",12480
"Schlangenschlag",12482
"Troll-Salbe",12483
"Donnerschlag",12485
"Dreck werfen",12486
"Zerschlitzen",12487
"Beständiges Schwingen",12488
"Heilquelle",12489
"Winterbiss",12490
"Siegel der Wildnis",12491
"Frostfalle",12492
"Sturmgeist",12493
"Blitzreflexe",12494
"Steingeist",12495
"Vipernnest",12496
"Frostgeist",12497
"Sonnengeist",12498
"Flammenfalle",12499
"Siegel des Steins",12500
"Schlammiges Terrain",12501
"Siegel der Erneuerung",12502
"Scheiterhaufen",12504
"Verkrüppelnder Schuss",12507
"Erschütterungsschuss",12508
"Schnellfeuer",12509
"Langdistanzschuss",12510
"Kurzdistanzschuss",12511
"Wunden lecken",12515
"\"Die Stärke des Rudels!\"",12516
"Schnellschuss",12517
"Sturzangriff",12521
"Gegenangriff",12522
"Gegenangriff Tritt",12523
"Zermalmen",12525
"Splitterschuss",12526
"Gnadenschuss",12527
"Fressrausch",12528
"Korallenschuss",12529
"Tintenentladung",12530
"Vipernnest",12533
"Frostfalle",12535
"Wetzstein",12537
"Siegel der Jagd",12542
"Beschleunigender Zephyr",12550
"Staatsqualle",12552
"Stechen",12553
"Stoßen",12555
"Toxischer Schlag",12556
"Wogender Schlund",12557
"Wirbelnder Schlag",12559
"Gegenschlag",12561
"Messer werfen",12566
"Geist der Natur",12569
"Flammenfalle",12570
"Jägerschuss",12573
"Umschlingen",12580
"Sonnenflecken",12597
"Blitz rufen",12598
"Beben",12599
"Kältewelle",12600
"Erneuerung der Natur",12601
"Jagdruf",12620
"Ruf der Wildnis",12621
"Gegenwurf",12630
"\"Beschütz mich!\"",12631
"\"Halt Wache!\"",12632
"\"Fass!\"",12633
"Fackel werfen",12635
"Pfad der Narben",12638
"Wirbelnde Verteidigung",12639
"Eisiger Biss",12656
"Mächtiges Gebrüll",12658
"Zerfetzendes Zermalmen",12664
"Abschütteln",12666
"Eisiges Gebrüll",12667
"Feuerodem",12670
"Gifthaken",12674
"Giftige Wolke",12675
"Zerfetzende Haken",12679
"Zerfleischendes Anspringen",12680
"Pirschen",12681
"Schwächendes Gebrüll",12685
"Giftwolke",12687
"Schwächendes Zermalmen",12688
"Eisiges Zermalmen",12689
"Giftiges Zermalmen",12690
"Zustände reinigen",12691
"Eisiges Anspringen",12693
"Kochen",12695
"Frostodem",12696
"Frostnova",12697
"Blitzodem",12698
"Stromschlag",12699
"Giftwolke",12700
"Insektenschwarm",12701
"Giftwolke",12702
"Regenerieren",12703
"Geißelschwanz-Gift",12704
"Benommenheitskreischen",12708
"Benommenheitskreischen",12709
"Eisiges Kreischen",12711
"Wütendes Kreischen",12712
"Schützendes Kreischen",12713
"Furchteinflößendes Geheul",12714
"Einschüchterndes Geheul",12715
"Geheul der Kühle",12716
"Regenerieren",12717
"Geheul des Rudels",12718
"Eisiger Hieb",12721
"Forscher Hieb",12722
"Blendender Hieb",12723
"Lähmendes Gift",12729
"Schwächendes Gift",12730
"Tödliches Gift",12731
"Nach Schwert wühlen",12732
"Betäubender Ansturm",12744
"Eisiger Wirbel",12748
"Immobilisierender Wirbel",12749
"Nach Stein wühlen",12754
"Nach Schuppe wühlen",12755
"Nach Federn wühlen",12756
"Fressrausch",12757
"Schattenschritt",13002
"Pfad der Messer",13003
"Doppelschlag",13004
"Rückenstich",13005
"Todesblüte",13006
"Diebischer Schlag",13007
"Bolaschuss",13008
"Zerschlitzen",13009
"Schattenschlag",13010
"Entladen",13011
"Kopfschuss",13012
"Stehlen",13014
"Schlag des Infiltrators",13015
"Flankierender Schlag",13016
"Tanzender Dolch",13019
"Skorpiondraht",13020
"Zurückziehen",13021
"Trickschuss",13022
"Erstickungsgas",13024
"Pfeil des Infiltrators",13025
"\"Tausend Nadeln\" vorbereiten",13026
"Schattenversteck",13027
"Krähenfüße",13028
"Pistolenschlag",13031
"Rauchbombe",13033
"Rolle für Initiative",13035
"Spinnengift",13037
"\"Schatten-Portal\" vorbereiten",13038
"Schattenschuss",13040
"Splitterbombe",13041
"Bombe detonieren",13043
"Blendendes Pulver",13044
"Assassinen-Siegel",13046
"Siegel der Bosheit",13050
"Skal-Gift",13055
"\"Gebiet abriegeln\" vorbereiten",13056
"\"Falle\" vorbereiten",13057
"Siegel der Schatten",13060
"Siegel der Beweglichkeit",13062
"Siegel des Infiltrators",13064
"Nebelwand",13065
"Beschleunigung",13066
"Schattenangriff",13068
"Flankierender Sturzflug",13069
"Schlepptau",13070
"Durchbohrender Schuss",13072
"Flut",13073
"Flüchten",13074
"Verkrüppelnder Schuss",13075
"Tintenschuss",13076
"Rauchspur",13078
"Tauchmesser",13079
"In der Tiefe verschwinden",13080
"Billiger Trick",13081
"Diebesgilde",13082
"Ausschaltender Schuss",13083
"Vitaler Schuss",13084
"Dolchsturm",13085
"Wilder Schlag",13087
"Hieb",13088
"Verschlinger-Gift",13093
"Eislindwurm-Gift",13096
"Herzsucher",13097
"Gebiet abriegeln",13099
"Schattenrückkehr",13106
"Lotus-Schlag",13108
"Drehfangzähne",13110
"Repetier",13111
"Stechen",13112
"Schwarzpulver",13113
"Taktischer Schlag",13114
"Überraschungsangriff",13115
"Verkrüppelnder Schlag",13116
"Schattenzuflucht",13117
"Stechen",13119
"Stoßen",13120
"Giftspitzen-Schlag",13121
"Neunschwänziger Schlag",13122
"Tödlicher Schlag",13125
"Zerfetzer",13126
"Rückkehr des Infiltrators",13128
"Überraschungsschuss",13129
"Haltung aufgeben",13130
"Basiliskengift",13132
"Giftiges Messer",13138
"Schattenflucht",13140
"Flammen-Verbannung",13334
"Geringeres Elixier B",13465
"Verbündeten-Schutz",13516
"Rauchbombe",13551
"Statische Entladung",13552
"Geringeres Symbol der Entschlossenheit",13677
"Geringeres Symbol des Schutzes",13684
"Geringerer Schild der Absorption",13688
"Geringerer Chaossturm",13733
"Geringerer Brunnen des Blutes",13849
"Geringere Rückenschauer",13906
"Geringeres Schwächen",13907
"Geringeres Zeichen des Blutes",13918
"Geringeres schlammiges Terrain",13938
"Geringere Krähenfüße",14136
"Rücksichtslose Wirkung",14268
"Zurückverwandeln",14350
"Ausweiden",14353
"Bolas werfen",14354
"Siegel der Rage",14355
"Großschwert-Schwung",14356
"Hammerschwung",14358
"Umwerfender Schlag",14359
"Kolbenhieb",14360
"Schildprügel",14361
"Schildhaltung",14362
"Sehnen-Schnitt",14363
"Arterienabtrennung",14364
"Schnittwunde",14365
"Wilder Satz",14366
"Schauer",14367
"Raserei",14368
"Hacken",14369
"Doppelhacker",14370
"Dreifachhacker",14371
"\"Schüttelt es ab!\"",14372
"Großschwert-Schlitzer",14373
"Brutaler Schlag",14374
"Bogenschlitzer",14375
"Streitkolben-Schmetterschlag",14376
"Streitkolben-Prügel",14377
"Pulverisieren",14378
"Bogenschuss",14381
"Hammerprügel",14384
"Hammer-Schmetterschlag",14385
"Erbitterter Schlag",14386
"Erderschütterer",14387
"Stampfen",14388
"Siegel der Heilung",14389
"Stein werfen",14390
"Rache",14391
"Schmerz ertragen",14392
"Sturmangriff",14393
"Ruf der Tapferkeit",14394
"Todesschuss",14396
"Axt werfen",14398
"Wirbelnde Axt",14399
"Riposte",14400
"Genesung",14401
"\"Bis ans Äußerste!\"",14402
"\"Für höhere Gerechtigkeit!\"",14403
"Siegel der Macht",14404
"Banner der Stärke",14405
"Berserkerhaltung",14406
"Banner der Disziplin",14407
"Banner der Taktik",14408
"\"Fürchtet mich!\"",14409
"Siegel der Wut",14410
"Ausgeglichene Haltung",14412
"Dolyak-Siegel",14413
"Schädel spalten",14414
"Beben",14415
"Salve",14416
"Doppelschlag",14418
"Kampfstandarte",14419
"Zyklonaxt",14421
"Ausweiden",14422
"Ausweiden",14423
"Ausweiden",14424
"Schädel spalten",14425
"Schädel spalten",14426
"Schädel spalten",14427
"Schauer",14428
"Schauer",14429
"Schauer",14430
"Doppelschuss",14431
"Erbitterter Schuss",14432
"Stechen",14437
"Stoßen",14438
"Aufspießen",14439
"Seemannsraserei",14440
"Parieren",14441
"Wirbelnder Schlag",14443
"Ansturm",14446
"Wirbelsturmangriff",14447
"Stachelzug",14448
"Fausthieb",14463
"Treten",14464
"Wiederholender Schuss",14465
"Durchbohrender Schuss",14466
"Knotenschuss",14467
"Heftiger Schuss",14469
"Heftiger Schuss",14470
"Heftiger Schuss",14471
"Explosives Geschoss",14472
"Todesschuss",14473
"Todesschuss",14474
"Todesschuss",14475
"Siegel der Ausdauer",14479
"Tsunami-Hieb",14480
"Geteilter Schuss",14481
"Hammerschock",14482
"Toben",14483
"Zerschmettern",14485
"Prügeln",14486
"Aufwärtshaken",14487
"Treten",14488
"Preschen",14489
"Seismischer Sprung",14490
"Endgültiger Stoß",14497
"Aufspießen",14498
"Zerstückeln",14501
"Treten",14502
"Knaufprügel",14503
"Festnageln",14504
"Schwelender Pfeil",14505
"Entzündender Schuss",14506
"Gegenschlag",14507
"Klingenspur",14510
"Rückenbrecher",14511
"Erderschütterer",14512
"Erderschütterer",14513
"Erderschütterer",14514
"Hammerwurf",14515
"Angriff des Bullen",14516
"Zermalmender Schlag",14518
"Feuerfächer",14519
"Entzündender Schuss",14520
"Entzündender Schuss",14521
"Entzündender Schuss",14522
"Banner der Verteidigung",14528
"Heftiger Schuss",14544
"Bogenschlitzer",14545
"Bogenschlitzer",14546
"Bogenschlitzer",14547
"Adrenalinschub",14548
"Wirbelnder Schlag",14549
"Wirbelnder Schlag",14550
"Wirbelnder Schlag",14551
"Seemannsschuss",14552
"Hundert Klingen",14554
"Felsbrocken werfen",14556
"Adrenalinschub",14557
"\"Schüttelt es ab!\"",14568
"Kampfstandarte",14569
"Banner der Verteidigung",14570
"Banner der Disziplin",14571
"Banner der Stärke",14572
"Banner der Taktik",14573
"\"Auf mein Zeichen!\"",14575
"Super-Elixier",15072
"Dunstklinge",15716
"Aufspießen",15717
"Drachenklaue",15718
"Qual",15773
"Nebelform",15795
"Schild des Urteils",15834
"Zurückverwandeln",15861
"Zurückverwandeln",15862
"Fliehen",15863
"Stampfen",16012
"Spucken",16013
"Klebspucke",16014
"Sprung",16027
"Stampfen",16040
"Klebspucke",16097
"Klebspucke",16098
"Drehschlag",16296
"Verschlungen",16298
"Gezeitenschock",16301
"Schallschrei",16426
"Schallbarriere",16427
"Nacht und Nebel",16432
"Schatten-Portal",16435
"Drehschlag",16918
"Fausthieb",16919
"Hämmern",16920
"Überlastung",16921
"Magnetischer Sprung",17008
"Flammenentladung detonieren",17260
"Mine ablegen",17810
"Magnetische Bombe",17811
"Supergeschwindigkeit",17812
"Feuerschild",17813
"Magnetaura",17814
"Klebstoffspur",17815
"Dhuum-Feuer",18504
"Zeichen des Schnitters",19115
"Zeichen der Verwesung",19116
"Zeichen des Blutes",19117
"Besudelte Fesseln",19504
"Elixier X",20451
"Zerfetzender Hieb",20975
"Schild-Schmetterschlag",21646
"Steinhülle",21647
"Arkane Brillanz",21656
"A.E.D.",21659
"Statischer Schock",21661
"Litanei des Zorns",21664
"Siegel des Äthers",21750
"Siegel des Vampirismus",21762
"Wassergeist",21773
"Aqua-Welle",21776
"Skelk-Gift",21778
"Geringeres \"Schmerz ertragen\"",21813
"Trotzhaltung",21815
"Nebelsperren-Instabilität: Erdbeben",22221
"Mystische Rüge",22499
"Geringeres reinigendes Feuer",22521
"Arkane Welle",22572
"Rakete",22573
"Raketenturm",22574
"Dhuum-Feuer",24287
"Blitzstab",24305
"Hinkauern",24329
"Giftnova",24356
"Erneuerung des Feuers",24407
"Erneuerung der Luft",24409
"Erneuerung des Wassers",24410
"Erneuerung der Erde",24411
"Siegel der Gnade",24414
"Siegel des Untodes",24544
"Tausend Schnitte",24755
"Schockblitz",25480
"Glyphe der geringeren Elementare",25486
"Glyphe der geringeren Elementare",25487
"Glyphe der Elementare",25488
"Glyphe der Elementare",25489
"Glyphe der Elementare",25490
"Glyphe der Elementare",25491
"Brechende Wellen",25492
"Glyphe der geringeren Elementare",25495
"Glyphe der geringeren Elementare",25497
"Stampfen",25498
"Flammen-Sperrfeuer",25499
"Trügerische Klinge",25513
"Illusion des Lebens",25541
"Geringerer arkaner Schild",25579
"Rachsüchtige Hämmer",26557
"Aspekt der Stärke",26644
"Offenkundiges Gift",26666
"Erzwungene Bindung",26679
"Widerstand der Finsternis",26693
"Unablässiger Angriff",26699
"Qualenhieb",26730
"Schützender Trost",26821
"Verzauberte Dolche",26937
"Hämmer werfen",26956
"Aspekt der Elemente",27014
"Natürliche Harmonie",27025
"Zwangsversetzung",27063
"Elendshieb",27066
"Todesschlag",27074
"Blick der Dunkelheit",27080
"Unmögliche Aussichten",27107
"Elementar-Entladung",27162
"Kuppel der Nebel",27198
"Aspekt des Lichts",27220
"Licht spenden",27228
"Springendes Schlitzen",27280
"Schmerzabsorption",27322
"Energie-Ausstoß",27356
"Beruhigender Stein",27372
"Verzauberungsverbannung",27505
"Hieb",27510
"Trost-Abschwächung",27628
"Feld der Nebel",27665
"Reinigende Essenz",27715
"Aspekt des Chaos",27760
"Rachsüchtige Entladung",27792
"Ruf zur Qual",27917
"Widerhallende Eruption",27964
"Ritus des Großen Zwergs",27975
"Phasenschmettern",27976
"Eisiger Blitz",28029
"Chaotische Freisetzung",28075
"Legendäre Drachenform",28085
"Den Hammer fallen lassen",28110
"Salve der Stärke",28113
"Legendäre Assassinenform",28134
"Essenz-Zehrung",28180
"Legendäre Zentaurenform",28195
"Ermächtigendes Elend",28219
"Phasenwanderung",28231
"Verschmelzung des Verderbens",28253
"Kristalliner Winterschlaf",28262
"Dunkle Umarmung",28287
"Versengender Spalt",28357
"Aspekt der Dunkelheit",28379
"Kraft ablegen",28382
"Zermalmen",28405
"Jadewind",28406
"Temporaler Riss",28409
"Legendäre Zwergenform",28419
"Ventaris Wille",28427
"Fesselnde Welle",28472
"Legendäre Dämonenform",28494
"Inspirierende Verstärkung",28516
"Hammerblitz",28549
"Vorbereitung des Duellanten",28571
"Todesschlag",28625
"Zündender Brand",28692
"Speer der Pein",28714
"Frostige Entladung",28797
"Brand verschlingen",28815
"Giftsphäre",28827
"Schneller Angriff",28915
"Riss-Barriere",28930
"Riss-Hieb",28964
"Schub der Nebel",28978
"Verjüngender Angriff",29002
"Vorbereitender Stoß",29057
"Natürliche Harmonie",29082
"Energie-Ausstoß",29114
"Heilkundige Rüge",29145
"Innere Ruhe projizieren",29148
"Schneller Schwinger",29180
"Reinigende Essenz",29197
"Entgegnende Schatten",29209
"Kühlende Isolation",29233
"Schwanzstich",29248
"Brutale Klinge",29256
"Abwehrender Riss",29288
"Schützender Trost",29310
"Erneuernde Welle",29321
"Heftiges Prügeln",29331
"Aspekt der Natur",29371
"Bote der Ausgelassenheit",29386
"Wahre Natur",29393
"\"Ihr seid alle Schwächlinge!\"",29414
"Wasserüberlastung",29415
"Lebenszerfetzer",29442
"Geringerer Ruf der Wildnis",29449
"Sandschwall",29453
"Lebenshieb",29458
"Detonieren",29473
"Wiederherstellungsfeld",29505
"Elixier X werfen",29515
"Effekt-Schlag",29516
"Vorratskisten-Geschütztürme detonieren",29518
"Siegel der Demut",29519
"Ewiger Champion",29521
"Raketenschuhe",29522
"Brunnen der Prophetie",29526
"Lauffeuer",29533
"\"Spült den Schmerz fort!\"",29535
"Verbandsentladung",29547
"Hitzesynchronisierung",29548
"Glyphe der Gezeiten",29558
"Boshafter Geist",29560
"Mime",29578
"Hilfsschutzbrille",29591
"Kühlende Nova",29604
"Unsichtbare Analyse",29606
"Abtrennender Sprung",29613
"Erdüberlastung",29618
"Ablenkender Schuss",29630
"Todesschlag",29639
"Flammengeschoss",29644
"Déjà-vu",29649
"Umleitungs-Überzug",29665
"\"Nichts kann Euch retten!\"",29666
"Schädelbrecher",29679
"Dämmerschlag",29705
"Feuerüberlastung",29706
"Schrecken versetzen",29709
"Reinigender Impuls",29712
"Medizinpaket-Lieferung",29716
"Luftüberlastung",29719
"Elixier X detonieren",29722
"Säuberungs-Gyroskop",29739
"Zupackende Dunkelheit",29740
"Selbst verarzten",29772
"Negatives Prügeln",29785
"Glaubensprüfung",29786
"Symbol der Energie",29789
"Geringere Hilfsschutzbrille",29812
"Kontinuum-Spaltung",29830
"Schockschild",29840
"Feuerbrecher",29845
"Bogenspalter",29852
"Anbruch der Nacht",29855
"Brunnen der Senilität",29856
"Kühlende Sense",29867
"Speer der Gerechtigkeit",29887
"Zielsuchende Rakete",29889
"Geringes Siegel des Vampirismus",29894
"Schmiere fallenlassen",29902
"Mörserkit verstauen",29905
"Schwächender Wirbel",29911
"Zerfetzer-Gyroskop",29921
"Verbrannte Erde",29923
"Flammen des Krieges",29940
"Wilder Stoß",29941
"\"Schockgefrieren!\"",29948
"Schrecken einflößen",29958
"\"Spürt meinen Zorn!\"",29965
"\"Abpraller!\"",29968
"Geringeres Siegel der Macht",29977
"Persönlicher Rammbock",29991
"Zyklon",30008
"Reinwaschung",30025
"Verteidigungsfeld",30027
"Schild der Tapferkeit",30029
"Elixiergeschoss",30032
"Schild der Tapferkeit",30039
"\"Das Auge des Sturms!\"",30047
"Zerschmetternder Stoß",30074
"Aufwärtshaken",30077
"Schwingen der Entschlossenheit",30083
"Elektrowirbel",30088
"Bollwerk-Gyroskop",30101
"\"Durchgefroren bis auf die Knochen!\"",30105
"Blitzgeschoss",30121
"\"Suchen und Retten!\"",30123
"Stab-Prügel",30135
"Verband",30142
"Totengräber",30163
"Geringere Kraftläuterung",30166
"Berserker",30185
"Blutige Abrechnung",30189
"Haken-Schlag",30210
"Schwingen der Entschlossenheit",30225
"Wahrer Schuss",30229
"Vorratskisten überladen",30230
"Glyphe der Gezeiten",30238
"Geringere Beschleunigung",30239
"Geringeres Siegel des Zorns",30255
"Empörung",30258
"Enttarnungspuls",30262
"Vorratskisten überladen",30264
"Drachenschlund",30273
"Lebensschnitter",30278
"Chemikalienfeld",30279
"Schwingen der Entschlossenheit",30286
"Brunnen der Ewigkeit",30305
"Endothermisches Geschoss",30307
"Staubsturm",30336
"Mine werfen",30337
"Kopfstoß",30343
"Sani-Gyroskop",30357
"Gravitationsbrunnen",30359
"Prozession der Klingen",30364
"Schädigende Dolche",30369
"Mörserschuss",30371
"Kanalisierter Elan",30400
"\"Nachbeben!\"",30432
"Strafende Schläge",30434
"Berserker",30435
"Wasserkugel",30446
"Glyphe der Gezeiten",30448
"Siegel der Tapferkeit",30461
"Durchbohrender Schuss",30471
"\"Eure Seele gehört mir!\"",30488
"Ausgleichender Schlag",30489
"Positiver Schlag",30501
"Seelenspirale",30504
"Reflektierender Schlag",30519
"Entkräftender Bogen",30520
"Medizinstrahler",30521
"Brunnen des Verhängnisses",30525
"Fragmente des Glaubens",30553
"Sense des Henkers",30557
"Ablenkende Dolche",30568
"Medizinpaket-Lieferung",30588
"Sprung",30597
"Orbitalschlag",30599
"Stab-Schlag",30614
"Jägerschutz",30628
"Wogen der Zeit",30643
"Verteidigung des Banditen",30661
"\"Spürt das Brennen!\"",30662
"Raketensturm",30665
"\"Leidet!\"",30670
"Flammen-Schauer",30682
"Handflächenschlag",30693
"Donnerschlag",30713
"Elixier X werfen",30725
"Kontinuum-Verschiebung",30747
"Gedächtnisecho",30769
"Lungen-Schlag",30770
"\"Erhebt euch!\"",30772
"Staubschlag",30775
"Schwingen der Entschlossenheit",30783
"Schleier des Schnitters",30792
"Kugelblitz",30795
"Verlöschendes Zwielicht",30799
"Elite-Mörserkit",30800
"Brunnen der Tat",30814
"Schleich-Gyroskop",30815
"Sturmangriff des Todes",30825
"Schleimspur",30828
"Köpfen",30851
"Todesspirale",30860
"Flutwoge",30864
"Fausthagel",30868
"Urteil des Lichts",30871
"Aufbrechendes Schmettern",30879
"A.E.D.",30881
"Giftgasgeschoss",30885
"Mine einsetzen",30893
"Schleier des Schnitters verlassen",30961
"Brennende Fesseln",30989
"Wilder Wirbel",31048
"Ruf zur Qual",31100
"Hüpfer",31129
"Reinigende Flammen",31159
"Ersatzkondensator",31167
"Preschen",31187
"Explosions-Gyroskop",31248
"Aufspießender Lotus",31267
"Jadewind",31294
"Zuflucht",31295
"Mond-Einschlag",31318
"Glyphe der Ausrichtung",31322
"Zeitbombe",31324
"Verteilte Magie",31340
"Schreckliches Toben",31344
"Glyphe der Ausrichtung",31348
"Stachelsperrfeuer",31367
"Magische Aura",31375
"Hitze",31390
"Verteilte Magie",31391
"Instabile Magiespitze",31392
"Böser Schwinger",31396
"Glyphe der Gleichheit",31401
"Zerschmettern",31403
"Saat des Lebens",31406
"Glyphe der Verjüngung",31407
"Schreckliches Toben",31410
"Himmlischen Avatar freisetzen",31411
"Magie-Sturm",31419
"Essenz-Zehrung",31438
"Fausthieb",31442
"Wütendes Anspringen",31451
"Verzehrende Flamme",31459
"Magische Aura",31462
"Heimsuchende Aura",31483
"Schnellschuss",31491
"Grandiose Umwandlung",31496
"Natürliche Konvergenz",31503
"Verteilte Magie",31529
"Anmut der Ahnen",31535
"Instabiler Pylon",31539
"Flakgeschoss",31544
"Magische Aura",31557
"Schreckliches Toben",31565
"Rauchwolke",31568
"Glyphe der Einheit",31582
"Glyphe der Ausrichtung",31607
"Schreckliches Toben",31622
"Gefängnis des Grauens",31623
"Ihr werdet Euch uns anschließen",31624
"Fausthieb",31636
"Blitzangriff",31639
"Kanonensperrfeuer",31643
"Glyphe der Gleichheit",31658
"Glyphe der Sterne",31677
"Rankenwelle",31700
"Solarstrahl",31710
"Tritt",31720
"Kugelhagel",31721
"Essenz-Zehrung",31723
"Zwangsversetzung",31727
"Glyphe der Einheit",31740
"Glyphe der Gleichheit",31746
"Schreckliches Toben",31747
"Verteilte Magie",31750
"Verknüpfte Zündung",31760
"Flammenentladung",31761
"Plattform-Beben",31763
"Verteilte Magie",31769
"Explosion",31788
"Ektoplasma",31792
"Geschoss-Sturm",31793
"Kosmischer Strahl",31796
"Glyphe der Verjüngung",31819
"Hitze",31820
"Instabiler Pylon",31828
"Instabile Magiespitze",31860
"Geisterwut",31861
"Glyphe der Verjüngung",31867
"Himmlischer Avatar",31869
"Spektraler Einschlag",31875
"Instabiler Pylon",31884
"Magische Aura",31885
"Magischer Impuls",31886
"Glyphe der Einheit",31888
"Astrales Irrlicht",31889
"Verjüngende Gezeiten",31894
"\"Wir heilen wie ein Wesen!\"",31914
"Saat des Lebens",32242
"Verjüngende Gezeiten",32253
"Mond-Einschlag",32364
"Ritus des Großen Zwergs",32588
"Urteil des Jägers",33134
"Kosmischer Strahl",33387
"Natürliche Konvergenz",34070
"Plattform-Zerstörung",34112
"Zeitbombe",34152
"Plattform-Zerstörung",34174
"Brutaler Schuss",34296
"\"Suchen und Retten!\"",34309
"Reaktion",34326
"Feger",34335
"Brunnen des Profanen",34336
"Schwingen",34343
"Feuriger Vortex",34344
"Unablässiger Angriff",34345
"Schwingen",34353
"Peinigender Biss",34354
"Schneesturm",34356
"Stoßen",34359
"Spontane Verbrennung",34363
"Blutender Biss",34368
"Bedrückender Blick",34371
"Sprühflammen",34375
"Bedrückender Blick",34380
"Kugelhagel",34383
"Flüchtiges Gift",34387
"Schwingen",34388
"Unablässiger Angriff",34396
"Scharfschütze",34398
"Scherben der Rage",34404
"Scherben der Rage",34411
"Kapitulation",34413
"Flakgeschoss",34417
"Verwundungsspucke",34431
"Brennspucke",34438
"Blutscherben",34440
"Überkopf-Schmetterschlag",34448
"Instabile Blutmagie",34450
"Feger",34455
"Giftspucke",34460
"Verlangsamendes Klopfen",34462
"Langsames Brennen",34464
"Feuriger Vortex",34466
"Verderbnis",34473
"Tobsuchtsanfall",34479
"Blutscherben",34480
"Flüchtiges Gift",34481
"Sporen-Freisetzung",34482
"Giftspritzer",34488
"Verkrüppelndes Klopfen",34503
"Flüchtige Aura",34505
"Mundgeruch",34516
"Hitzewelle",34526
"Eifriger Segensspruch",34528
"Toxische Wolke",34537
"Donner",34543
"Wolkenbruch",34554
"Toxische Wolke",34565
"Korrodierender Rückstand",34569
"Glyphe der Elementar-Harmonie",34609
"Glyphe der Elementar-Kraft",34637
"Glyphe der Elementar-Harmonie",34651
"Glyphe der Elementar-Kraft",34714
"Glyphe der Elementar-Harmonie",34724
"Glyphe der Elementar-Kraft",34736
"Glyphe der Elementar-Harmonie",34743
"Glyphe der Elementar-Kraft",34772
"Magieentladung",34894
"Entwirrender Strom",34910
"Temporaler Vortex",34913
"Störender Schauer",34916
"Zerebralhieb",34922
"Konstrukt-Aura",34946
"Hieb",34953
"Chaosdunst",34963
"Trügerische Klingen",34971
"Störende Raserei",35009
"Wut Xeras",35031
"Schwinger",35047
"Trügerische Klingen",35064
"Wuthagel",35077
"Trügerische Klingen",35082
"Turmfall",35086
"Teleportverschiebungsfeld",35116
"Temporales Zerreißen",35128
"Trügerische Klingen",35137
"Peinigender Schaufler",35139
"Rückhandschlag",35142
"Auf die Zwölf",35154
"Illusionärer Schuss",35164
"Überkopf-Schmetterschlag",35167
"Elementar-Requiem",35224
"Staubangriff",35304
"Schwert der Dezimierung",35637
"Steinwurf",35822
"Krebse herbeirufen",36281
"Hieb",36488
"Schauer",36995
"Zyklon",37060
"Sprung",37197
"Stoßen",37607
"Räumliche Manipulation",37611
"Geist zerschlagen",37613
"Räumliche Manipulation",37629
"Orbitalstreich",37631
"Räumliche Manipulation",37642
"Streitkolben-Schmetterschlag",37660
"Räumliche Manipulation",37673
"Soldaten-Aura",37677
"Reue",37703
"Schneller Verfall",37716
"Geteilte Qual",37775
"Einschlag",37784
"Jade-Explosion",37788
"Trampelnder Ansturm",37797
"Seelenschmaus",37805
"Speer-Einschlag",37816
"Klaue",37843
"Unausweichlicher Verrat",37851
"Dämonische Aura",37872
"Kanalisierte Qual",37873
"Dämonische Projektion",37881
"Seelenschwarm",37892
"Abbild-Puls",37901
"Gravitationswelle",37910
"Speer-Einschlag",37927
"Vernichten",37929
"Schmerzensgeheul",37940
"Straf-Aura",37952
"Trampelnder Ansturm",37974
"Dämonische Schockwelle",37980
"Dämonische Schockwelle",37982
"Kosmische Aura",37989
"Schockwelle",37996
"Prügelstrafe",38006
"Sauls Gunst",38007
"Brutal angehen",38013
"Gefängnismesser",38040
"Dämonische Schockwelle",38046
"Reue",38055
"Energiewelle",38060
"Räumliche Manipulation",38074
"Stoßen",38094
"Einschlag",38102
"Verschiebung",38113
"Reue",38116
"Gefangenenfeger",38168
"Speer-Rückkehr",38180
"Gegnerisches Feld",38184
"Schwacher Geist",38187
"Vernichten",38208
"Geteilte Qual",38210
"Aufspießender Stich",38231
"Unausweichlicher Verrat",38236
"Brutale Aura",38258
"Unausweichlicher Verrat",38260
"??",38266
"Unausweichlicher Verrat",38268
"Spalten",38273
"Räumliche Manipulation",38302
"Zorn",38304
"Knüppel",38305
"Meteorschwarm",38313
"Schmerzensblitz",38314
"Urteil des Krieges",38451
"Raketenturm detonieren",38748
"Vorratskisten-Geschütztürme detonieren",38750
"Unheilige Salve",38767
"Überkopf-Schmetterschlag",38844
"Nebelgeladener Hieb",38846
"Purpurne Morgenröte",38847
"Spiralschlag",38849
"Vorübergehende Neuorganisation",38858
"Riesenschuss",38863
"Purpurne Morgenröte",38865
"Astrale Welle",38867
"Diffraktions-Schneide",38874
"Horizontalschlag",38878
"Purpurne Morgenröte",38881
"Strahlende Wut",38889
"Kopftritt",38894
"Strafender Tritt",38896
"Murmelschuss",38897
"Solarblitz",38920
"Purpurne Morgenröte",38924
"Strahlende Wut",38926
"Horizontalschlag",38927
"Solarblitz",38941
"Kreisel",38942
"Purpurne Morgenröte",38954
"Strahlenkranz-Kaskade",38966
"Sprung",38977
"Strahlenkranz-Kaskade",38982
"Pulsarentladung",38986
"Purpurne Morgenröte",38987
"Murmelschuss",38991
"Horizontalschlag",39001
"Supernova",39005
"Horizontalschlag",39007
"((804376))",39011
"Schnellsprung",39013
"Strahlenkranz-Kaskade",39018
"Horizontalschlag",39019
"Kosmische Strahlen",39021
"Horizontalschlag",39025
"Rote Murmel",39029
"Horizontalschlag",39031
"Purpurne Morgenröte",39033
"Astrale Welle",39035
"Blendende Strahlung",39037
"Solarblitz",39039
"Horizontalschlag",39053
"Riesenschuss",39054
"Kranial-Kaskade",39063
"Horizontalschlag",39064
"Versenken",39078
"Blitzstrahl",39082
"Purpurne Morgenröte",39093
"Feuerodem",39099
"Stromschlag",39103
"Nebelbombe",39107
"Horizontalschlag",39110
"Stoß-Kombo",39116
"Sprengen",39122
"Welle der Verstümmelung",39133
"Horizontalschlag",39135
"Solarblitz",39136
"Solarentladung",39138
"Konzentrierter Ärger",39139
"Purpurne Morgenröte",39146
"Purpurne Morgenröte",39152
"Murmelschuss",39160
"Bogenschuss",39163
"Murmelschuss",39171
"Astrale Welle",39185
"Purpurne Morgenröte",39186
"",39195
"Konzentrierter Ärger",39198
"Entladung",39200
"Konzentrierte Rage",39204
"Horizontalschlag",39212
"Diffraktions-Schneide",39213
"Purpurne Morgenröte",39215
"Sprengen",39216
"Bogenschuss",39217
"Kranial-Kaskade",39220
"Riesenschuss",39222
"Supernova",39225
"Solarzyklon",39228
"Murmelschuss",39232
"Sengende Hitze",39235
"Strahlendes Lächeln",39238
"Horizontalschlag",39242
"Vernichten",39247
"Konzentrierte Rage",39251
"Diffraktions-Schneide",39253
"Diffraktions-Schneide",39254
"Konzentrierter Ärger",39257
"Purpurne Morgenröte",39261
"",39263
"Horizontalschlag",39267
"Strahlenkranz-Kaskade",39274
"Körperliche Umwandlung",39275
"Horizontalschlag",39276
"Horizontalschlag",39278
"Kraft des Albtraums",39284
"Rollendes Chaos",39291
"Horizontalschlag",39297
"Solarstampfer",39298
"Blendende Strahlung",39299
"Purpurne Morgenröte",39300
"Solarwut",39303
"Murmelschuss",39306
"Konzentrierte Rage",39308
"Solarblitz",39313
"Konzentrierter Ärger",39319
"Supernova",39321
"Bogenschuss",39322
"Horizontalschlag",39323
"Purpurne Morgenröte",39332
"Horizontalschlag",39335
"Diffraktions-Schneide",39345
"Rollendes Chaos",39346
"Nebelbombe",39350
"Buntglas-Murmel",39357
"Horizontalschlag",39363
"Aufwärtshaken",39375
"Brennende Hetze",39377
"Strahlenkranz-Kaskade",39383
"Stoß-Kombo",39388
"Purpurne Morgenröte",39392
"Kranial-Kaskade",39394
"Purpurne Morgenröte",39395
"Klicker-Ring",39398
"Überkopf-Schmetterschlag",39401
"Blendende Strahlung",39416
"Murmelschuss",39417
"Astrale Welle",39419
"Schrot",39422
"Horizontalschlag",39423
"Horizontalschlag",39426
"Brennende Hetze",39427
"Fliegendes Knie",39433
"Strahlende Wut",39434
"Blendende Strahlung",39442
"Konzentrierter Ärger",39450
"Murmelschuss",39454
"Horizontalschlag",39458
"Aufwärtshaken",39466
"Teleport-Ausfall",39469
"Vernichten",39470
"Diffraktions-Schneide",39478
"Nebelgeladener Hieb",39479
"Strafender Tritt",39482
"Purpurne Morgenröte",39483
"Horizontalschlag",39485
"Sprengen",39491
"Buntglas-Murmel",39495
"Fliegendes Knie",39504
"Horizontalschlag",39507
"Schnellsprung",39514
"Strafender Tritt",39520
"Nebelgeladener Hieb",39521
"Strahlenkranz-Kaskade",39523
"Konzentrierter Ärger",39526
"Kranial-Kaskade",39534
"Geteilter Schock",39539
"Zack",39540
"Purpurne Morgenröte",39541
"Sprengen",39551
"Klicker-Ring",39557
"Purpurne Morgenröte",39564
"Diffraktions-Schneide",39572
"Nebelschmetterschlag",39575
"Diffraktions-Schneide",39579
"Brennende Hetze",39581
"Kopftritt",39582
"Horizontalschlag",39583
"Horizontalschlag",39590
"Murmelschuss",39602
"Blendende Strahlung",39607
"Murmelschuss",39609
"Brennende Hetze",39615
"Strafender Tritt",39619
"Buntglas-Murmel",39628
"Nebelbombe",39638
"Purpurne Morgenröte",39646
"Stoßen",39648
"Horizontalschlag",39653
"Solarblitz",39664
"Solarwut",39667
"Konzentrierter Ärger",39668
"Purpurne Morgenröte",39673
"Rollendes Chaos",39674
"Solarwut",39684
"Horizontalschlag",39685
"Kranial-Kaskade",39686
"Solarentladung",39691
"Konzentrierter Ärger",39694
"Teleport-Ausfall",39701
"Astrale Welle",39708
"Konzentrierte Rage",39711
"Purpurne Morgenröte",39713
"Horizontalschlag",39714
"Solarwut",39728
"Rollendes Chaos",39734
"Buntglas-Murmel",39745
"Purpurne Morgenröte",39746
"Murmelschuss",39748
"Diffraktions-Schneide",39755
"Solarblitz",39760
"Horizontalschlag",39765
"Horizontalschlag",39770
"Konzentrierte Rage",39775
"Supernova",39782
"Diffraktions-Schneide",39787
"Entladung",39788
"Horizontalschlag",39790
"Konzentrierter Ärger",39795
"Verdorbener Grund",39801
"Bogenschuss",39816
"Solarentladung",39823
"Purpurne Morgenröte",39829
"Diffraktions-Schneide",39830
"Horizontalschlag",39839
"Strahlende Wut",39845
"Pulsarentladung",39847
"Solarblitz",39848
"Sprengen",39849
"Horizontalschlag",39853
"Horizontalschlag",39854
"Solarentladung",39857
"Rote Murmel",39863
"Kegelkugel",39867
"Solarwut",39874
"Konzentrierter Ärger",39875
"Horizontalschlag",39879
"Purpurne Morgenröte",39884
"Strahlende Wut",39886
"Horizontalschlag",39889
"Rollendes Chaos",39894
"Purpurne Morgenröte",39895
"Strafender Tritt",39910
"Spiralschlag",39911
"Stoßen",39915
"Brennende Hetze",39916
"Überkopf-Schmetterschlag",39920
"Purpurne Morgenröte",39924
"Welle der Panik",39959
"Wärme stehlen",39960
"Feuerschlag",39964
"Dämpfer",39972
"Schwinger der Erweckten Soldaten",39977
"Erdschneise",39981
"Feuerbolzen",40078
"Zermalmender Schlag",40084
"Betäubende Sporen",40111
"Omen der Freiheit",40114
"Widerstand stehlen",40133
"Rost-Raserei",40139
"Strahlender Bogen",40160
"Natürliche Raserei",40170
"Pfad des Blutbanns",40175
"Uranfängliche Haltung",40183
"Chaosvortex",40184
"Unechte Oase",40200
"Doppelte Lava-Axt",40229
"Rauchangriff",40255
"Spur der Pein",40274
"Kühner Schlag",40275
"Führender Schwinger",40301
"Feuerschwinger",40326
"Druckentladung",40332
"Hydrothermaler Schlot",40378
"Vorstoß des Todes",40436
"Eisklinges Ingrimm",40485
"Schmetterschuss",40497
"Geierhaltung",40498
"Kühlmittel-Entladung",40507
"Wand schleudern",40533
"Fokussierter Hieb",40560
"Urgebrüll",40588
"Knien",40600
"Erderschütterer",40601
"Symbol der Rache",40624
"Beißen",40625
"Einschüchternder Kampfschrei",40643
"Irdener Vortex",40709
"Tödliche Zielkunst",40710
"Irdischer Einschlag",40729
"Riesiger Schauer",40791
"Irdene Synergie",40794
"Schändliche Gunst",40813
"Tödlicher Tritt",40857
"Präzision stehlen",40888
"Lebenspunkte stehlen",40903
"Stärke stehlen",40904
"Mantra der Wirksamkeit",40915
"Schleifsteine",40963
"Elementar-Kompression",41001
"Stehende Welle",41052
"Kristallsand",41065
"Freie Aktion",41068
"Natürliche Heilung",41100
"Schädel spalten",41110
"Hallendes Zerschmettern",41119
"Photonenschmiede deaktivieren",41123
"Plasmasprengung",41125
"Fangzahngriff",41156
"Schatten-Leuchtkugel",41158
"Spiegelschläge",41164
"Wasser abzapfen",41167
"Monsun",41184
"Bindender Schatten",41205
"Stachelregen",41206
"Spektrum-Schild",41218
"Finsterklinges Wagnis",41220
"Riesiger Stampfer",41247
"Segenzermalmer",41283
"Geschützfeuer der Zitadelle",41294
"Trügerische Sucheraxt",41324
"Ungehinderter Vortrag",41328
"Heftiger Schuss",41330
"Gnade",41372
"Folianten verstauen",41380
"Zermalmen",41406
"Brutales Zielvermögen",41422
"Verschlinger-Rückzug",41461
"Wohltuende Atempause",41475
"Gefechtsschuss",41494
"Geschützfeuer der Zitadelle",41513
"Tritt",41524
"Zuschnappen",41537
"Verwundender Schlag",41543
"Schild des Rächers",41571
"Schwanzschlag",41575
"Orbitalbefehlsschlag",41612
"Schlangenzapfer",41615
"Blitz-Klinge – Sturm",41684
"Plasmatischer Schlag",41712
"Mantra des Trostes",41714
"Kreischen",41721
"Wirbelnder Schlag",41746
"Foliant der Entschlossenheit",41780
"Schlangenstiche",41800
"Flammenklinge",41820
"Siebenfachschuss",41829
"Dunkles Wasser",41837
"Prismatische Singularität",41843
"Legendäre Abtrünnigenform",41858
"Hieb",41860
"Schnabelhieb",41887
"Flügelstoß",41908
"Unmittelbare Bedrohung",41919
"Rückzug des Todes",41937
"Überwältigende Flinkheit",41988
"Erstklassiger Lichtstrahl",42009
"Todesschuss",42041
"Beflügelndes Kreischen",42042
"Klingensalve",42163
"Blendendes Gebrüll",42180
"Feuriger Frost",42181
"Umgestalteter Illusionisten-Spiegel",42183
"Kristalliner Einschlag",42235
"Foliant der Tapferkeit",42259
"Zwillingsschlag",42271
"Sandschatten manifestieren",42297
"Äthersperrfeuer",42304
"Pfahlramme",42321
"Dampfwelle",42330
"Schreckliche Bresche",42355
"Echo der Wahrheit",42360
"Foliant der Tapferkeit",42371
"Aschen-Entladung",42379
"Geringeres Siegel des Steins",42470
"Greller Hieb – Sturm",42475
"Schauer",42494
"Holografische Schockwelle",42521
"Zertrümmernder Hieb",42575
"Ausfall",42577
"Bogenschlitzer",42707
"Schutz",42717
"Präziser Schnitt",42745
"Lasst Leutnant Seelenhieb wegtreten.",42752
"Stürmender Biss",42797
"Entzündender Schuss",42803
"Irdischer Einschlag",42809
"Geschützfeuer der Zitadelle",42836
"Laserscheibe",42842
"Illusionsvorstoß",42851
"Zeit stehlen",42863
"Anfangspassage",42864
"Scherende Klinge",42867
"Brutaler Sturmangriff",42894
"Eliminierung",42907
"Geringere Steinresonanz",42913
"Sandwoge",42917
"Flammenwoge",42924
"Austrocknen",42935
"Photonenschmiede aktivieren",42938
"Bestienmodus",42944
"Klingenklaues Rage",42949
"Brechender Schlag",42954
"Erfrischende Atempause",42960
"Savannenschlag",42963
"Holo-Sprung",42965
"Wirkungsvolle Beschleunigung",42983
"Bestienmodus verlassen",43014
"Schmerz trotzen",43060
"Sand durch Glas",43064
"Schwanzhieb",43068
"Pyrovortex",43074
"Kristalliner Schlag",43080
"Verzauberungen brechen",43123
"Beißen",43136
"Sandflackern",43148
"Blitzfunke",43176
"Heilwolke",43186
"Sich brechende Welle",43199
"Klingenerneuerung",43343
"Mantra der Befreiung",43357
"Haltbarkeit stehlen",43373
"Einleitender Hieb",43375
"Scharfschützenziel",43390
"Kristallschleuder",43434
"Sand-Kaskade",43448
"Teerbecken",43459
"Sonnen-Schneide",43476
"Flüchtige Stabilität",43488
"Bannbrecher-Fessel",43532
"Doppelbogen",43536
"Rasender Angriff",43548
"Bogen der Wahrheit",43565
"Ausweiden",43566
"Plasmastrahl",43576
"Kristallhieb",43616
"Hitze ablassen",43630
"Kopframme",43636
"Sich selbst weben",43638
"Sengender Hieb",43657
"Giftgas",43671
"Photosynthese",43701
"Verkrüppelnder Sprung",43726
"Photonenwand",43739
"Sicht jenseits der Sicht",43745
"Äxte der Symmetrie",43761
"Pyroklastische Sprengung",43762