"Kettenpanzer-Beinkleid",1
"Kettenpanzer-Brustschutz",2
"Lehrlings-Hose",3
"Lehrlings-Wams",4
"Rohleder-Beinkleid",5
"Rohleder-Weste",6
"Schlitzohr-Beinschutz",7
"Schlitzohr-Brustschutz",8
"Seher-Wams",9
"Seher-Hose",10
"Leisetreter-Beinkleid",11
"Leisetreter-Wams",12
"Rustikales Wams",13
"Abgenutzter Ketten-Beinschutz",14
"Lehrlings-Schuhe",16
"Beschlagenes Wams",17
"Rustikale Hose",18
"Rohleder-Stiefel",19
"Kettenpanzer-Stulpenhandschuhe",20
"Abgenutztes Ketten-Wams",21
"Beschlagene Hose",22
"Abgenutzter Schuppen-Beinschutz",23
"Abgenutztes Schuppen-Wams",24
"Lehrlings-Handschuhe",25
"Kettenpanzer-Schultern",26
"Schlitzohr-Beinschienen",27
"Betrüger-Hose",28
"Lehrlings-Schultern",29
"Seher-Stiefel",30
"Betrüger-Wams",31
"Rohleder-Handschutz",32
"Schlitzohr-Stulpenhandschuhe",33
"Magiekundigen-Beinschutz",34
"Leisetreter-Sandalen",35
"Rohleder-Schultern",36
"Magiekundigen-Wams",37
"Schlitzohr-Schulterschutz",38
"Seher-Handschuhe",39
"Abgenutzte Ketten-Beinschienen",40
"Verstärkter Schuppen-Beinschutz",41
"Verstärktes Schuppen-Wams",42
"Leisetreter-Handschuhe",43
"Freibeuter-Hose",44
"Seher-Überwurf",45
"Freibeuter-Wams",46
"Leisetreter-Schulterschützer",47
"Beschlagene Stiefel",48
"Kabbalisten-Beinschutz",49
"Abgenutzte Ketten-Stulpenhandschuhe",50
"Kabbalisten-Wams",51
"Abgenutzter Ketten-Schulterschutz",52
"Rustikale Stiefel",53
"Beschildetes Wams",54
"Beschildeter Beinschutz",55
"Rustikale Handschuhe",56
"Schurken-Hose",57
"Schurken-Wams",58
"Beschlagene Handschuhe",59
"Betrüger-Schulterschutz",60
"Beschwörer-Hose",62
"Beschwörer-Brustschutz",63
"Rustikaler Überwurf",64
"Abgenutzte Schuppen-Stiefel",65
"Abgenutzter Schuppen-Schulterschutz",66
"Betrüger-Stiefel",67
"Abgenutzte Schuppen-Stulpenhandschuhe",68
"Magiekundigen-Stiefel",69
"Magiekundigen-Überwurf",70
"Betrüger-Handschuhe",71
"Verstärkter Schuppen-Schulterschutz",72
"Magiekundigen-Handschuhe",73
"Verstärkte Schuppen-Stiefel",74
"Freibeuter-Stiefel",75
"Freibeuter-Schultern",76
"Verstärkte Schuppen-Stulpenhandschuhe",77
"Kabbalisten-Stiefel",78
"Kabbalisten-Schultern",79
"Freibeuter-Handschuhe",80
"Kettenpanzer-Helm",81
"Kabbalisten-Handschuhe",82
"Beschildeter Schulterschutz",83
"Beschildete Beinschienen",84
"Lehrlings-Band",85
"Schurken-Schulterschutz",86
"Beschildete Stulpenhandschuhe",87
"Beschwörer-Schuhe",88
"Rohleder-Maske",89
"Beschwörer-Überwurf",90
"Schurken-Handschuhe",91
"Schlitzohr-Helm",92
"Beschwörer-Handschuhe",93
"Seher-Maske",94
"Leisetreter-Maske",95
"Abgenutzter Ketten-Helm",96
"Betrüger-Maske",97
"Rustikale Maske",98
"Abgenutzter Schuppen-Helm",99
"Magiekundigen-Maske",100
"Verstärkter Schuppen-Helm",101
"Freibeuter-Hut",102
"Kabbalisten-Kapuze",103
"Beschildeter Helm",104
"Marodeur-Maske",105
"Beschwörer-Maske",106
"Glorreiche Brustplatte",107
"Glorreiche Schenkelstücke",108
"Glorreiches Doublet",109
"Glorreiche Stiefelhose",110
"Glorreiche Kleidung",111
"Glorreiches Beinkleid",112
"Glorreicher Schulterschutz",113
"Glorreiche Beinschienen",114
"Glorreiches Schuhwerk",115
"Glorreiche Kriegsfäuste",116
"Glorreiche Schreiter",117
"Glorreicher Handgelenkschutz",118
"Glorreiche Epauletten",119
"Glorreiche Greifer",120
"Glorreicher Schulterschützer",121
"Glorreiches Visier",122
"Glorreiche Maske",123
"Glorreiches Antlitz",124
"Schienen-Wams",125
"Schienen-Beinschutz",126
"Gehärteter Schuppen-Brustpanzer",129
"Gehärteter Schuppen-Beinschutz",130
"Drakonisches Wams",131
"Drakonischer Beinschutz",132
"Schienen-Schulterschutz",133
"Schienen-Beinschienen",134
"Gehärteter Schuppen-Schulterschutz",137
"Drakonischer Schulterschutz",138
"Gehärtete Schuppen-Beinschienen",139
"Drakonische Stiefel",140
"Besticktes Wams",141
"Bestickte Hose",142
"Schüler-Wams",143
"Schienen-Helm",144
"Schüler-Beinkleid",145
"Akolythen-Wams",146
"Akolythen-Hose",147
"Gehärteter Schuppen-Helm",149
"Gefiederte Hose",150
"Gefiederte Tracht",151
"Drakonischer Helm",152
"Bestickter Überwurf",153
"Schüler-Überwurf",154
"Bestickte Sandalen",155
"Schüler-Schuhe",156
"Akolythen-Überwurf",157
"Geflügelte Tunika",158
"Geflügelte Hose",159
"Akolythen-Stiefel",160
"Erhabenes Wams",161
"Erhabene Hose",162
"Gefiederter Überwurf",163
"Gefiederte Stiefel",164
"Bestickter Handgelenkschutz",165
"Schüler-Handschuhe",166
"Geflügelter Überwurf",167
"Geflügelte Stiefel",168
"Erhabener Überwurf",169
"Bestickte Maske",170
"Schüler-Reif",171
"Erhabene Stiefel",172
"Akolythen-Maske",173
"Gefiederte Handschuhe",174
"Leder-Hose",175
"Leder-Wams",176
"Gefiederte Kopfbedeckung",177
"Erhabene Handschuhe",178
"Gauner-Wams",179
"Gauner-Hose",180
"Geflügelte Kopfbedeckung",183
"Leder-Schultern",184
"Erhabene Maske",185
"Leder-Schuhe",186
"Prunkvolle Hose",187
"Prunkvolles Wams",188
"Lauerer-Wams",189
"Lauerer-Hose",190
"Gauner-Schultern",191
"Gauner-Stiefel",193
"Prunkvolle Schultern",195
"Lauerer-Schultern",196
"Barbaren-Beinplatten",197
"Prunkvolle Stiefel",198
"Barbaren-Wams",199
"Lauerer-Stiefel",201
"Leder-Maske",202
"Gauner-Maske",203
"Prunkvolle Handschuhe",204
"Barbaren-Schulterschutz",206
"Ketten-Beinschutz",207
"Schuppen-Beinschutz",208
"Ketten-Wams",209
"Schuppen-Wams",210
"Gladiatoren-Beinplatten",211
"Gladiatoren-Brustpanzer",212
"Maskeraden-Beinkleid",213
"Prunkvoller Helm",214
"Sucher-Hose",215
"Lauerer-Helm",216
"Maskeraden-Gewand",217
"Gesetzlosen-Hose",218
"Sucher-Wams",219
"Gesetzlosen-Wams",220
"Edelmann-Hose",221
"Edelmann-Wams",222
"Ketten-Schulterschutz",223
"Schuppen-Schulterschutz",224
"Ketten-Stiefel",225
"Gladiatoren-Schulterschutz",226
"Schuppen-Stiefel",227
"Maskeraden-Überwurf",228
"Gladiatoren-Stiefel",229
"Sucher-Schultern",230
"Gesetzlosen-Schultern",231
"Barbaren-Stiefel",232
"Edelmann-Schultern",233
"Maskeraden-Stiefel",234
"Barbaren-Helm",235
"Sucher-Stiefel",236
"Gesetzlosen-Stiefel",237
"Edelmann-Stiefel",238
"Ketten-Stulpenhandschuhe",239
"Schuppen-Stulpenhandschuhe",240
"Gladiatoren-Stulpenhandschuhe",241
"Schienen-Stulpenhandschuhe",242
"Gehärtete Schuppen-Stulpenhandschuhe",244
"Barbaren-Handschuhe",245
"Drakonische Stulpenhandschuhe",246
"Maskeraden-Handschuhe",247
"Geflügelte Handschuhe",248
"Akolythen-Handschuhe",249
"Sucher-Handschuhe",250
"Gesetzlosen-Handschuhe",251
"Edelmann-Handschuhe",252
"Leder-Handschuhe",253
"Gauner-Handschuhe",254
"Maskeraden-Maske",255
"Lauerer-Handschuhe",256
"Ketten-Helm",257
"Schuppen-Helm",258
"Gladiatoren-Helm",259
"Sucher-Maske",260
"Gesetzlosen-Maske",261
"Edelmann-Maske",262
"Adepten-Helm",263
"Galvanische Epauletten",264
"Vielgestaltiger Helm",265
"Vielgestaltige Epauletten",266
"Galvanischer Helm",267
"Adepten-Beinkleid",268
"Adepten-Epauletten",269
"Adepten-Handschuhe",270
"Hilfsaggregat-Epauletten",271
"Vielgestaltige Handschuhe",272
"Adepten-Wams",273
"Vielgestaltiges Beinkleid",274
"Genialer Helm",275
"Vielgestaltiges Wams",276
"Galvanisches Beinkleid",277
"Hilfsaggregat-Helm",278
"Galvanisierte Epauletten",279
"Galvanische Handschuhe",280
"Galvanisches Wams",281
"Geniale Epauletten",282
"Geniales Beinkleid",283
"Galvanisierter Helm",284
"Geniale Handschuhe",285
"Geniales Wams",286
"Hilfsaggregat-Beinkleid",287
"Hilfsaggregat-Handschuhe",288
"Adepten-Stiefel",289
"Prototyp-Epauletten",290
"Denker-Helm",291
"Vielgestaltige Stiefel",292
"Galvanisierte Handschuhe",293
"Elektromagnetische Epauletten",294
"Galvanisiertes Beinkleid",295
"Hilfsaggregat-Wams",296
"Prototyp-Helm",297
"Denker-Epauletten",298
"Elektromagnetischer Helm",299
"Denker-Beinkleid",300
"Galvanisiertes Wams",301
"Denker-Handschuhe",302
"Galvanische Stiefel",303
"Hilfsaggregat-Stiefel",304
"Denker-Wams",305
"Prototyp-Handschuhe",306
"Prototyp-Beinkleid",307
"Prototyp-Wams",308
"Elektromagnetische Handschuhe",309
"Galvanisierte Stiefel",310
"Elektromagnetisches Beinkleid",311
"Geniale Stiefel",312
"Elektromagnetisches Wams",313
"Denker-Stiefel",314
"Prototyp-Stiefel",315
"Elektromagnetische Stiefel",316
"Trupp-Visier",317
"Trupp-Schiftung",318
"Viehtreiber-Helm",319
"Viehtreiber-Schultern",320
"Herbeirufer-Schultern",321
"Trupp-Schenkelstücke",322
"Herbeirufer-Helm",323
"Trupp-Fäuste",324
"Viehtreiber-Beinkleid",325
"Zänker-Schultern",326
"Archonten-Helm",327
"Trupp-Haubert",328
"Viehtreiber-Handschuhe",329
"Archonten-Schultern",330
"Zänker-Helm",331
"Herbeirufer-Handschuhe",332
"Viehtreiber-Wams",333
"Herbeirufer-Beinkleid",334
"Legions-Schiftung",335
"Legions-Visier",336
"Herbeirufer-Wams",337
"Archonten-Handschuhe",338
"Archonten-Beinkleid",339
"Magus-Schleier",340
"Zänker-Beinkleid",341
"Trupp-Stiefel",342
"Schlachtschiff-Schiftung",343
"Archonten-Wams",344
"Zänker-Handschuhe",345
"Legions-Schenkelstücke",346
"Magus-Schultern",347
"Legions-Fäuste",348
"Fallensteller-Helm",349
"Viehtreiber-Stiefel",350
"Zänker-Wams",351
"Herbeirufer-Stiefel",352
"Legions-Haubert",353
"Schlachtschiff-Fäuste",354
"Fallensteller-Schultern",355
"Schlachtschiff-Schenkelstücke",356
"Schlachtschiff-Visier",357
"Archonten-Stiefel",358
"Schlachtschiff-Haubert",359
"Magus-Handschuhe",360
"Magus-Beinkleid",361
"Zänker-Stiefel",362
"Fallensteller-Handschuhe",363
"Magus-Wams",364
"Fallensteller-Beinkleid",365
"Fallensteller-Wams",366
"Legions-Stiefel",367
"Schlachtschiff-Kriegsstiefel",368
"Magus-Stiefel",369
"Fallensteller-Stiefel",370
"Kommandeur-Helm",371
"Kommandeur-Schulterplatten",372
"Forscher-Maske",373
"Forscher-Epauletten",374
"Späher-Schulterpolster",375
"Kommandeur-Stulpenhandschuhe",376
"Kommandeur-Beinlinge",377
"Späher-Maske",378
"Rächer-Schulterplatten",379
"Forscher-Hose",380
"Kommandeur-Rüstung",381
"Rächer-Helm",382
"Forscher-Tracht",383
"Späher-Handschuhe",384
"Falkner-Schulterpolster",385
"Späher-Beinkleid",386
"Forscher-Wams",387
"Falkner-Maske",388
"Rächer-Beinlinge",389
"Aristokraten-Epauletten",390
"Aristokraten-Maske",391
"Späher-Wams",392
"Rächer-Stulpenhandschuhe",393
"Kommandeur-Schuhwerk",394
"Beschützer-Schulterplatten",395
"Rächer-Rüstung",396
"Falkner-Handschuhe",397
"Falkner-Beinkleid",398
"Beschützer-Helm",399
"Aristokraten-Tracht",400
"Hexer-Epauletten",401
"Hexer-Maske",402
"Falkner-Wams",403
"Forscher-Schuhe",404
"Aristokraten-Hose",405
"Aristokraten-Wams",406
"Assassinen-Maske",407
"Assassinen-Schulterpolster",408
"Späher-Stiefel",409
"Beschützer-Beinlinge",410
"Beschützer-Stulpenhandschuhe",411
"Beschützer-Rüstung",412
"Hexer-Tracht",413
"Hexer-Hose",414
"Rächer-Schuhwerk",415
"Falkner-Stiefel",416
"Assassinen-Beinkleid",417
"Hexer-Wams",418
"Assassinen-Handschuhe",419
"Aristokraten-Schuhe",420
"Assassinen-Wams",421
"Beschützer-Schuhwerk",422
"Hexer-Schuhe",423
"Assassinen-Stiefel",424
"Wolfsrudel-Schulterpolster",425
"Wolfsrudel-Maske",426
"Schafleder-Überwurf",427
"Schafleder-Reif",428
"Dolyak-Schiftung",429
"Dolyak-Hundsgugel",430
"Wolfsrudel-Handschutz",431
"Wolfsrudel-Beinkleid",432
"Schafleder-Beinkleid",433
"Adler-Hundsgugel",434
"Schafleder-Handschuhe",435
"Adler-Schiftung",436
"Wolfsrudel-Weste",437
"Schafleder-Doublet",438
"Havroun-Überwurf",439
"Dolyak-Stulpenhandschuhe",440
"Havroun-Reif",441
"Dolyak-Beinlinge",442
"Räuberische Schulterpolster",443
"Adler-Stulpenhandschuhe",444
"Dolyak-Panzer",445
"Adler-Beinlinge",446
"Räuberische Maske",447
"Adler-Panzer",448
"Havroun-Handschuhe",449
"Havroun-Beinkleid",450
"Wolfsmaske",451
"Wolfsrudel-Stiefel",452
"Wolfs-Schulterpolster",453
"Schafleder-Schuhe",454
"Räuberisches Beinkleid",455
"Havroun-Doublet",456
"Räuberischer Handschutz",457
"Wölfischer Überwurf",458
"Wölfischer Reif",459
"Räuberische Weste",460
"Hirsch-Hundsgugel",461
"Dolyak-Beinschienen",462
"Wolfs-Handschutz",463
"Wolfs-Beinkleid",464
"Hirsch-Schiftung",465
"Wölfisches Beinkleid",466
"Adler-Beinschienen",467
"Wölfische Handschuhe",468
"Wolfs-Weste",469
"Hirsch-Beinlinge",470
"Hirsch-Stulpenhandschuhe",471
"Wölfisches Doublet",472
"Havroun-Schuhe",473
"Hirsch-Panzer",474
"Räuberische Stiefel",475
"Wolfs-Stiefel",476
"Wölfische Schuhe",477
"Hirsch-Beinschienen",478
"Baumgeist-Schulterschützer",479
"Löwenmaul-Helm",480
"Immergrün-Helm",481
"Immergrün-Schulterschützer",482
"Baumgeist-Helm",483
"Löwenmaul-Beinkleid",484
"Löwenmaul-Epauletten",485
"Löwenmaul-Handschuhe",486
"Nachtschatten-Schulterschützer",487
"Immergrün-Beinkleid",488
"Orchideen-Helm",489
"Löwenmaul-Wams",490
"Immergrün-Handschuhe",491
"Hainhüter-Schulterschützer",492
"Immergrün-Wams",493
"Baumgeist-Handschuhe",494
"Nachtschatten-Helm",495
"Baumgeist-Beinkleid",496
"Orchideen-Handschuhe",497
"Hainhüter-Helm",498
"Orchideen-Beinkleid",499
"Baumgeist-Wams",500
"Orchideen-Epauletten",501
"Orchideen-Wams",502
"Nachtschatten-Beinkleid",503
"Erstgeborenen-Schulterschützer",504
"Löwenmaul-Stiefel",505
"Nachtschatten-Handschuhe",506
"Dryaden-Helm",507
"Nachtschatten-Wams",508
"Hainhüter-Handschuhe",509
"Immergrün-Stiefel",510
"Eichen-Schulterschützer",511
"Hainhüter-Beinkleid",512
"Erstgeborenen-Helm",513
"Eichen-Helm",514
"Dryaden-Beinkleid",515
"Dryaden-Handschuhe",516
"Hainhüter-Wams",517
"Dryaden-Epauletten",518
"Baumgeist-Stiefel",519
"Dryaden-Wams",520
"Nachtschatten-Stiefel",521
"Erstgeborenen-Beinkleid",522
"Erstgeborenen-Handschuhe",523
"Eichen-Beinkleid",524
"Erstgeborenen-Wams",525
"Eichen-Handschuhe",526
"Hainhüter-Stiefel",527
"Orchideen-Stiefel",528
"Eichen-Wams",529
"Dryaden-Stiefel",530
"Erstgeborenen-Stiefel",531
"Eichen-Stiefel",532
"Ascalon-Wachposten-Brustschutz",611
"Ascalon-Wachposten-Beinkleid",612
"Ascalon-Schausteller-Tracht",613
"Ascalon-Schausteller-Hose",614
"Ascalon-Beschützer-Brustplatte",615
"Ascalon-Beschützer-Beinschützer",616
"Ascalon-Wachposten-Schulterschützer",617
"Ascalon-Wachposten-Stiefel",618
"Ascalon-Schausteller-Überwurf",619
"Ascalon-Schausteller-Schuhe",620
"Ascalon-Beschützer-Schulterschutz",621
"Ascalon-Beschützer-Beinschienen",622
"Ascalon-Wachposten-Hut",623
"Ascalon-Schausteller-Maske",624
"Ascalon-Beschützer-Helm",625
"Ascalon-Wachposten-Handschuhe",626
"Ascalon-Schausteller-Handschuhe",627
"Ascalon-Beschützer-Stulpenhandschuhe",628
"Zupackende Toten-Beinschützer",629
"Zupackende Toten-Brustplatte",630
"Zupackender Toten-Schulterschutz",631
"Zupackende Toten-Beinschienen",632
"Zupackendes Toten-Antlitz",633
"Lich-Tracht",634
"Lich-Zeichen",635
"Lich-Überwurf",636
"Lich-Wandler",637
"Lich-Hülle",638
"Lich-Blick",639
"Verfluchtes Beinkleid",640
"Verfluchte Kleidung",641
"Verfluchte Schultern",642
"Verfluchte Schaftstiefel",643
"Verfluchtes Antlitz",644
"Verfluchter Armschutz",645
"Zupackende Toten-Stulpenhandschuhe",646
"Ratswachen-Brustplatte",647
"Ratswachen-Beinschützer",648
"Ratswachen-Schulterschutz",649
"Ratswachen-Beinschienen",650
"Ratswachen-Helm",651
"Ratswächter-Beinkleid",652
"Ratswächter-Brustschutz",653
"Ratsministeriums-Tracht",654
"Ratsministeriums-Hose",655
"Ratswächter-Schulterschützer",656
"Ratsministeriums-Überwurf",657
"Ratswächter-Stiefel",658
"Ratsministeriums-Schuhe",659
"Ratswächter-Gesichtsschutz",660
"Ratsministeriums-Reif",661
"Ratswächter-Handschuhe",662
"Ratsministeriums-Handschuhe",663
"Ratswachen-Stulpenhandschuhe",664
"Schmied-Brustplatte",665
"Schmied-Schenkelstücke",666
"Schmied-Schulterschutz",667
"Schmied-Beinschienen",668
"Schmied-Helm",669
"Schmied-Gewand",670
"Schmied-Beinkleid",671
"Schmied-Überwurf",672
"Schmied-Schuhe",673
"Schmied-Maske",674
"Schmied-Handgelenkschutz",675
"Schmied-Jacke",676
"Schmied-Stiefelhose",677
"Schmied-Stiefel",678
"Schmied-Schultern",679
"Schmied-Kopfschutz",680
"",681
"Schmied-Handschuhe",682
"Schmied-Stulpenhandschuhe",683
"Albtraumhof-Roben",684
"Albtraumhof-Sarong",685
"Albtraumhof-Überwurf",686
"Albtraumhof-Fußbandagen",687
"Albtraumhof-Ornate",688
"Albtraumhof-Handschuhe",689
"Albtraumhof-Kleidung",690
"Albtraumhof-Beinkleid",691
"Albtraumhof-Collier",692
"Albtraumhof-Stiefel",693
"Albtraumhof-Brustplatte",694
"Albtraumhof-Beinschützer",695
"Albtraumhof-Schulterschutz",696
"Albtraumhof-Beinschienen",697
"Albtraumhof-Helm",698
"Albtraumhof-Armschutz",699
"Albtraumhof-Stulpenhandschuhe",700
"Albtraumhof-Gesichtsschutz",701
"Koda-Schritte",702
"Koda-Herz",703
"Koda-Seele",704
"Koda-Weg",705
"Koda-Muskeln",706
"Koda-Körper",707
"Koda-Pflicht",708
"Koda-Überwurf",709
"Koda-Last",710
"Koda-Spuren",711
"Koda-Pfad",712
"Koda-Pranken",713
"Koda-Antlitz",714
"Koda-Geist",715
"Koda-Kopf",716
"Koda-Kraft",717
"Koda-Arme",718
"Koda-Klauen",719
"Flammenlegion-Beinschützer",720
"Flammenlegion-Brustplatte",721
"Flammenlegion-Schulterschutz",722
"Flammenlegion-Beinschienen",723
"Flammenlegion-Helm",724
"Flammenlegion-Hose",725
"Flammenlegion-Kleidung",726
"Flammenlegion-Epauletten",727
"Flammenlegion-Schuhe",728
"Flammenlegion-Bandagen",729
"Flammenlegion-Maske",730
"Flammenlegion-Beinkleid",731
"Flammenlegion-Wams",732
"Flammenlegion-Schultern",733
"Flammenlegion-Stiefel",734
"Flammenlegion-Helm",735
"Flammenlegion-Handschuhe",736
"Flammenlegion-Stulpenhandschuhe",737
"Inquestur-Brustplatte",738
"Inquestur-Beinschützer",739
"Inquestur-Schulterschutz",740
"Inquestur-Beinschienen",741
"Inquestur-Helm",742
"Inquestur-Kleidung",743
"Inquestur-Beinkleid",744
"Inquestur-Schultern",745
"Inquestur-Stiefel",746
"Inquestur-Kapuze",747
"Inquestur-Stiefelhose",748
"Inquestur-Weste",749
"Inquestur-Überwurf",750
"Inquestur-Schuhe",751
"Inquestur-Reif",752
"Inquestur-Handschutz",753
"Inquestur-Bandagen",754
"Inquestur-Stulpenhandschuhe",755
"Strahlender Überwurf",756
"Strahlende Beinschienen",757
"Strahlender Kriegshelm",758
"Strahlender Armschutz",759
"Strahlende Beinschienen",760
"Strahlender Armschutz",761
"Strahlender Kriegshelm",762
"Strahlender Überwurf",763
"Strahlende Beinschienen",764
"Strahlender Kriegshelm",765
"Strahlender Armschutz",766
"Strahlender Überwurf",767
"Höllenfeuer-Überwurf",768
"Höllenfeuer-Beinschienen",769
"Höllenfeuer-Kriegshelm",770
"Höllenfeuer-Armschutz",771
"Höllenfeuer-Armschutz",772
"Höllenfeuer-Kriegshelm",773
"Höllenfeuer-Beinschienen",774
"Höllenfeuer-Überwurf",775
"Höllenfeuer-Kriegshelm",776
"Höllenfeuer-Beinschienen",777
"Höllenfeuer-Armschutz",778
"Höllenfeuer-Überwurf",779
"Griff Scarlets",790
"Griff Scarlets",792
"Griff Scarlets",793
"Gilden-Erzmagier-Robe",794
"Gilden-Wachposten-Brustschutz",795
"Vermächtnis-Beinschützer",796
"Vermächtnis-Beinplatten",797
"Vermächtnis-Hosen",798
"Vermächtnis-Stiefel",799
"Mittlerer Feuergott-Armschutz",800
"Vermächtnis-Kriegsstiefel",801
"Schwerer Feuergott-Armschutz",802
"Vermächtnis-Schuhe",803
"Leichter Feuergott-Armschutz",804
"Vermächtnis-Schulterpolster",805
"Vermächtnis-Jacke",806
"Vermächtnis-Kriegsplatte",807
"Vermächtnis-Schulterschutz",808
"Vermächtnis-Soldatenmantel",809
"Vermächtnis-Überwurf",810
"Vermächtnis-Armschutz",811
"Vermächtnis-Stulpenhandschuhe",812
"Vermächtnis-Handschuhe",813
"Leichter himmlischer Handschutz",814
"Schwerer himmlischer Handschutz",815
"Mittlerer himmlischer Handschutz",816
"Vermächtnis-Bandana",817
"Vermächtnis-Kriegshelm",818
"Vermächtnis-Maske",819
"Schwere Barock-Maske",820
"Leichte Barock-Maske",821
"Mittlere Barock-Maske",822
"Schweres Eisfürsten-Diadem",823
"Leichtes Eisfürsten-Diadem",824
"Mittleres Eisfürsten-Diadem",825
"Glühende purpurrote Maske",826
"Scarlet-Schleier",827
"Scarlet-Schleier",830
"Glühende purpurrote Maske",831
"Glühende purpurrote Maske",832
"Linke Augenklappe Magnus'",833
"Scarlet-Schleier",838
"Linke Augenklappe Magnus'",839
"Rechte Augenklappe Magnus'",840
"Linke Augenklappe Magnus'",841
"Rechte Augenklappe Magnus'",842
"Rechte Augenklappe Magnus'",843
"Metall-Aqua-Atmer",854
"Stoff-Aqua-Atmer",855
"Leder-Aqua-Atmer",856
"Schwarzerd-Aqua-Atmer",857
"Schwarzerd-Aqua-Atmer",858
"Schwarzerd-Aqua-Atmer",859
"Miliz-Beinkleid",860
"Miliz-Brustplatte",861
"Andächtiges Beinkleid",862
"Andächtiges Gewand",863
"Schwerer Platten-Brustschutz",864
"Schwere Platten-Beinschützer",865
"Vornehmes Gewand",866
"Schwere Platten-Beinschienen",867
"Vornehmes Beinkleid",868
"Miliz-Helm",869
"Grubenkämpfer-Brustschutz",870
"Miliz-Schulterschutz",871
"Miliz-Stiefel",872
"Duellanten-Hose",873
"Andächtige Schuhe",874
"Andächtiger Helm",875
"Andächtiger Überwurf",876
"Grubenkämpfer-Rock",877
"Trockenes Knochen-Gewand",878
"Duellanten-Wams",879
"Trockenes Knochen-Beinkleid",882
"Miliz-Stulpenhandschuhe",883
"Schwerer Platten-Schulterschutz",884
"Vornehmes Schuhwerk",885
"Dunkle Templer-Brustplatte",886
"Duellanten-Stiefel",887
"Vornehme Epauletten",888
"Schurken-Stiefel",890
"Andächtige Handschuhe",891
"Schwerer Platten-Helm",892
"Vornehmer Reif",894
"Dunkle Templer-Schenkelstücke",895
"Schwere Platten-Stulpenhandschuhe",896
"Grubenkämpfer-Schulterschützer",897
"Primitive Brustbandagen",898
"Grubenkämpfer-Beinschienen",899
"Bukanier-Wams",900
"Trockener Knochen-Überwurf",901
"Vornehme Handschuhe",902
"Primitive Beinbandagen",903
"Trockene Knochen-Schuhe",904
"Grubenkämpfer-Helm",905
"Bukanier-Beinkleid",906
"Trockene Knochen-Kapuze",907
"Duellanten-Handschuhe",908
"Duellanten-Schulterschutz",909
"Dunkler Templer-Schulterschutz",911
"Dunkle Templer-Beinschienen",912
"Duellanten-Maske",914
"Grubenkämpfer-Handgelenkschutz",915
"Primitive Fußbandagen",916
"Beschlagene Platten-Rüstung",917
"Trockene Knochen-Handschuhe",918
"Dunkler Templer-Helm",919
"Primitiver Überwurf",921
"Bukanier-Schultern",922
"Bukanier-Stiefel",923
"Pirscher-Wams",925
"Pirscher-Hose",926
"Pirscher-Antlitz",927
"Beschlagenes Platten-Beinkleid",928
"Dunkle Templer-Stulpenhandschuhe",929
"Primitive Handbandagen",930
"Beschlagene Platten-Beinschienen",932
"Bukanier-Handschuhe",935
"Beschlagener Platten-Schulterschutz",936
"Pirscher-Schulterschützer",937
"Pirscher-Stiefel",938
"Schurken-Maske",941
"Beschlagener Platten-Helm",942
"Beschlagene Platten-Stulpenhandschuhe",943
"Pirscher-Handschuhe",945
"Rubikon-Wams",946
"Rubikon-Beinkleid",947
"Rubikon-Stiefel",948
"Rubikon-Schulterpolster",949
"Rubikon-Hut",950
"Rubikon-Handschuhe",951
"Armageddon-Brustplatte",952
"Armageddon-Beinkleid",953
"Aurora-Gewand",954
"Aurora-Beinkleid",955
"Armageddon-Schulterschutz",956
"Armageddon-Beinschienen",957
"Aurora-Überwurf",958
"Armageddon-Stulpenhandschuhe",959
"Aurora-Schuhe",960
"Aurora-Handschuhe",961
"Armageddon-Helm",962
"Aurora-Helm",963
"Flauschige Quaggan-Mütze",966
"Erfinder-Sonnenbrille",967
"Flauschige Leoparden-Mütze",968
"Flauschige Leoparden-Mütze",969
"Flauschige Leoparden-Mütze",970
"Erfinder-Sonnenbrille",971
"Flauschige Hylek-Mütze",972
"Flauschige Hylek-Mütze",973
"Flauschige Hylek-Mütze",974
"Festlicher Hut",975
"Flauschige Katzen-Mütze",976
"Flauschige Katzen-Mütze",977
"Flauschige Katzen-Mütze",978
"Hexen-Hut",979
"Hexen-Hut",980
"Hexen-Hut",981
"Hornbrille",982
"Hasenohren",983
"Hasenohren",984
"Hasenohren",985
"Hornbrille",986
"Hornbrille",987
"Wintertag-Ohrenwärmer",988
"Sport-Sonnenbrille",989
"Sport-Sonnenbrille",990
"Sport-Sonnenbrille",991
"Piloten-Sonnenbrille",992
"Piloten-Sonnenbrille",993
"Piloten-Sonnenbrille",994
"Phantom-Kapuze",995
"Südlicht-Maske",996
"Südlicht-Maske",997
"Südlicht-Maske",998
"Teufelshörner",999
"Teufelshörner",1000
"Zylinder",1001
"Zylinder",1002
"Zylinder",1003
"Flauschige Quaggan-Mütze mit Schleife",1004
"Flauschige Quaggan-Mütze mit Schleife",1005
"Flauschige Quaggan-Mütze mit Schleife",1006
"Zirkusdirektorhut",1007
"Seemannsmütze",1008
"Zirkusdirektorhut",1009
"Zirkusdirektorhut",1010
"Lesebrille",1011
"Piloten-Mütze",1012
"Lesebrille",1013
"Lesebrille",1014
"Flauschige Quaggan-Mütze",1015
"Flauschige Quaggan-Mütze",1016
"Flauschige Bären-Mütze",1017
"Erfinder-Sonnenbrille",1018
"Seemannsmütze",1019
"Festlicher Hut",1020
"Festlicher Hut",1021
"Wintertag-Ohrenwärmer",1022
"Piloten-Mütze",1023
"Wintertag-Ohrenwärmer",1024
"Phantom-Kapuze",1025
"Phantom-Kapuze",1026
"Teufelshörner",1027
"Seemannsmütze",1028
"Flauschige Panda-Mütze",1029
"Piloten-Mütze",1030
"Zauberer-Hut",1031
"Flauschige Bären-Mütze",1032
"Flauschige Bären-Mütze",1033
"Festhut",1034
"Zauberer-Hut",1035
"Festhut",1036
"Zauberer-Hut",1037
"Festhut",1038
"Flauschige Panda-Mütze",1039
"Flauschige Panda-Mütze",1040
"Schwere Konsortiums-Atemmaske",1041
"",1042
"",1043
"Leichte Konsortiums-Atemmaske",1044
"Mittlere Konsortiums-Atemmaske",1045
"",1047
"Widder-Plüschrucksack",1048
"Maske der Stillen",1049
"Maske der Stillen",1050
"Maske der Stillen",1051
"",1053
"",1054
"",1055
"",1056
"",1058
"",1059
"Braham-Beinplatten",1060
"",1061
"Phönix-Hose",1062
"",1063
"Magitech-Beinkleid",1064
"",1065
"Altehrwürdige Beinplatten",1066
"",1067
"",1068
"Profane Hose",1069
"",1070
"Kryta-Beinkleid",1071
"\"Verdrehtes Uhrwerk\"-Schultern",1072
"",1073
"Phalanx-Beinplatten",1074
"\"Verdrehtes Uhrwerk\"-Schultern",1075
"",1076
"\"Verdrehtes Uhrwerk\"-Schultern",1077
"",1078
"Braham-Brustpanzer",1079
"",1080
"Phönix-Weste",1082
"",1083
"Braham-Schulterschutz",1084
"Phönix-Überwurf",1085
"Magitech-Jacke",1087
"",1088
"",1089
"Altehrwürdige Kriegsplatte",1090
"Magitech-Schulterpolster",1091
"Braham-Kriegsstiefel",1092
"Altehrwürdiger Schulterschutz",1093
"Profaner Soldatenmantel",1094
"Phönix-Schuhe",1095
"",1096
"Kryta-Wams",1097
"Magitech-Stiefel",1098
"Profaner Überwurf",1099
"Phalanx-Kriegsplatte",1101
"Altehrwürdige Kriegsstiefel",1102
"Kryta-Schulterpolster",1103
"",1104
"Profane Schuhe",1105
"Phalanx-Schultern",1106
"",1108
"",1109
"",1110
"Kryta-Stiefel",1111
"",1112
"Phalanx-Kriegsstiefel",1113
"",1114
"",1115
"Tödlicher Vogel-Schulterschutz",1116
"",1117
"",1118
"Tödlicher Bullen-Schulterschutz",1119
"Tödlicher Schulterschutz",1120
"Tödlicher Vogel-Überwurf",1121
"Tödlicher Bullen-Überwurf",1123
"Tödlicher Überwurf",1126
"Tödliche Vogel-Schulterpolster",1128
"",1129
"Tödliche Bullen-Schulterpolster",1131
"",1133
"Tödliche Schulterpolster",1136
"Schwere Insel-Schultern",1137
"",1138
"",1139
"",1140
"Leichte Insel-Schultern",1141
"",1142
"Mittlere Insel-Schultern",1143
"",1146
"",1147
"",1148
"",1149
"",1150
"Braham-Stulpenhandschuhe",1151
"Phönix-Handschuhe",1152
"Magitech-Armschutz",1153
"Altehrwürdige Stulpenhandschuhe",1154
"Profane Handschuhe",1155
"Kryta-Armschutz",1156
"Phalanx-Stulpenhandschuhe",1157
"",1158
"",1159
"",1161
"",1164
"",1165
"",1166
"",1167
"",1168
"",1170
"",1171
"",1173
"",1174
"",1175
"",1176
"",1177
"",1178
"",1179
"",1180
"Hasenohren",1181
"",1182
"",1183
"Maske des Jubiläums",1184
"Maske des Jubiläums",1185
"Maske des Jubiläums",1186
"Maske der Königin",1187
"Maske der Königin",1188
"Maske der Königin",1189
"Maske der Krone",1190
"Maske der Krone",1191
"Maske der Krone",1192
"",1193
"",1194
"Braham-Kriegshelm",1195
"Phönix-Maske",1196
"Magitech-Helm",1197
"Altehrwürdiger Kriegshelm",1198
"Profane Maske",1199
"Kryta-Bandana",1200
"Phalanx-Kriegshelm",1201
"Zephyriten-Windhelm",1202
"Zephyriten-Windhelm",1203
"Zephyriten-Windhelm",1204
"Zephyriten-Sonnenhelm",1205
"Zephyriten-Sonnenhelm",1206
"Zephyriten-Sonnenhelm",1207
"Zephyriten-Blitzhelm",1208
"Zephyriten-Blitzhelm",1209
"Zephyriten-Blitzhelm",1210
"",1211
"",1212
"",1213
"",1214
"",1215
"",1216
"",1217
"",1218
"Grenth-Kapuze",1222
"Grenth-Kapuze",1223
"Grenth-Kapuze",1224
"Hirsch-Helm",1225
"Hirsch-Helm",1226
"Hirsch-Helm",1227
"",1233
"Papiertütenhelm (Errötet)",1235
"Papiertütenhelm (Errötet)",1236
"Papiertütenhelm (Errötet)",1237
"Papiertütenhelm (Verärgert)",1238
"Papiertütenhelm (Verärgert)",1239
"Papiertütenhelm (Verärgert)",1240
"Papiertütenhelm (Froh)",1241
"Papiertütenhelm (Froh)",1242
"Papiertütenhelm (Froh)",1243
"Papiertütenhelm (Traurig)",1244
"Papiertütenhelm (Traurig)",1245
"Papiertütenhelm (Traurig)",1246
"",1247
"",1248
"",1249
"Maske des Wanderers",1250
"Maske des Wanderers",1251
"Maske des Wanderers",1252
"Flammengeküsste Weste",1253
"Flammengeküsste Hose",1254
"Flammengeküsste Schuhe",1255
"Flammengeküsster Überwurf",1256
"Flammengeküsste Handschuhe",1257
"Flammengeküsste Maske",1258
"Flammenzorn-Beinplatten",1259
"Flammenschreiter-Beinkleid",1260
"Flammenzorn-Brustpanzer",1261
"Flammenschreiter-Wams",1262
"Flammenzorn-Kriegsstiefel",1263
"Flammenschreiter-Stiefel",1264
"Flammenzorn-Schulterschutz",1265
"Flammenschreiter-Schulterpolster",1266
"Flammenzorn-Stulpenhandschuhe",1267
"Flammenschreiter-Armschutz",1268
"Flammenzorn-Helm",1269
"Flammenschreiter-Hut",1270
"Läufer-Armschutz",1271
"Festungswall-Stulpenhandschuhe",1272
"Festungswall-Kriegshelm",1273
"Festungswall-Beinplatten",1274
"Festungswall-Schulterschutz",1275
"Inkarnierte Schuhe",1276
"Inkarnierte Weste",1277
"Inkarnierte Handschuhe",1278
"Inkarnierte Maske",1279
"Inkarnierte Hose",1280
"Inkarnierter Überwurf",1281
"Läufer-Stiefel",1282
"Läufer-Tunika",1283
"Läufer-Gesichtsschutz",1285
"Läufer-Beinkleid",1286
"Läufer-Schiftung",1287
"Festungswall-Kriegsstiefel",1288
"Festungswall-Kriegsplatte",1289
"Schwerer Ätherklingen-Schulterschutz",1307
"Schwere Ätherklingen-Beinplatten",1308
"Leichter Ätherklingen-Überwurf",1309
"Leichte Ätherklingen-Hose",1310
"Mittleres Ätherklingen-Beinkleid",1311
"Mittlere Ätherklingen-Schulterpolster",1312
"Schwere Ätherklingen-Kriegsplatte",1313
"Leichte Ätherklingen-Weste",1314
"Mittlere Ätherklingen-Jacke",1315
"Schwere Ätherklingen-Kriegsstiefel",1316
"Leichte Ätherklingen-Schuhe",1317
"Mittlere Ätherklingen-Stiefel",1318
"Schwere Ätherklingen-Stulpenhandschuhe",1319
"Leichte Ätherklingen-Handschuhe",1320
"Mittlerer Ätherklingen-Armschutz",1321
"Schwerer Ätherklingen-Kriegshelm",1322
"Leichte Ätherklingen-Brille",1323
"Mittlerer Ätherklingen-Helm",1324
"Toxischer Schulterschutz",1325
"Toxischer Überwurf",1326
"Toxisches Schulterpolster",1327
"Toxische Stulpenhandschuhe",1328
"Toxische Handschuhe",1329
"Toxischer Armschutz",1330
"Trickster-Beinkleid",1331
"Trickster-Überwurf",1332
"Trickster-Weste",1333
"Trickster-Schuhe",1334
"Trickster-Handschuhe",1335
"Trickster-Maske",1336
"Vipern-Beinkleid",1337
"Vipern-Schulterpolster",1338
"Vipern-Jacke",1339
"Vipern-Stiefel",1340
"Vipern-Armschutz",1341
"Vipern-Monokel",1342
"Schwere Zodiak-Kriegsstiefel",1343
"Schwere Zodiak-Kriegsplatte",1344
"Schwere Zodiak-Stulpenhandschuhe",1345
"Schwerer Zodiak-Kriegshelm",1346
"Schwere Zodiak-Beinplatten",1347
"Schwerer Zodiak-Schulterschutz",1348
"Leichte Zodiak-Schuhe",1349
"Leichte Zodiak-Weste",1350
"Leichte Zodiak-Handschuhe",1351
"Leichte Zodiak-Brille",1352
"Leichte Zodiak-Hose",1353
"Leichter Zodiak-Überwurf",1354
"Mittlere Zodiak-Stiefel",1355
"Mittlere Zodiak-Jacke",1356
"Mittlerer Zodiak-Armschutz",1357
"Mittlerer Zodiak-Helm",1358
"Mittleres Zodiak-Beinkleid",1359
"Mittlere Zodiak-Schulterpolster",1360
"Ungesetzliche Stiefel",1361
"Ungesetzliche Schultern",1362
"Ungesetzlicher Helm",1364
"Ungesetzlicher Helm",1365
"Ungesetzliche Handschuhe",1366
"Ungesetzlicher Helm",1367
"Ungesetzliche Schultern",1368
"Ungesetzliche Stiefel",1369
"Ungesetzliche Stiefel",1370
"Ungesetzliche Schultern",1371
"Ungesetzliche Handschuhe",1372
"Ungesetzliche Handschuhe",1373
"Historischer Abtei-Armschutz",1376
"Historischer Abtei-Überwurf",1377
"Historische Abtei-Schulterpolster",1378
"Historischer Abtei-Helm",1379
"Historische Abtei-Brustplatte",1380
"Historische Abtei-Schenkelstücke",1381
"Historische Abtei-Stulpenhandschuhe",1382
"Historische Abtei-Handschuhe",1383
"Historische Abtei-Tracht",1384
"Historische Abtei-Hose",1385
"Historische Abtei-Haube",1386
"Historische Abtei-Jacke",1387
"Historischer Abtei-Armschutz",1388
"Historische Abtei-Maske",1389
"Historisches Abtei-Beinkleid",1390
"Historische Abtei-Beinschienen",1391
"Historische Abtei-Schuhe",1392
"Historische Abtei-Stiefel",1393
"Wachsamen-Ehren-Schulterschutz",1394
"Wachsamen-Ehren-Überwurf",1395
"Wachsamen-Ehren-Schulterschützer",1396
"Wachsamen-Ehren-Brustplatte",1397
"Wachsamen-Ehren-Helm",1398
"Wachsamen-Ehren-Schenkelstücke",1399
"Wachsamen-Ehren-Stulpenhandschuhe",1400
"Wachsamen-Ehren-Beinkleid",1401
"Wachsamen-Ehren-Reif",1402
"Wachsamen-Ehren-Weste",1403
"Wachsamen-Ehren-Handschuhe",1404
"Wachsamen-Ehren-Jacke",1405
"Wachsamen-Ehren-Kopfschutz",1406
"Wachsamen-Ehren-Handschuhe",1407
"Wachsamen-Ehren-Beinkleid",1408
"Wachsamen-Ehren-Beinschienen",1409
"Wachsamen-Ehren-Schuhwerk",1410
"Wachsamen-Ehren-Stiefel",1411
"Geheimer Gerüchte-Schulterschutz",1412
"Geheime Gerüchte-Schulterschützer",1413
"Geheime Gerüchte-Schenkelstücke",1414
"Geheime Gerüchte-Stulpenhandschuhe",1415
"Geheime Gerüchte-Brustplatte",1416
"Geheimer Gerüchte-Helm",1417
"Geheimes Gerüchte-Beinkleid",1418
"Geheime Gerüchte-Robe",1419
"Geheime Gerüchte-Handschuhe",1420
"Geheime Gerüchte-Haube",1421
"Geheime Gerüchte-Langweste",1422
"Geheime Gerüchte-Handschuhe",1423
"Geheime Gerüchte-Kapuze",1424
"Geheimes Gerüchte-Beinkleid",1425
"Geheime Gerüchte-Beinschienen",1426
"Geheimes Gerüchte-Schuhwerk",1427
"Geheime Gerüchte-Stiefel",1428
"",1447
"Schweres Schuppen-Beinkleid",1483
"Gilden-Verteidiger-Brustschutz",1484
"Schweres Schuppen-Beinkleid",1499
"Schwerer Schuppen-Brustschutz",1501
"Schwere Schuppen-Schienbeinschützer",1514
"Schwerer Schuppen-Armschutz",1515
"Schwere Schuppen-Schulterschützer",1528
"Gilden-Verteidiger-Beinschützer",1530
"Schwere Schuppen-Schienbeinschützer",1534
"Schwerer Schuppen-Armschutz",1542
"Schwerer Schuppen-Helm",1560
"Gilden-Verteidiger-Schulterplatten",1561
"Schwerer Schuppen-Helm",1579
"Apostel-Beinkleid",1587
"Apostel-Soutane",1589
"Stammes-Beinkleid",1598
"Stammes-Tracht",1599
"Apostel-Epauletten",1619
"Stammes-Überwurf",1627
"Apostel-Schuhe",1628
"Stammes-Wandler",1634
"Apostel-Bandagen",1662
"Stammes-Armschmuck",1669
"Gilden-Erzmagier-Überwurf",1671
"Gilden-Erzmagier-Schuhe",1675
"Apostel-Haube",1678
"Stammes-Kopfschmuck",1691
"Primitive Haube",1692
"Marodeur-Hose",1697
"Marodeur-Jacke",1699
"Unerschütterliches Beinkleid",1703
"Unerschütterliche Jacke",1704
"Gilden-Erzmagier-Handschuhe",1714
"Beschlagene Schultern",1719
"Marodeur-Schulterschützer",1733
"Marodeur-Stiefel",1734
"Unerschütterliche Schultern",1736
"Unerschütterliche Stiefel",1740
"Marodeur-Handschuhe",1772
"Unerschütterliche Handschuhe",1775
"Beschlagener Helm",1783
"Gilden-Wachposten-Stiefel",1791
"Unerschütterlicher Helm",1793
"Bukanier-Helm",1800
"Gilden-Wachposten-Handschuhe",1806
"Gilden-Wachposten-Gesichtsschutz",1815
"Gilden-Erzmagier-Hose",1824
"Gilden-Wachposten-Beinkleid",1827
"Gilden-Wachposten-Schulterschützer",1829
"Gilden-Erzmagier-Haube",1830
"Bandana des Eisernen Dröhnrohrs",1991
"Bandana des Eisernen Dröhnrohrs",1992
"Benthischer Hydro-Atmer",1993
"Benthischer Aqua-Atmer",1994
"Benthischer Wasser-Atmer",1995
"Wurmbezwinger-Handgelenkschutz",1996
"Wurmbezwinger-Kriegsfäuste",1997
"Wurmbezwinger-Epauletten",1998
"Wurmbezwinger-Schulterschützer",1999
"Wurmbezwinger-Armschutz",2000
"Wurmbezwinger-Schulterschutz",2001
"Wurmbezwinger-Visier",2002
"Wurmbezwinger-Maske",2003
"Wurmbezwinger-Antlitz",2004
"Bandana des Eisernen Dröhnrohrs",2011
"Schwere Pyro-Stulpenhandschuhe",2012
"Hörner des Drachen",2013
"Hörner des Drachen",2014
"Mittlere Pyro-Stulpenhandschuhe",2015
"Hörner des Drachen",2016
"Leichte Pyro-Stulpenhandschuhe",2017
"Monokel",2018
"Monokel",2019
"Monokel",2020
"Luftfilterglocke",2021
"Luftfilterglocke",2022
"Luftfilterglocke",2023
"Gasmaske",2024
"Gasmaske",2025
"Gasmaske",2026
"Maske der Nacht",2027
"Maske der Nacht",2028
"Maske der Nacht",2029
"Schiftung Scarlets",2032
"Schiftung Scarlets",2034
"Schiftung Scarlets",2035
"",2036
"Kettenpanzer-Schuhwerk",2041
"Fanatiker-Überwurf",2043
"Eroberer-Überwurf",2044
"Dämonen-Maske",2045
"Totenschädel-Maske",2046
"Gespenster-Maske",2047
"Gletscherauge",2048
"Flammenauge",2049
"Steinauge",2050
"Sturmauge",2051
"Visionär-Helm",2052
"Panskopisches Monokel",2053
"Adleraugen-Brille",2054
"Anonymitäts-Maske",2055
"Entschlossenheits-Stirnband",2056
"Irreführungs-Kapuze",2057
"Harlekin-Maske",2058
"Trugbild-Maske",2059
"Gezahnte Schreckbild-Maske",2060
"",2118
"",2119
"Wahrsager-Beinkleid",2261
"Wahrsager-Wams",2262
"Wahrsager-Überwurf",2263
"Wahrsager-Stiefel",2264
"Wahrsager-Handschuhe",2265
"Wahrsager-Helm",2266
"Nebelwandler-Wams",2267
"Nebelwandler-Beinkleid",2268
"Nebelwandler-Schultern",2269
"Nebelwandler-Stiefel",2271
"Nebelwandler-Handschuhe",2273
"Nebelwandler-Kappe",2274
"Verzierter Juwelier-Rucksack",2276
"Einfacher Chefkoch-Rucksack",2277
"Eleganter Juwelier-Rucksack",2278
"Stabiler Rüstungsschmied-Rucksack",2279
"Stabiler Juwelier-Rucksack",2280
"Einfacher Juwelier-Rucksack",2281
"Eleganter Schneider-Rucksack",2282
"Verzierter Schneider-Rucksack",2283
"Einfacher Konstrukteur-Rucksack",2284
"Aufwändiger Juwelier-Rucksack",2285
"Einfacher Schneider-Rucksack",2286
"Eleganter Waffenschmied-Rucksack",2287
"Verzierter Waffenschmied-Rucksack",2288
"Ambrosischer Chefkoch-Rucksack",2289
"Stabiler Waffenschmied-Rucksack",2290
"Einfacher Waffenschmied-Rucksack",2291
"Eleganter Lederer-Rucksack",2292
"Verzierter Lederer-Rucksack",2293
"Aufwändiger Lederer-Rucksack",2294
"Stabiler Lederer-Rucksack",2295
"Einfacher Lederer-Rucksack",2296
"Stabiler Konstrukteur-Rucksack",2297
"Aufwändiger Konstrukteur-Rucksack",2298
"Verzierter Konstrukteur-Rucksack",2299
"Eleganter Konstrukteur-Rucksack",2300
"Einfacher Rüstungsschmied-Rucksack",2301
"Fundamentaler Chefkoch-Rucksack",2302
"Aufwändiger Rüstungsschmied-Rucksack",2303
"Verzierter Rüstungsschmied-Rucksack",2304
"Eleganter Rüstungsschmied-Rucksack",2305
"Aufwändiger Waffenschmied-Rucksack",2306
"Aufwändiger Schneider-Rucksack",2307
"Praktischer Rüstungsschmied-Rucksack",2308
"Stabiler Schneider-Rucksack",2309
"Stabiler Waidmann-Rucksack",2310
"Eleganter Waidmann-Rucksack",2311
"Praktischer Waidmann-Rucksack",2312
"Praktischer Juwelier-Rucksack",2313
"Gewürzter Chefkoch-Rucksack",2314
"Praktischer Lederer-Rucksack",2315
"Praktischer Schneider-Rucksack",2316
"Praktischer Waffenschmied-Rucksack",2317
"Symons Geschichte von Ascalon",2318
"Gourmetkoch-Rucksack",2319
"Praktischer Konstrukteur-Rucksack",2320
"Verzierter Waidmann-Rucksack",2321
"Einfacher Waidmann-Rucksack",2322
"Aufwändiger Waidmann-Rucksack",2323
"Herzhafter Chefkoch-Rucksack",2324
"Buch der Geheimnisse",2325
"Foliant des Rubikon",2326
"Rucksack-Trageriemen",2327
"Gehärtete Wirbelklingen",2328
"",2329
"Wirbelklingen-Paket",2330
"Doppelte Wirbelklingen",2331
"Synergetische gehärtete Wirbelklingen",2332
"Statische gehärtete Wirbelklingen",2333
"Dynamische gehärtete Wirbelklingen",2334
"Hochentwickelte Wirbelklingen",2335
"Verrückte Memoiren",2336
"Vierfache Wirbelklingen",2337
"Verrückte Memoiren: Gesamtausgabe",2338
"",2339
"Universelle Multiwerkzeugtasche",2340
"Köcher",2341
"Gilden-Rucksack",2342
"Wildes Gilden-Rückenbanner",2343
"Elegantes Gilden-Rückenbanner",2344
"Dekorativer Feuriger Raketen-Rucksack",2345
"Windfänger",2346
"Sonnenfänger",2347
"Blitzfänger",2348
"Wüstenrose",2349
"Zephyr-Rucksack",2350
"Holografische Drachenschwingen",2351
"Holografische Zerschmetterer-Drachenschwingen",2352
"Duftrauchbrenner",2353
"Sklero-Karka-Panzer",2354
"Quaggan-Plüschrucksack",2355
"Toxische Spore",2356
"Flutschsack",2357
"Schwingen des Sonnenlosen",2358
"Moto-Plüschrucksack",2359
"Sturmzauberer-Rucksack-Bezug",2360
"Krötenkönig-Rucksack-Bezug",2361
"Super-Rucksack-Bezug",2362
"Charr-Plüschrucksack",2363
"Tiger-Charr-Rucksack",2364
"\"Pinker Quaggan\"-Rucksack",2365
"Geparden-Charr-Rucksack",2366
"Quaggan-Orca-Rucksack",2367
"Tybalt-Plüschrucksack",2368
"Rox-Köcher",2369
"\"Grüner Quaggan\"-Rucksack",2370
"Geheimer Charr-Rucksack",2371
"Krieger-Quaggan-Rucksack",2372
"Gefütterter Spielzeugmacher-Sack",2374
"Spielzeugmacher-Sack",2375
"Koss über Koss",2376
"Prototyp-Fraktalkondensator",2377
"Beta-Fraktalkondensator",2378
"Fraktalkondensator",2379
"Feuer des Balthasar",2380
"Gegengift-Injektor",2381
"Licht der Dwayna",2382
"Schatten des Grenth",2383
"Dreschsichel 5000",2384
"Standard-Erntesichel",2385
"Konsortium-Erntesichel",2387
"Standard-Holzfälleraxt",2388
"Frostwespe-Holzfällerwerkzeug",2389
"Alleshacker-Holzfälleraxt",2391
"Traumspalter-Holzfälleraxt",2392
"",2393
"",2394
"Standard-Spitzhacke",2395
"Uhrwerk-Spitzhacke",2396
"Knochen-Spitzhacke",2398
"Feurige Allianz-Spitzhacke",2399
"",2434
"",2445
"",2451
"",2562
"",2604
"",2605
"",2661
"",2689
"",2743
"",2773
"",2775
"",2788
"",2809
"",2829
"",2835
"",2838
"",2851
"",2866
"",2869
"",2913
"",2930
"",3005
"",3020
"",3046
"",3080
"",3119
"",3145
"",3150
"",3185
"",3186
"",3187
"",3188
"",3190
"",3192
"",3239
"",3241
"",3242
"",3244
"",3245
"",3264
"",3265
"",3272
"",3273
"",3355
"",3491
"",3566
"Liebestrunkene Axt",3660
"Qual-Gewehr",3661
"Qual-Pistole",3663
"Liebestrunkener Langbogen",3664
"Qual-Hammer",3666
"Qual-Stab",3667
"Qual-Dolch",3668
"Qual-Schwert",3670
"Liebestrunkener Kurzbogen",3671
"Liebestrunkener Fokus",3673
"Qual-Fackel",3674
"Qual-Speer",3675
"Qual-Fokus",3676
"Qual-Streitkolben",3677
"Qual-Harpunenschleuder",3678
"Qual-Großschwert",3679
"Qual-Axt",3680
"Qual-Langbogen",3681
"Qual-Kurzbogen",3682
"Qual-Zepter",3683
"Qual-Kriegshorn",3684
"Qual-Schild",3685
"Qual-Dreizack",3686
"Großsäge-Großschwert",3687
"Liebestrunkenes Großschwert",3688
"",3689
"Liebestrunkener Hammer",3691
"Liebestrunkener Streitkolben",3692
"Grässlich grinsender Schild",3693
"Liebestrunkene Pistole",3694
"Liebestrunkenes Gewehr",3695
"Ketten-Schwert",3696
"Liebestrunkenes Zepter",3697
"Liebestrunkener Beschützer",3698
"Liebestrunkener Stab",3699
"Liebestrunkenes Schwert",3700
"Liebestrunkene Flamme",3701
"Liebestrunkener Ruf",3702
"Liebestrunkene Ochsenzunge",3703
"Traumdistel-Fokus",3704
"Ätherisierte Pistole",3705
"Traumdistel-Langbogen",3706
"Traumdistel-Streitkolben",3707
"Pyro-Langbogen",3708
"Traumdistel-Großschwert",3709
"Ätherisierte Fackel",3710
"Sensen-Stab",3711
"Pyro-Axt",3712
"Braham-Streitkolben",3713
"Pyro-Großschwert",3714
"Ätherisierter Kurzbogen",3715
"Pyro-Streitkolben",3716
"Traumdistel-Schild",3717
"Pyro-Fackel",3718
"Sklero-Fackel",3719
"Ätherisiertes Kriegshorn",3720
"Drachenjade-Flamme",3721
"Braham-Schild",3722
"Traumdistel-Dolch",3723
"Pyro-Gewehr",3724
"Pyro-Schild",3725
"Zodiak-Fackel",3726
"Traumdistel-Fackel",3727
"Pyro-Kurzbogen",3728
"Ätherisierter Dreizack",3729
"Sklero-Kurzbogen",3730
"Traumdistel-Stab",3731
"Pyro-Dolch",3732
"Pyro-Kriegshorn",3733
"Drachenjade-Nadler",3734
"Ätherisierte Harpunenschleuder",3735
"Sklero-Kriegshorn",3736
"Rox-Kurzbogen",3737
"Traumdistel-Dreizack",3738
"Winterbogen",3739
"Drachenjade-Vorbote",3740
"Traumdistel-Harpunenschleuder",3741
"Zodiak-Kurzbogen",3742
"Zodiak-Kriegshorn",3743
"Traumdistel-Kriegshorn",3744
"Traumdistel-Kurzbogen",3745
"Ätherisierter Fokus",3746
"Pyro-Stab",3747
"Ätherisierte Axt",3748
"Ätherisierter Langbogen",3749
"Traumdistel-Schwert",3750
"Ätherisiertes Schwert",3751
"Ätherisierter Streitkolben",3752
"Pyro-Fokus",3753
"Sklero-Fokus",3754
"Ätherisierter Speer",3755
"Pyro-Schwert",3756
"Drachenjade-Konterfei",3757
"Ätherisiertes Zepter",3758
"Traumdistel-Speer",3759
"Pyro-Pistole",3760
"Zodiak-Fokus",3761
"Sklero-Axt",3762
"Sklero-Pistole",3763
"Konsortium-Klipperfokus",3764
"Drachenjade-Steinschloss",3765
"Ätherisiertes Gewehr",3766
"Drachenjade-Spalter",3767
"Sklero-Streitkolben",3768
"Winterstich",3769
"Winterschneide",3770
"Drachenjade-Knüppel",3771
"Zodiak-Axt",3772
"Ätherisiertes Großschwert",3773
"Zodiak-Pistole",3774
"Traumdistel-Axt",3775
"Traumdistel-Pistole",3776
"Ätherisierter Schild",3777
"Zodiak-Streitkolben",3778
"Pyro-Zepter",3779
"Marjory-Axt",3780
"Sklero-Zepter",3781
"Haizahn-Axt",3782
"Sklero-Langbogen",3783
"Drachenjade-Schlagstock",3784
"Zodiak-Zepter",3785
"Drachenjade-Hornbogen",3786
"Sklero-Gewehr",3787
"Traumdistel-Zepter",3788
"Wintergruß",3789
"Zodiak-Langbogen",3790
"Drachenjade-Donnerbüchse",3791
"Sklero-Schild",3792
"Zodiak-Gewehr",3793
"Araneae",3794
"Drachenjade-Wall",3795
"Traumdistel-Gewehr",3796
"Ätherisierter Hammer",3797
"Ätherisierter Dolch",3798
"Winterschutz",3799
"Zodiak-Schild",3800
"Sklero-Großschwert",3801
"Vollstopp",3802
"Drachenjade-Rächer",3803
"Winterklinge",3804
"Tiki-Totemschild",3805
"Zodiak-Großschwert",3806
"Chiroptophobie",3807
"Pyro-Hammer",3808
"Sklero-Hammer",3809
"Drachenjade-Kriegshammer",3810
"Winterwucht",3811
"Zodiak-Hammer",3812
"Traumdistel-Hammer",3813
"Ätherisierter Stab",3814
"Kasmeer-Stab",3815
"Stab des Blutigen Prinzen",3816
"Sklero-Dolch",3817
"Drachenjade-Dolch",3818
"Winternadel",3819
"Sklero-Stab",3820
"Zodiak-Dolch",3821
"Drachenjade-Kurzstab",3822
"Marjory-Dolch",3823
"Winterholz",3824
"Zerklüfteter Dolch",3825
"Zodiak-Stab",3826
"Sklero-Schwert",3827
"Drachenjade-Zerfleischer",3828
"Winterschnitt",3829
"Zodiak-Schwert",3830
"Alberner Krummsäbel",3831
"Haizahn-Schwert",3832
"Zenit-Schutz",3835
"Zenit-Schriftrolle",3836
"Zenit-Cesta",3837
"Zenit-Kurzbogen",3838
"Zenit-Recurvebogen",3839
"Zenit-Streitkolben",3840
"Zenit-Rächer",3841
"Zenit-Sog",3842
"Zenit-Pfähler",3843
"Zenit-Spalter",3844
"Zenit-Vorbote",3845
"Zenit-Dreizack",3846
"Zenit-Flamme",3847
"Zenit-Pistole",3848
"Zenit-Gewehr",3849
"Zenit-Dolch",3850
"Zenit-Donner",3851
"Zenit-Zackenstab",3852
"Zenit-Klinge",3853
"Langbogen",3854
"Schild",3855
"Fackel",3856
"Dreizack",3857
"Speerschleuder",3858
"Kriegshorn",3859
"Kurzbogen",3860
"Streitkolben",3861
"Harpune",3862
"Fokus",3863
"Pistole",3864
"Axt",3865
"Zepter",3866
"Gewehr",3867
"Großschwert",3868
"Hammer",3869
"Stangenwaffe",3870
"Dolch",3871
"Stab",3872
"Schwert",3873
"Zerstörer-Fackel",3874
"Eisen-Pistole",3875
"Zerstörer-Zepter",3876
"Zerstörer-Fokus",3877
"Gottschädel-Flammenschale",3878
"Zerstörer-Dreizack",3879
"Grüner Holz-Fokus",3880
"Grasgrünes Zepter",3881
"Zerstörer-Kurzbogen",3882
"Grüne Holz-Fackel",3883
"Zerstörer-Kriegshorn",3884
"Gottschädel-Kurzbogen",3885
"Zerstörer-Harpunenschleuder",3886
"Geschmeidiger Holz-Fokus",3887
"Zerstörer-Streitkolben",3888
"Grüner Holz-Dreizack",3889
"Geschmeidige Holz-Fackel",3890
"Gottschädel-Trompete",3891
"Geschmeidiges Holz-Zepter",3892
"Zerstörer-Axt",3893
"Banditen-Fackel",3894
"Grünes Holz-Zepter",3895
"Gottschädel-Sichel",3896
"Zerstörer-Langbogen",3897
"Grünes Holz-Kriegshorn",3898
"Geschmeidiger Holz-Dreizack",3899
"Grüner Holz-Kurzbogen",3900
"Gottschädel-Kriegskeule",3901
"Banditen-Fokus",3903
"Verzierte Großaxt",3904
"Banditen-Dreizack",3905
"Geschmeidiger Holz-Kurzbogen",3906
"Geschmeidiges Holz-Kriegshorn",3907
"Grüne Holz-Harpunenschleuder",3908
"Banditen-Schlagstock",3909
"Verzierter Morgenstern",3910
"Zerstörer-Pistole",3911
"Schaufler-Lampe",3912
"Schaufler-Kanarie",3913
"Gottschädel-Langbogen",3914
"Zerstörer-Pike",3915
"Zerstörer-Großschwert",3916
"Harte Holz-Fackel",3917
"Zerstörer-Schild",3918
"Harter Holz-Fokus",3919
"Banditen-Clairon",3920
"Grüner Holz-Langbogen",3921
"Schaufler-Schlagstock",3922
"Gottschädel-Pfähler",3923
"Gottschädel-Steinschloss",3924
"Zerstörer-Dolch",3925
"Banditen-Kurzbogen",3926
"Geschmeidige Holz-Harpunenschleuder",3927
"Schaufler-Dreizack",3928
"Oger-Feuer",3929
"Verdorbene Skeggox",3930
"Banditen-Harpunenschleuder",3931
"Bronze-Pistole",3932
"Gottschädel-Töter",3933
"Hartes Holz-Zepter",3934
"Gottschädel-Lederschild",3935
"Schaufler-Doppelhorn",3936
"Schaufler-Kurzbogen",3937
"Verzierte Lanze",3938
"Perlen-Dreizack",3939
"Gottschädel-Dolch",3940
"Oger-Bildnis",3941
"Geschmeidiger Holz-Langbogen",3942
"Verdorbener Knüppel",3943
"Verzierte Bastion",3944
"Bronze-Streitkolben",3945
"Bronze-Axt",3946
"Verziertes Claymore",3947
"Banditen-Revolver",3948
"Banditen-Langbogen",3949
"Alter Holz-Fokus",3950
"Verzierter Dorn",3951
"Perlen-Nadler",3952
"Schaufler-Harpunenschleuder",3953
"Oger-Schlagstock",3954
"Perlen-Sirene",3955
"Alter Holz-Dreizack",3956
"Alte Holz-Fackel",3957
"Krait-Flammenschale",3958
"Krait-Stern",3959
"Krait-Dreizack",3960
"Zerstörer-Schwert",3961
"Eisen-Axt",3962
"Verdorbener Speer",3963
"Eisen-Streitkolben",3964
"Altes Holz-Zepter",3965
"Schaufler-Reflexbogen",3966
"Perlen-Speerschleuder",3967
"Altes Holz-Kriegshorn",3968
"Alter Holz-Kurzbogen",3969
"Schaufler-Feuerwaffe",3970
"Zerstörer-Schlägel",3971
"Alte Holz-Harpunenschleuder",3972
"Krait-Schneckenhorn",3973
"Verdorbenes Bollwerk",3974
"Perlen-Flammenschale",3975
"Perlen-Handkanone",3976
"Bronze-Speer",3977
"Perlen-Muschel",3978
"Banditen-Schlaghammer",3979
"Gottschädel-Zermalmer",3980
"Krait-Zauberstab",3981
"Verdorbener Rächer",3982
"Gottschädel-Klinge",3983
"Verdorbene Scherbe",3984
"Krait-Kurzbogen",3985
"Banditen-Henkersbeil",3986
"Harter Holz-Langbogen",3987
"Harter Holz-Dreizack",3988
"Gottschädel-Abbild",3989
"Harter Holz-Kurzbogen",3990
"Schaufler-Blatt-Streitkolben",3991
"Mithril-Pistole",3992
"Oger-Hornbogen",3993
"Bronze-Dolch",3994
"Perlen-Rute",3995
"Verzierte Fackel",3996
"Verzierter Zerfleischer",3997
"Hartes Holz-Kriegshorn",3998
"Krait-Harpunenschleuder",3999
"Eisen-Speer",4000
"Oger-Dreizack",4001
"Schaufler-Knochenhäuer",4002
"Verzierter Zermalmer",4003
"Bronze-Schild",4004
"Bronze-Großschwert",4005
"Dunkelstahl-Streitkolben",4006
"Oger-Kurzbogen",4007
"Dunkelstahl-Axt",4008
"Eisen-Dolch",4009
"Gottschädel-Dreihorn",4010
"Verzierte Ikone",4011
"Eisen-Schild",4012
"Krait-Faustfeuerwaffe",4013
"Oger-Vorbote",4014
"Eisen-Großschwert",4015
"Gottschädel-Cesta",4016
"Krait-Recurvebogen",4017
"Banditen-Speer",4018
"Harte Holz-Harpunenschleuder",4019
"Banditen-Entzweier",4020
"Verzierter Rufer",4021
"Verdorbene Kriegs-Fackel",4022
"Banditen-Schutz",4023
"Alter Holz-Langbogen",4024
"Oger-Harpunenschleuder",4025
"Verdorbene Klinge",4026
"Verdorbener Vorschlaghammer",4027
"Schaufler-Speer",4028
"Banditen-Messer",4029
"Verzierter Nadler",4030
"Verzierter Dreizack",4031
"Verzierter Zauberstab",4032
"Oger-Prügel",4033
"Dunkelstahl-Pistole",4034
"Oger-Henkersbeil",4035
"Mithril-Streitkolben",4036
"Verdorbenes Artefakt",4037
"Zerstörer-Stab",4038
"Oger-Steinschloss",4039
"Schaufler-Entzweier",4040
"Schaufler-Barrikade",4041
"Schaufler-Blutvergießer",4042
"Dunkelstahl-Speer",4043
"Verzierter Harpunenschießer",4044
"Perlen-Stecher",4045
"Mithril-Axt",4046
"Bronze-Schwert",4047
"Bronze-Hammer",4048
"Dunkelstahl-Schild",4049
"Verzierter Stecher",4050
"Verdorbener Kurzbogen",4051
"Krait-Streitaxt",4052
"Verdorbener Vorbote",4053
"Grüner Holz-Stab",4054
"Dunkelstahl-Großschwert",4055
"Verzierte Feuerwaffe",4056
"Verdorbener Dreizack",4057
"Zerstörer-Gewehr",4058
"Verdorbenes Zepter",4059
"Eisen-Hammer",4060
"Dunkelstahl-Dolch",4061
"Eisen-Schwert",4062
"Krait-Morgenstern",4063
"Oger-Wurfspeer",4064
"Oger-Langdolch",4065
"Banditen-Demolierer",4066
"Geschmeidiger Holz-Stab",4067
"Oger-Bollwerk",4068
"Verdorbene Harpunenschleuder",4069
"Banditen-Schneider",4070
"Oger-Langschwert",4071
"Gottschädel-Muskete",4072
"Mithril-Speer",4073
"Perlen-Spalter",4074
"Perlen-Prügel",4075
"Bronze-Gewehr",4076
"Banditen-Zackenstab",4077
"Krait-Pilum",4078
"Mithril-Dolch",4079
"Verdorbener Revolver",4080
"Mithril-Großschwert",4081
"Schaufler-Pulverisierer",4082
"Mithril-Schild",4083
"Verdorbener Großbogen",4084
"Schaufler-Schneide",4085
"Perlen-Pfähler",4086
"Dunkelstahl-Hammer",4087
"Schaufler-Zackenstab",4088
"Krait-Bezwinger",4089
"Dunkelstahl-Schwert",4090
"Krait-Schlitzer",4091
"Eisen-Gewehr",4092
"Krait-Muschel",4093
"Harter Holz-Stab",4094
"Oger-Brecher",4095
"Banditen-Muskete",4096
"Perlen-Schnitzer",4097
"Perlen-Schale",4098
"Perlen-Breitschwert",4099
"Oger-Krummsäbel",4100
"Oger-Kriegs-Stab",4101
"Mithril-Hammer",4102
"Mithril-Schwert",4103
"Schaufler-Donnerstock",4104
"Alter Holz-Stab",4105
"Krait-Kriegshammer",4106
"Dunkelstahl-Gewehr",4107
"Krait-Machete",4108
"Perlen-Zermalmer",4109
"Oger-Blaster",4110
"Krait-Krummstab",4111
"Perlen-Säbel",4112
"Perlen-Kurzstab",4113
"Mithril-Gewehr",4114
"Gottschädel-Langstab",4115
"Krait-Schießer",4116
"Perlen-Donnerbüchse",4117
"Verzierter Kriegs-Stab",4118
"Verzierter Schießer",4119
"Verdorbener Zweig",4120
"Verdorbener Strahler",4121
"Antike Viridian-Flammenschale",4122
"Antike Viridian-Harpunenschleuder",4123
"Antike Zitrin-Flammenschale",4124
"Antike Purpur-Flammenschale",4125
"Antike Zitrin-Harpunenschleuder",4126
"Antiker Viridian-Dreizack",4127
"Antike Purpur-Harpunenschleuder",4128
"Antike Terrakotta-Flammenschale",4129
"Antiker Zitrin-Dreizack",4130
"Antike Kobalt-Flammenschale",4131
"Antike Terrakotta-Harpunenschleuder",4132
"Antike Kalk-Flammenschale",4133
"Antiker Purpur-Dreizack",4134
"Antike Kobalt-Harpunenschleuder",4135
"Antiker Viridian-Herold",4136
"Antike Kalk-Harpunenschleuder",4137
"Antiker Terrakotta-Dreizack",4138
"Antike violette Flammenschale",4139
"Antike violette Harpunenschleuder",4140
"Antiker Zitrin-Herold",4141
"Antiker Kobalt-Dreizack",4142
"Antiker Purpur-Herold",4143
"Antiker Kalk-Dreizack",4144
"Antiker violetter Dreizack",4145
"Antiker Viridian-Kurzbogen",4146
"Antiker Terrakotta-Herold",4147
"Antiker Zitrin-Kurzbogen",4148
"Antiker Kobalt-Herold",4149
"Antiker Kalk-Herold",4150
"Antiker Purpur-Kurzbogen",4151
"Antiker Terrakotta-Kurzbogen",4152
"Antiker violetter Herold",4153
"Antiker Kobalt-Kurzbogen",4154
"Antiker Kalk-Kurzbogen",4155
"Eisen-Stangenwaffe",4156
"Antiker violetter Kurzbogen",4157
"Antiker Viridian-Pfähler",4158
"Antiker Zitrin-Pfähler",4159
"Antiker Purpur-Pfähler",4160
"Antiker Terrakotta-Pfähler",4161
"Antiker Kobalt-Pfähler",4162
"Antiker Kalk-Pfähler",4163
"Antiker violetter Pfähler",4164
"Antikes Viridian-Artefakt",4165
"Antiker Viridian-Revolver",4166
"Antiker Zitrin-Revolver",4167
"Antikes Zitrin-Artefakt",4168
"Antiker Purpur-Revolver",4169
"Antikes Purpur-Artefakt",4170
"Antiker Terrakotta-Revolver",4171
"Antikes Terrakotta-Artefakt",4172
"Antiker Viridian-Spalter",4173
"Antiker Kobalt-Revolver",4174
"Antiker Zitrin-Spalter",4175
"Antiker Viridian-Blatt-Streitkolben",4176
"Antikes Kobalt-Artefakt",4177
"Antiker Zitriner Blatt-Streitkolben",4178
"Antiker Purpur-Spalter",4179
"Antikes Kalk-Artefakt",4180
"Antiker Kalk-Revolver",4181
"Antikes violettes Artefakt",4182
"Antiker Purpurner Blatt-Streitkolben",4183
"Antiker Terrakotta-Spalter",4184
"Antiker violetter Revolver",4185
"Antiker Kobalt-Spalter",4186
"Antiker Terrakotta Blatt-Streitkolben",4187
"Antiker Kobalt-Blatt-Streitkolben",4188
"Antiker Kalk-Spalter",4189
"Antiker Kalker Blatt-Streitkolben",4190
"Antiker violetter Spalter",4191
"Antiker Viridian-Großbogen",4192
"Antiker violetter Blatt-Streitkolben",4193
"Antiker Viridian-Zauberstab",4194
"Antiker Zitrin-Großbogen",4195
"Antiker Zitrin-Zauberstab",4196
"Antike Viridian-Bastion",4197
"Antiker Purpur-Großbogen",4198
"Antike Viridian-Muskete",4199
"Antike Zitrin-Muskete",4200
"Antiker Purpur-Zauberstab",4201
"Antiker Terrakotta-Großbogen",4202
"Antike Zitrin-Bastion",4203
"Antike Purpur-Bastion",4204
"Antike Purpur-Muskete",4205
"Antiker Terrakotta-Zauberstab",4206
"Antiker Kobalt-Großbogen",4207
"Antike Terrakotta-Bastion",4208
"Antiker Kalk-Großbogen",4209
"Antike Terrakotta-Muskete",4210
"Antiker Kobalt-Zauberstab",4211
"Antiker violetter Großbogen",4212
"Antike Kobalt-Muskete",4213
"Antike Kobalt-Bastion",4214
"Antiker Kalk-Zauberstab",4215
"Antike Kalk-Bastion",4216
"Antike Kalk-Muskete",4217
"Antiker violetter Zauberstab",4218
"Antike violette Bastion",4219
"Antike violette Muskete",4220
"Antikes Viridian-Claymore",4221
"Antikes Zitrin-Claymore",4222
"Antikes Purpur-Claymore",4223
"Antikes Terrakotta-Claymore",4224
"Antikes Kobalt-Claymore",4225
"Antikes Kalk-Claymore",4226
"Antikes violettes Claymore",4227
"Adamant-Gardisten-Bogen",4228
"Antiker Viridian-Kriegshammer",4229
"Antiker Zitrin-Kriegshammer",4230
"Antiker Purpur-Kriegshammer",4231
"Antiker Terrakotta-Kriegshammer",4232
"Antiker Kobalt-Kriegshammer",4233
"Antiker Kalk-Kriegshammer",4234
"Antiker violetter Kriegshammer",4235
"Antiker Viridian-Schnitter",4236
"Antiker Zitrin-Schnitter",4237
"Antiker Purpur-Schnitter",4238
"Antiker Viridian-Zackenstab",4239
"Antiker Terrakotta-Schnitter",4240
"Antiker Zitrin-Zackenstab",4241
"Antiker Kobalt-Schnitter",4242
"Antiker Kalk-Schnitter",4243
"Antiker Purpur-Zackenstab",4244
"Antiker Terrakotta-Zackenstab",4245
"Antiker violetter Schnitter",4246
"Antiker Kobalt-Zackenstab",4247
"Antiker Kalk-Zackenstab",4248
"Antiker violetter Zackenstab",4249
"Antike Viridian-Klinge",4250
"Antike Zitrin-Klinge",4251
"Antike Purpur-Klinge",4252
"Antike Terrakotta-Klinge",4253
"Antike Kobalt-Klinge",4254
"Antike Kalk-Klinge",4255
"Antike violette Klinge",4256
"Hainhüter-Kriegshorn",4257
"Hainhüter-Zepter",4258
"Hainhüter-Streitkolben",4259
"Hainhüter-Axt",4260
"Hainhüter-Langbogen",4261
"Hainhüter-Schild",4262
"Friedensstifter-Dreizack",4263
"Hainhüter-Schwert",4264
"Adamant-Gardisten-Pistole",4265
"Friedensstifter-Fokus",4266
"Friedensstifter-Zepter",4267
"Friedensstifter-Pistole",4268
"Hainhüter-Stab",4269
"Hainhüter-Pistole",4270
"Seraphen-Großschwert",4271
"Wolfsrudel-Fackel",4272
"Friedensstifter-Gewehr",4273
"Seraphen-Streitkolben",4274
"Wolfsrudel-Kriegshorn",4275
"Wolfsrudel-Kurzbogen",4276
"Hainhüter-Dreizack",4277
"Friedensstifter-Schild",4278
"Friedensstifter-Stab",4279
"Adamant-Gardisten-Fackel",4280
"Adamant-Gardisten-Kanone",4281
"Adamant-Gardisten-Dreizack",4282
"Wolfsrudel-Speerschleuder",4283
"Seraphen-Fackel",4284
"Seraphen-Speerschleuder",4285
"Wolfsrudel-Dreizack",4286
"Friedensstifter-Fackel",4287
"Friedensstifter-Speerschleuder",4288
"Adamant-Gardisten-Kriegshorn",4289
"Hainhüter-Fackel",4290
"Seraphen-Dreizack",4291
"Hainhüter-Speerschleuder",4292
"Wolfsrudel-Pistole",4293
"Wolfsrudel-Fokus",4294
"Seraphen-Kriegshorn",4295
"Friedensstifter-Kriegshorn",4296
"Wolfsrudel-Streitkolben",4297
"Wolfsrudel-Axt",4298
"Hainhüter-Harpunenschleuder",4299
"Adamant-Gardisten-Gewehr",4301
"Wolfsrudel-Zepter",4302
"Wolfsrudel-Langbogen",4303
"Wolfsrudel-Schild",4304
"Wolfsrudel-Gewehr",4305
"Adamant-Gardisten-Kurzbogen",4306
"Seraphen-Kurzbogen",4307
"Adamant-Gardisten-Großschwert",4308
"Hainhüter-Fokus",4309
"Adamant-Gardisten-Speer",4310
"Friedensstifter-Streitkolben",4311
"Friedensstifter-Kurzbogen",4312
"Seraphen-Pistole",4313
"Hainhüter-Kurzbogen",4314
"Wolfsrudel-Harpune",4315
"Wolfsrudel-Großschwert",4316
"Seraphen-Speer",4317
"Friedensstifter-Speer",4318
"Adamant-Gardisten-Schild",4319
"Hainhüter-Speer",4320
"Adamant-Gardisten-Streitkolben",4321
"Adamant-Gardisten-Gerät",4322
"Adamant-Gardisten-Hammer",4323
"Seraphen-Fokus",4324
"Adamant-Gardisten-Axt",4325
"Seraphen-Axt",4326
"Adamant-Gardisten-Zepter",4327
"Seraphen-Schild",4328
"Friedensstifter-Axt",4329
"Seraphen-Zepter",4330
"Seraphen-Langbogen",4331
"Friedensstifter-Langbogen",4332
"Seraphen-Gewehr",4333
"Wolfsrudel-Hammer",4334
"Friedensstifter-Großschwert",4335
"Hainhüter-Gewehr",4336
"Hainhüter-Großschwert",4337
"Adamant-Gardisten-Dolch",4338
"Seraphen-Hammer",4339
"Friedensstifter-Hammer",4340
"Hainhüter-Dolch",4341
"Wolfsrudel-Dolch",4342
"Hainhüter-Hammer",4343
"Wolfsrudel-Stab",4344
"Wolfsrudel-Schwert",4345
"Seraphen-Dolch",4346
"Adamant-Gardisten-Stab",4347
"Friedensstifter-Dolch",4348
"Seraphen-Stab",4349
"Friedensstifter-Schwert",4350
"Adamant-Gardisten-Klinge",4351
"Seraphen-Schwert",4352
"Geschmolzener Schild",4353
"Geschmolzene Pistole",4354
"Geschmolzener Hammer",4355
"Königlicher Ascalon-Fokus",4356
"Königliches Ascalon-Zepter",4357
"Inquestur-Fackel",4358
"Dunkler Asura-Fokus",4359
"Königliche Ascalon-Axt",4360
"Königlicher Ascalon-Streitkolben",4361
"Drachentiefen-Fackel",4362
"Königlicher Ascalon-Langbogen",4363
"Inquestur-Kurzbogen",4364
"Kodan-Fackel",4365
"Kodan-Speerschleuder",4366
"Drachentiefen-Kurzbogen",4367
"Goldenes Flügel-Kriegshorn",4368
"Kodan-Kurzbogen",4369
"Königlicher Ascalon-Schild",4370
"Goldene Flügel-Fackel",4371
"Königliches Ascalon-Großschwert",4372
"Königlicher Ascalon-Dolch",4373
"Goldener Flügel-Kurzbogen",4374
"Dunkle Asura-Speerschleuder",4375
"Geschmolzene Fackel",4376
"Geschmolzener Kurzbogen",4377
"Dunkle Asura-Pistole",4378
"Dunkler Asura-Streitkolben",4379
"Albtraum-Fackel",4380
"Dunkler Asura-Dolch",4381
"Dunkle Asura-Fackel",4382
"Albtraum-Kurzbogen",4383
"Königliche Ascalon-Fackel",4384
"Königlicher Ascalon-Hammer",4385
"Dunkler Asura-Kurzbogen",4387
"Kodan-Dolch",4388
"Inquestur-Kriegshorn",4389
"Königlicher Ascalon-Kurzbogen",4390
"Drachentiefen-Kriegshorn",4391
"Fraktal-Fackel",4392
"Fraktal-Kurzbogen",4393
"Kodan-Kriegshorn",4394
"Geschmolzenes Kriegshorn",4395
"Königliches Ascalon-Schwert",4396
"Geschmolzener Dreizack",4397
"Dunkle Asura-Harpune",4398
"Albtraum-Kriegshorn",4399
"Königlicher Ascalon-Stab",4400
"Dunkles Asura-Kriegshorn",4401
"Inquestur-Dreizack",4402
"Königliches Ascalon-Kriegshorn",4403
"Eisenhut",4404
"Fraktal-Kriegshorn",4405
"Drachentiefen-Dreizack",4406
"Goldener Flügel-Langbogen",4407
"Kodan-Dreizack",4408
"Inquestur-Fokus",4409
"Inquestur-Speerschleuder",4410
"Goldener Flügel-Dreizack",4411
"Dunkles Asura-Gewehr",4412
"Kodan-Gewehr",4413
"Drachentiefen-Fokus",4414
"Albtraum-Dreizack",4415
"Drachentiefen-Speerschleuder",4416
"Goldene Flügel-Speerschleuder",4417
"Kodan-Fokus",4418
"Wolfswurz",4419
"Dunkler Asura-Dreizack",4420
"Königlicher Ascalon-Dreizack",4421
"Goldener Flügel-Fokus",4422
"Geschmolzene Speerschleuder",4423
"Kodan-Hammer",4424
"Inquestur-Langbogen",4425
"Geschmolzener Fokus",4426
"Fraktal-Dreizack",4427
"Albtraum-Speerschleuder",4428
"Schierling",4429
"Drachentiefen-Langbogen",4430
"Königliche Ascalon-Speerschleuder",4431
"Inquestur-Pistole",4432
"Albtraum-Fokus",4433
"Drachentiefen-Schild",4434
"Inquestur-Axt",4435
"Kodan-Langbogen",4436
"Fraktal-Speerschleuder",4437
"Fraktal-Fokus",4438
"Inquestur-Zepter",4439
"Drachentiefen-Pistole",4440
"Drachentiefen-Zepter",4441
"Kodan-Pistole",4442
"Inquestur-Streitkolben",4443
"Geschmolzener Langbogen",4444
"Drachentiefen-Axt",4445
"Albtraum-Langbogen",4446
"Kodan-Axt",4447
"Drachentiefen-Streitkolben",4448
"Kodan-Zepter",4449
"Goldener Flügel-Schild",4450
"Goldene Flügel-Pistole",4451
"Dunkler Asura-Langbogen",4452
"Goldenes Flügel-Zepter",4453
"Goldene Flügel-Axt",4454
"Kodan-Streitkolben",4455
"Albtraum-Pistole",4456
"Königliche Ascalon-Pistole",4457
"Geschmolzenes Zepter",4458
"Goldener Flügel-Streitkolben",4459
"Geschmolzene Axt",4460
"Inquestur-Großschwert",4461
"Fraktal-Langbogen",4462
"Goldenes Flügel-Gewehr",4463
"Albtraum-Axt",4464
"Albtraum-Zepter",4465
"Fraktal-Pistole",4466
"Geschmolzener Streitkolben",4467
"Drachentiefen-Großschwert",4468
"Drachentiefen-Hammer",4469
"Dunkle Asura-Axt",4470
"Inquestur-Harpune",4471
"Kodan-Großschwert",4472
"Dunkles Asura-Zepter",4473
"Albtraum-Streitkolben",4474
"Goldenes Flügel-Großschwert",4475
"Drachentiefen-Harpune",4476
"Fraktal-Axt",4477
"Fraktal-Streitkolben",4478
"Fraktal-Zepter",4479
"Kodan-Harpune",4480
"Geschmolzenes Großschwert",4481
"Albtraum-Großschwert",4482
"Goldene Flügel-Harpune",4483
"Blutlilie",4484
"Inquestur-Gewehr",4485
"Geschmolzene Harpune",4486
"Dunkles Asura-Großschwert",4487
"Todesspross",4488
"Fraktal-Großschwert",4489
"Albtraum-Harpune",4490
"Drachentiefen-Gewehr",4491
"Geschmolzenes Gewehr",4492
"Königliche Ascalon-Harpune",4493
"Drachentiefen-Stab",4494
"Fraktal-Harpune",4495
"Albtraum-Gewehr",4496
"Pfeilginster",4497
"Königliches Ascalon-Gewehr",4498
"Jochlilie",4499
"Fraktal-Gewehr",4500
"Inquestur-Schild",4501
"Goldener Flügel-Stab",4502
"Kodan-Schild",4503
"Mönchskappe",4504
"Albtraum-Schild",4505
"Inquestur-Hammer",4506
"Inquestur-Dolch",4507
"Dunkler Asura-Schild",4508
"Drachentiefen-Dolch",4509
"Fraktal-Schild",4510
"Goldener Flügel-Hammer",4511
"Albtraum-Hammer",4512
"Natternwurz",4513
"Goldener Flügel-Dolch",4514
"Geschmolzener Dolch",4515
"Dunkler Asura-Hammer",4516
"Albtraum-Dolch",4517
"Drachentiefen-Schwert",4518
"Fraktal-Hammer",4519
"Blutwurz",4520
"Fraktal-Dolch",4521
"Goldenes Flügel-Schwert",4522
"Belladonna",4523
"Modniir-Schnitzer",4524
"Inquestur-Stab",4525
"Schattwurz",4526
"Kodan-Stab",4527
"Geschmolzener Stab",4528
"Albtraum-Stab",4529
"Dunkler Asura-Stab",4530
"Fraktal-Stab",4531
"Dunkles Asura-Schwert",4532
"Bilsenkraut",4533
"Trauerdorn",4534
"Inquestur-Schwert",4535
"Kodan-Schwert",4536
"Geschmolzenes Schwert",4537
"Albtraum-Schwert",4538
"Fraktal-Schwert",4539
"Xanthium",4540
"Engelstrompete",4541
"Gilden-Kurzbogen",4542
"Gilden-Speerschleuder",4543
"Gilden-Gewehr",4544
"Gilden-Pistole",4545
"Gilden-Langbogen",4546
"Gilden-Henkersbeil",4547
"Gilden-Schild",4548
"Gilden-Harpunenschleuder",4549
"Gilden-Flamme",4550
"Gilden-Kriegsrufer",4551
"Gilden-Dreizack",4552
"Gilden-Stab",4553
"Gilden-Schnellschuss",4554
"Gilden-Reflexbogen",4555
"Gilden-Prügler",4556
"Gilden-Speer",4557
"Gilden-Fokus",4558
"Gilden-Schlagstock",4559
"Gilden-Breitaxt",4560
"Gilden-Turmschild",4561
"Gilden-Scharfschuss",4562
"Gilden-Compoundbogen",4563
"Gilden-Entzweier",4564
"Gilden-Zermalmer",4565
"Gilden-Klinge",4566
"Gilden-Säule",4567
"Gilden-Spatha",4568
"Flammendes Signal",4569
"Bergrufer-Kriegshorn",4570
"Lebender Kurzbogen",4571
"Chimärischer Prismafokus",4572
"Deldrimor-Streitkolben",4573
"Seedonner-Pistole",4574
"Stygische Axt",4575
"Eigensinniger Zauberstab",4576
"Ithas-Langbogen",4577
"Diamanten-Aegis-Schild",4578
"Radschloss-Gewehr",4579
"Todesklinge",4580
"Eisbrecher",4581
"Zenturios Klaue",4582
"Knorriger Gehstock",4583
"Feuriges Drachen-Schwert",4584
"Piraten-Flammenschale",4585
"Ebon-Vorhut-Fokus",4586
"Modniir-Vorbote",4587
"Ebon-Vorhut-Speerschleuder",4588
"Ebon-Vorhut-Kriegshorn",4589
"Ebon-Vorhut-Zepter",4590
"Piraten-Steinschloss",4591
"Modniir-Ausweider",4592
"Löwengarden-Kriegshorn",4593
"Modniir-Flachbogen",4594
"Modniir-Schutz",4595
"Piraten-Speerschleuder",4596
"Ebon-Vorhut-Harpune",4597
"Ebon-Vorhut-Axt",4598
"Löwengarden-Dreispieß",4599
"Piraten-Schlagstock",4600
"Löwengarden-Gizmo",4601
"Löwengarden-Zepter",4602
"Piraten-Töter",4603
"Löwengarden-Harpunenschleuder",4604
"Löwengarden-Pistole",4605
"Piraten-Entermesser",4606
"Piraten-Beil",4607
"Modniir-Donnerstock",4608
"Löwengarden-Großschwert",4609
"Ebon-Vorhut-Gewehr",4610
"Löwengarden-Schwert",4611
"Ebon-Vorhut-Hammer",4612
"Modniir-Kurzstab",4613
"Löwengarden-Bogen",4614
"Ebon-Vorhut-Dolch",4615
"Piraten-Donnerstock",4616
"Löwengarden-Harpune",4617
"Modniir-Säbel",4618
"Löwengarden-Streitkolben",4619
"Piraten-Vorschlaghammer",4620
"Piraten-Blutschinder",4621
"Löwengarden-Schild",4622
"Piraten-Krücke",4623
"Ebon-Vorhut-Langbogen",4624
"Löwengarden-Gewehr",4625
"Piraten-Clairon",4626
"Löwengarden-Hammer",4627
"Löwengarden-Stab",4628
"Ebon-Vorhut-Schwert",4629
"Piraten-Harpune",4630
"Modniir-Harpunenschleuder",4631
"Modniir-Kriegsfackel",4632
"Piraten-Fokus",4633
"Modniir-Dreizack",4634
"Löwengarden-Brandmal",4635
"Löwengarden-Kanone",4636
"Ebon-Vorhut-Fackel",4637
"Ebon-Vorhut-Stab",4638
"Löwengarden-Dreizack",4639
"Ebon-Vorhut-Dreizack",4640
"Piraten-Dreizack",4641
"Piraten-Gehstock",4642
"Modniir-Stachel",4643
"Ebon-Vorhut-Pistole",4644
"Modniir-Pfähler",4645
"Löwengarden-Kurzbogen",4646
"Modniir-Revolver",4647
"Ebon-Vorhut-Kurzbogen",4648
"Piraten-Nadler",4649
"Löwengarden-Speer",4650
"Modniir-Bestrafer",4651
"Modniir-Abbild",4652
"Ebon-Vorhut-Speer",4653
"Ebon-Vorhut-Streitkolben",4654
"Modniir-Schlagstock",4655
"Löwengarden-Axt",4656
"Ebon-Vorhut-Schild",4657
"Piraten-Barrikade",4658
"Piraten-Halbmond",4659
"Modniir-Entzweier",4660
"Ebon-Vorhut-Großschwert",4661
"Modniir-Pulverisierer",4662
"Löwengarden-Dolch",4663
"Raserei",4664
"Rodgort",4665
"Kraitkin",4666
"Heuler",4667
"Knaller",4668
"Der Träumer",4669
"Der Bierrat",4670
"Kamohoali'i Kotaki",4671
"Der Minnesänger",4672
"Meteorlogikus",4673
"Frostfang",4674
"Die Flammensucher-Prophezeiungen",4675
"Kudzu",4676
"Das Raubtier",4677
"Ewigkeit",4678
"Sonnenaufgang",4679
"Düsternis",4680
"Der Moloch",4681
"Verbrenner",4682
"Der Bifröst",4683
"Blitz",4684
"Stachelkeule",4685
"Arachnophobia",4686
"Glutglühen",4687
"Der Verrückte Mond",4688
"Schreckensschwinge",4689
"Annelid-Gewehr",4690
"Droknar-Schmiedhammer",4691
"Die Kreuzung",4692
"Perfektioniertes Gewehr",4693
"Grinsendes Kürbis-Gewehr",4694
"Blick Lyssas",4695
"Gipfel-Lederschild",4696
"Bogen des weißen Hirschs",4697
"Blut-Legion-Schild",4698
"Jora-Verteidiger",4699
"Treuer Spalter",4700
"Jotun-Großschwert",4701
"Wächter der Sechs",4702
"Eir-Langbogen",4703
"Ruinbringer",4704
"Flüsterklinge",4705
"Nadeln des Straßenkinds",4706
"Umarmung Krytas",4707
"Stille",4708
"Spalter der Nebel",4709
"Resonator",4710
"Blutsucher",4711
"Schwarzerd-Dreizack",4712
"Vernichter",4713
"Unendliches Licht",4714
"Ignus Fatuus",4715
"Zwillingsschwestern",4716
"Glyzinie",4717
"Faulbär-Glücksfedern",4718
"Schwarzflotten-Prügel",4719
"Trugbild",4720
"Eisen-Legion-Schild",4721
"Glutstock",4722
"Asche-Legion-Schild",4723
"Windsturm",4724
"Avirdanag",4725
"Zhaitan-Einfluss",4726
"Eidolon",4727
"Irreführer",4728
"Ernter der Seelen",4729
"Scherbe der Tiefe",4730
"Vision der Nebel",4731
"Okkultisten-Flamme",4732
"X6-31 Beta",4733
"Albtraum Razahs",4734
"Der Stachelrochen",4735
"Steingrasspitze",4736
"Rodgort-Flamme",4737
"Stygische Klinge",4738
"Totschlagrufer",4739
"Lindwurmschlag",4740
"Feuermacher",4741