"Pourfendeur",1
"Héros",2
"Conquérant JcJ",3
"Marchand",4
"Explorateur",5
"Mode",6
"Maître d'arme",7
"Communauté",10
"Panthéon des Hauts Faits",11
"Monde contre Monde",13
"Puzzles de saut",14
"Boss",16
"Super Adventure Box : Monde 1",22
"Secret de Sud-Soleil",23
"La Foire du Dragon",25
"Donjons",27
"Un très joyeux Hivernel 2012",28
"Ombre du Roi Dément",29
"Fractales des Brumes",30
"Bagarre de barils",31
"Bazar des Quatre Vents",34
"Bluff de l'éructeur",35
"Soutenir Ellen Kiel",36
"Soutenir Evon Grincelame",37
"Course du Sanctuaire",38
"Survie à Sud-Soleil",39
"Lancer de crabe",40
"Le jubilé de la reine Jennah",41
"Le Défi de la reine",42
"Chaos mécanique",43
"Assistant de terrain de l'émissaire Vorpp",44
"Super Adventure Box : Monde 2",45
"Super Adventure Box : mode tribulation",46
"Tequatl",47
"Semaine du boss",48
"Saison 1 Monde contre Monde",49
"L'offensive du crépuscule",50
"Chemin de l'éther de la Tonnelle du crépuscule",51
"Sang et démence",52
"Tour des Cauchemars",53
"Au cœur des Cauchemars",54
"Fracture !",55
"La fin des Cauchemars",56
"Un très joyeux Hivernel 2013",57
"Triple terreur",58
"Les origines de la folie",59
"La lisière des Brumes",60
"La lisière des Brumes",61
"Les réfugiés de l'Arche du Lion",62
"La bataille pour l'Arche du Lion",65
"Tournoi McM du printemps 2014",66
"Festival des Quatre Vents",67
"À l'orée de Maguuma",68
"Cimesèche",69
"Emprise maléfique",70
"L'ombre du dragon : \n 1re partie",71
"L'ombre du dragon :\n 2e partie\n",72
"Succès supprimés",73
"Tournoi McM de l'automne 2014",74
"Collections rares",75
"Collections du Lion noir",76
"Collections basiques",77
"Sang et démence",78
"Succès quotidiens d'Halloween",79
"Les Contrées sauvages d'argent",80
"Le spectre du temps",81
"La voie des ronces",82
"Les graines de la vérité",83
"Fractales quotidiennes",88
"Quotidien",97
"Succès quotidiens d'Hivernel",98
"Un très joyeux Hivernel 2014",99
"Le point de non-retour",100
"Activités saisonnières",101
"Succès quotidiens du nouvel an lunaire",102
"Heart of Thorns : acte 1",104
"Sources de connaissance de maîtrise",108
"Repli du dragon",109
"Spécialisations",110
"Bassin aurique",111
"Profondeurs verdoyantes",112
"Armes légendaires",114
"Orée d'émeraude",116
"Collections de spécialisation",117
"Sacs à dos légendaires",118
"Ombre du Roi Dément",119
"Heart of Thorns : acte 4",121
"Heart of Thorns : acte 3",122
"Heart of Thorns : acte 2",123
"Vallée des esprits",124
"Armure légendaire",125
"Année de l'Ascension I",126
"Année de l'Ascension IV",127
"Année de l'Ascension II",129
"Année de l'Ascension III",130
"Un très joyeux Hivernel 2015",131
"Nouvel an lunaire 2016",132
"Le Destructeur",133
"Passage de la rédemption",134
"Fractales des Brumes",136
"Événements actuels",137
"Forteresse des Fidèles",138
"Hors des ombres",139
"Revanche du Capricorne",141
"Amphithéâtre éternel",143
"L'Embrasement",144
"Ombre du Roi Dément",146
"Une fissure dans la glace",147
"Fractale des Cauchemars",148
"Le merveilleux atelier du fabricant de jouets Tixx",150
"Nouvel an lunaire 2017",151
"Forêt de Niflhel",152
"Héritage du Fléau de feu",153
"La tête du serpent",154
"Bastion du pénitent",155
"Bataille de Kyhlo",156
"Temple de la Tempête silencieuse",157
"Bataille du crépuscule du Champion",158
"Observatoire des Esprits",160
"Marteau céleste",161
"Festival de la Super Adventure quotidien",162
"Point d'ignition",164
"Sources de connaissance de maîtrise",169
"Fractale de l'observatoire détruit",170
"À la fin du chemin",171
"Colifichets légendaires",173
"Domaine de Vabbi",174
"Chevalier de l'épine",175
"La Désolation",176
"Occurrences d'anomalie",177
"Spécialisations",178
"Oasis de cristal",179
"Préservation de la magie",180
"Désert de cristal",181
"Rives de l'Elon",182
"Path of Fire : acte 2",183
"Chasseur de transferts",184
"Récupération des armes du Désert de cristal",185
"Justice de la lame",186
"Path of Fire : acte 3",187
"Path of Fire : acte 1",188
"Sources de connaissance de maîtrise",189
"Hautes-terres du désert",190
"Rituels d'Halloween",191
"Garde-robe lunatique",192
"Ombre du Roi Dément",193
"Salle des chaînes",195
"Aube",196
"Traditions d'Hivernel",197
"Présence hivernale",198
"Dragonballeur",199
"Traditions du Nouvel an",200
"Nouvel an lunaire quotidien",201
"Nouvel an lunaire",202
"Un bug dans le système",203
"Super Adventure Box : Nostalgie",205
"Chasseur de trésor englouti",206
"Chasseur de trésor englouti quotidien",207
"Longue vie à la liche",209
"Festival des Quatre Vents",210
"Pavillon de la Couronne",211
"Coutumes des Quatre Vents",212
"Festival quotidien des Quatre Vents",213
"Défi de la reine",214
"Gambit de forgeconte",215
"Guidés par une étoile",216
"Empire du djinn",218
"Course de scaraboules",220
"Course de scaraboules quotidienne",221
"Quitte ou double",224
"Razziafelis en Monde contre Monde",225
"Guerre éternelle",226
"Course aux boss",228
"La clé d'Ahdashim",229
"Succès JcJ historiques",230
"La Foire du Dragon",231
"Prouesses de la Foire du Dragon",232
"Foire du Dragon (quotidien)",233
"Prologue : Liés par le sang",236
"Collections festivalières",237
"Succès quotidiens de la saison 3 du Monde vivant",238
"Murmure dans la nuit",241
"Succès quotidiens de la saison 4 du Monde vivant",243
"Drakkar",245
"Une ombre dans la glace",246
"Didacticiel",247
"Saisons JcJ",248
"Mission d'attaque quotidienne",250
"Visions du passé : L'acier et le feu",251
"Pas de quartier",253
"L'emprise de Jormag",254
"Course aux méta-événements",256
"Course aux champions",257
"Fractale du Pic de Sunqua",258
"Course aux fractales",260
"Fractales hebdomadaires",261
"Mobilisation de la Fleur de cristal",262
"Mobilisation de l'Avant-garde d'Ebon",263
"Récompenses de mobilisation mondiale",265
"Champions",266
"Mobilisation des Nains de Deldrimor",267
"Récompenses de mobilisation mondiale",268
"Récompenses de mobilisation mondiale",270
"Récompenses de mobilisation mondiale",271
"Mobilisation des Tengus",272
"Récompenses de mobilisation mondiale",273
"Mobilisation des Exaltés",274
"Récompenses de mobilisation mondiale",275
"Récompenses de mobilisation mondiale",276
"Mobilisation de la Légion de la Flamme",277
"Mobilisation des Olmakhans",278
"Récompenses de mobilisation mondiale",279
"Mobilisation des Skritts",280
"Récompenses de mobilisation mondiale",281
"Mobilisation des Kodans",282
"Tempête de dragons",284
"Retour dans \"Hors des ombres\"",285
"Retour dans \"Les graines de la vérité\" et \"Le point de non-retour\"",286
"Retour dans \"Point d'ignition\"",287
"Retour dans \"La tête du serpent\"",288
"Retour dans \"Une fissure dans la glace\"",289
"Retour dans \"L'Embrasement\"",290
"Retour dans \"À l'orée de Maguuma\" et \"Emprise maléfique\"",291
"Retour dans \"L'ombre du dragon\"",292
"Panique des portails",293
"Retour dans \"À la fin du chemin\"",294
"Retour dans \"Le spectre du temps\" et \"La voie des ronces\"",295
"La vengeance de la marionnette",296
"Courroux de la marionnette détraquée",297
"Retour dans \"Des murmures dans la nuit\"",298
"Retour dans \"Liés par le sang\"",299
"Retour dans \"Longue vie à la liche\"",300
"Retour dans \"L'acier et le feu\"",301
"Retour dans \"L'emprise de Jormag\"",302
"Retour dans \"Une ombre dans la glace\"",303
"Retour dans \"Guerre éternelle\"",304
"Retour dans \"Pas de quartier\"",305
"Retour dans \"Guidés par une étoile\"",306
"Retour dans \"Quitte ou double\"",307
"Retour dans \"Champions\"",308
"Retour dans \"Un bug dans le système\"",309
"Retour dans \"Aube\"",310
"End of Dragons : acte 1",311
"End of Dragons : acte 5",312
"Cantha",313
"Pierre Arborea",314
"Néo-Kaineng",315
"Les facettes légendaires d'Aurene",316
"Pêche",317
"Terres sauvages d'Echovald",318
"End of Dragons : acte 2",319
"Trépas du dragon",320
"Succès quotidiens de \"End of Dragons\"",321
"End of Dragons : acte 3",322
"Province de Seitung",323
"Spécialisations",324
"End of Dragons : acte 4",325
"Sources de connaissance de maîtrise",326
"Flamme et froid",328
"Pirates du ciel",329
"Épopée du givre quotidienne",330
"Guide d'aventures : volume cinq",331
"Guide d'aventures : volume deux",332
"End of Dragons",333
"Guide d'aventures : volume trois",334
"Guide d'aventures : volume quatre",335
"Guide d'aventures : volume un",336
"Décennie des dragons",338
"Pulsion généreuse Extra Life",342
"Guide d'aventures : récompenses bonus",345
"Monde contre Monde hebdomadaire",346
"Plongée dans la brume",347
"Missions de réquisition du Lion noir",350
"Super Adventure Box : test de la qualité",351
"For intérieur",353
"End of Dragons : Interlude",354
"Secrets of the Obscure : acte 1",355
"Fractale du Ressac silencieux",356
"La Tour du sorcier",357
"Archipel de l'observatoire céleste",358
"Objectifs saisonniers de la chambre forte du sorcier",359
"Secrets of the Obscure : acte 3",360
"Chasse aux brèches",361
"Secrets of the Obscure",362
"Objectifs hebdomadaires de la chambre forte du sorcier",363
"Cieux de la Tyrie",364
"Chasse aux brèches hebdomadaire",365
"Amnytas",366
"Objectifs quotidiens de la chambre forte du sorcier",367
"Secrets of the Obscure : acte 2",368
"Sources de connaissance de maîtrise",369
"Événement de récupération de biens volés du Lion noir",372
"Course aux donjons",386
"Course aux donjons",392
"Course aux fractales",393
"Course Joueur contre Joueur",400
"Course Monde contre Monde",401
"Démarrage en trombe de nouveau héros",402
"Nayos intérieur : Territoire de Heitor",403
"Convergences",404
"Par-delà le voile",405
"Le Royaume des Songes",408
"Nayos intérieur : Environs de Nyedra",409
"Succès de profession",412
"Sommets glorieux",413
"Nayos intérieur : citadelle de Zakiros",416
"Le Roi de minuit",417
"Fractale de la Tour solitaire",418
"Semaine du trésor englouti",420
"Chambre forte du sorcier",422
"Chasse aux brèches hebdomadaire",423
"Janthir Wilds : acte 2",424
"Janthir",425
"Répétable",426
"Janthir Wilds : acte 1",427
"Sources de connaissance de maîtrise",428
"Histoires secondaires de Janthir",429
"Syntri de Janthir",430
"Côte des basses terres",431
"Cœurs de renommée",432
"Série des champions JcJ",435
"Mont Balrior (repaire de Titan)",438
"Convergences : mont Balrior",439
"Collections Monde contre Monde",440
"Lance légendaire : Klobjarne Geirr",441
"Rejeton divin",442