"Noctchardon germé en pot",1
"Chariot",2
"Château de glace : sol",3
"Statue commémorative de recherches de disciplines partielles",4
"Pont de Seitung",5
"Table d'apparat sinistre",6
"Coussin rouge",7
"Statue de Joko le puissant",8
"Danseur holographique norn",9
"Pétard",10
"Trophée de platine de la Ligue des guildes-challengers de la saison 1",11
"Statue de tigre assoupi",12
"Super maison forestière",13
"Obstacle : tourelle de Repoussement",14
"Mur de l'académie",15
"Statue de lapin en or",16
"Rampe montante de piste holographique",17
"Obstacle : tourelle de Peur",18
"Statue de Joko le majestueux",19
"Arche partielle de l'académie",20
"Statue de héros kodan",21
"Statue de Melandru",22
"Jardinière carrée",23
"Grand pilier carré",24
"Ballon bleu",25
"Coupon de Dhuum",26
"Super nuage",27
"Tableau de Moto",28
"Palmier à raphia en pot",29
"Trophée de bronze de la Rivière des âmes",30
"Trophée de bronze de la Ligue des guildes-challengers de la saison 1",31
"Statue de lion immense",32
"Sortie de téléporteur",33
"Mur de chaumière kodan",35
"Fougère dorée en pot",36
"Obstacle : torche blanche",37
"Noctchardon adulte en pot",38
"Arbre ascalonien",39
"Bougie de spiritisme",40
"Arche festive",41
"Festin kodan",42
"Grand pavé de neige",43
"Statue du Singe",44
"Statue d'esprit du Corbeau",45
"Jardinière de treillis à pétunias bleus",46
"Super montagne",47
"Lanterne de la citrouille",48
"Coupon des jumeaux largos",49
"Pont de l'Infinirarium",50
"Bannière de faîte charr",51
"Chaise élégante",52
"Trophée d'argent de Triple terreur",53
"Statue du Taureau",54
"Chariot à flèches de siège",55
"Buisson taillé en forme de corps",56
"Lys de Maguuma en pot (double floraison)",57
"Lanterne rouge",58
"Obstacle : piège à vortex",59
"Plaque du Dragon",60
"Drapeau de pirate bleu",61
"Escalier déformé (gauche)",62
"Arbre en pot",63
"Lampe divine",64
"Chandelier fin",65
"Trophée d'or de la Ligue des guildes-challengers de la saison 4",66
"Lanterne du Phénix",67
"Trophée de bronze de Gorseval",68
"Virage à droite en montée de piste de course",69
"Vitrine sylvestre kodan",70
"Pot de chrysanthèmes",71
"Monticule de neige",72
"Super feu de camp",73
"Mât brisé",74
"Trophée de vouivre de luxe",75
"Globe de la Tyrie",76
"Tente rouge de festival",77
"Ligne droite de piste holographique",78
"Colonne patinée élonienne",79
"Trophée d'argent de Titan du fort",80
"Super feuille de nénuphar",81
"Affiche victorieuse de la Foire du Dragon",82
"Arbre typique de la Côte de Bruinebois",83
"Super coffre",84
"Grande arche de l'académie",85
"Fontaine au lion bondissant",86
"Buisson taillé en forme d'aiguillon",87
"Trophée de bronze d'abomination du Blanc-Manteau",88
"Morceau de ruban de Xera",89
"Super arc-en-ciel",90
"Trophée de bronze de Xera",91
"Trophée d'argent de Sabetha",92
"Vague de l'océan solide",93
"Plaque de l'océan solide",94
"Pylône de la Foire du Dragon",95
"Bannière de faîte norn",96
"Trophée d'argent de Gorseval",97
"Statue du Sanglier",98
"Piédestal basique",99
"Lune démente",100
"Aiguillon de l'océan solide",101
"Fragments de l'océan solide",102
"Super plancher enneigé",103
"Cage thoracique de Léviathan primordial",104
"Virage descendant à droite de piste holographique",105
"Trophée d'or du surveillant mursaat",106
"Dalle de la salle de jeux",107
"Trébuchet de siège",108
"Goutte de goudron des éveillés",109
"Muret de jardin canthien",110
"Chariot chargé",111
"Trophée de bronze de Triple terreur",112
"Grappe de ballons amusants",113
"Obstacle : piège à ventilateurs",114
"Super paroi de falaise enneigée",115
"Coupon de djinn éthéré",116
"Ligne droite de piste de course",117
"Gros bloc de l'océan solide",118
"Pilier usé",119
"Sculpture de bonhomme de neige en glace",120
"Trophée d'or de la Ligue des guildes-challengers de la saison 1",121
"Champignon épineux",122
"Trophée d'argent de la statue de Grenth",123
"Table de banquet de guilde courte",124
"Lit kodan traditionnel",125
"Générateur d'hologrammes de dragon",126
"Trophée de bronze de la statue de Grenth",127
"Prisonnier empalé",128
"Machine du fabricant de jouets",129
"Toile kodan 3",130
"Table basse raffinée kodan",131
"Pilier carré élégant",132
"Obstacle : tourelle de Givre",133
"Mortier McM de siège",134
"Charmille de treillis",135
"Catapulte de guilde de siège",136
"Coupon de Qadim",137
"Petit cerisier canthien",139
"Pilier en grès",140
"Pilier en grès élaboré",141
"Orchestre mécanique d'Uzolan",142
"Malle sylvestre kodan",143
"Escalier déformé (droite)",144
"Statue de Grenth",145
"Bain à l'air libre kodan",146
"Muraille corrompue de la forteresse funeste",147
"Appareil de lancement de djinn",148
"Fanal",149
"Jardinière carrée vide",150
"Héliplateforme charr",151
"Champignon",152
"Grand kalanchoé en pot",153
"Bureau kodan",154
"Château de glace : mur",155
"Cage thoracique de Léviathan primordial : incurvée",156
"Trébuchet supérieur de siège",157
"Statue commémorative de recherches de disciplines exhaustives",158
"Virage à droite de piste holographique",159
"Surplomb de glacier",160
"Cosse effervescente",162
"Statue de Dwayna",163
"Théière élonienne",164
"Trophée de bronze de la Ligue des guildes-challengers de la saison 4",165
"Réverbère divin",166
"Chaise de guilde",167
"Générateur de bouclier de guilde de siège",168
"Palmier nain en pot",169
"Super gros rocher",170
"Statue commémorative basique",171
"Portrait de Logan Thackeray",172
"Statue de drake des Brumes",173
"Statue de Joko le royal",174
"Trophée d'argent de Paressor",175
"Poutre cassée du clocher",176
"Poste de location de griffon",177
"Virage montant à droite de piste holographique",178
"Obstacle : dalle de lave",179
"Trophée d'argent de Qadim",180
"Présent d'Hivernel blanc",181
"Statue de lapin",182
"Noctchardon à fruits en pot",183
"Service à thé",184
"Chandelier carré",185
"Panneau basique",186
"Table d'apparat fantomatique",187
"Champignon épineux compact",188
"Cible de dragon rouge",189
"Chaise en bois élonienne",190
"Lys de Maguuma en pot",191
"Œil de régent chak",192
"Machine de la Légion du Givre",193
"Chandelier",194
"Trophée d'or de Qadim",195
"Sol carrelé de la Garde astrale",196
"Feu de joie",197
"Obstacle : torche violette",198
"Rampe en canne en sucre",199
"Trophée de bronze d'amalgame conjuré",200
"Tête de citrouille",201
"Garde-robe kodan traditionnelle",202
"Cristal du Destructeur",203
"Super plate-forme champignon",204
"Trophée de platine de la Ligue des guildes-challengers de la saison 2",205
"Arbre d'Hivernel",206
"Lampe ascalonienne",207
"Escalier de la Garde astrale",208
"Statue de Joko le Redoutable",209
"Baliste de guilde de siège",211
"Trophée d'or du Destructeur",212
"Poêle en acier",213
"Rampe incurvée de piste de course",214
"Tapis canthien à fleurs",215
"Cristal d'abomination du Blanc-Manteau",216
"Trophée d'or de Mordremoth",217
"Canon à neige",218
"Lampe dorée",219
"Pilier de haie",220
"Trophée d'argent de la Ligue des guildes-challengers de la saison 4",221
"Cage thoracique de Léviathan primordial : incurvée à droite",222
"Toile du Zéphyr",223
"Service de table kodan",224
"Lit kodan élégant",225
"Coussin décoratif rouge",226
"Fauteuil somptueux",227
"Trophée de platine de la Ligue des guildes-challengers de la saison 3",228
"Rampe courbée de piste holographique",229
"Voilier du zéphyr",230
"Super roi grenouille",231
"Statue du cœur de Frisquet",232
"Coupon de Desmina",233
"Ballon violet",234
"Table élégante longue",235
"Présentoir d'armure raffiné",236
"Étagère simple",237
"Golem de siège",238
"Panier basique",239
"Trophée de bronze de Tequatl",240
"Brasero rustique",241
"Mandibule de Mordremoth",242
"Trophée d'argent du cardinal Sabir",243
"Obstacle : mur large",244
"Bougie basique",245
"Morceaux du Gardien de la Vallée",246
"Lit orné",247
"Jardinière de treillis à pétunias oranges",248
"Statue de Marrin",249
"Tableau kodan",250
"Mât de drapeau basique",251
"Super plateau de grotte",252
"Statuette de Joko l'immortel",253
"Rouage de beffroi",254
"Grue de quai",255
"Super main plate gaie pointant du doigt",256
"Super plate-forme feuillue",257
"Coupon de la Rivière des âmes",258
"Fougère moa en fleurs en pot",259
"Statue du Coq",260
"Plate-forme à flocons de neige en forme de flèches",261
"Super main gaie pointant du doigt",262
"Lanterne suspendue kodan",263
"Pilier carré brisé",264
"Vitrine d'armure : mannequin",265
"Plate-forme kryptis",266
"Obstacle : mur haut",267
"Golem supérieur de siège",268
"Jardinière en céramique",269
"Virage descendant à gauche de piste holographique",270
"Sol carrelé kryptis",271
"Arbre du pendu",272
"Trophée d'argent de Mordremoth",273
"Générateur d'hologrammes de Primordius",274
"Bol rouge",275
"Bol de nourriture rouge",276
"Canon rapiécé charr",277
"Rues du Promontoire divin",278
"Aquarium kodan",279
"Coussin vert",280
"Lanterne koi du zéphyr",281
"Trophée d'or de la Ligue des guildes-challengers de la saison 2",282
"Monument de dévoreur stigmatisé",283
"Cube de neige",284
"Trophée d'or de la Ligue des guildes-challengers de la saison 3",285
"Présentoir d'armure orné",286
"Fragments de statue de Beetletun",287
"Tente élonienne",288
"Plateforme circulaire carrelée de la Garde astrale",289
"Porte kryptis (Haute et large)",290
"Tas de neige",291
"Herbe de Janthir (petite)",292
"Portail de la Garde astrale",293
"Trophée d'or d'amalgame conjuré",294
"Statue du Bélier",295
"Arche usée",296
"Pot d'eau du zéphyr",297
"Générateur de bouclier de siège",298
"Obstacle : torche verte",299
"Mur de chaumière kodan (petit)",300
"Projecteur de boost de course",301
"Table élégante",302
"Jardinière de treillis",303
"Console des fractales",304
"Obstacle : mur",305
"Coiffeuse kodan",306
"Colonne basique",307
"Vitrine carrée",308
"Condiments canthiens",309
"Rampe courbée large de piste holographique",310
"Passerelle du zéphyr",311
"Bougeoir en cristal kodan",312
"Trophée d'or de la statue de Grenth",313
"Trophée d'or de Deimos",314
"Coffre d'héritage kodan",315
"Arbre tordu s'étirant",316
"Canopée du Zéphyr",317
"Trophée d'or de Xera",318
"Guirlande suspendue d'Hivernel",319
"Trophée de bronze de la cardinale Adina",320
"Catapulte de siège",321
"Trophée de platine de la Ligue des guildes-challengers de la saison 4",322
"Tank charr",323
"Statue de Balthazar",324
"Table basique",325
"Banc de guilde",326
"Chaise d'apparat kodan",327
"Ballon fuchsia",328
"Baliste supérieure de siège",329
"Super mur en pierre",330
"Drapeau de faîte charr",331
"Pilier élégant",332
"Trophée de bronze de Mordremoth",333
"Mur de la Garde astrale",334
"Statue de griffon des Brumes",335
"Cercueil décoré",336
"Trophée d'argent de Deimos",337
"Échafaudage du zéphyr",338
"Arche complète de l'académie",339
"Statue de faucon élonienne",340
"Buisson taillé en forme de bloc",341
"Trophée d'or du Gardien de la Vallée",342
"Table ronde élégante",343
"Sanctuaire du Taureau corrompu",344
"Fauteuil hanté",345
"Obélisque patiné élonien",346
"Trophée de bronze de la Ligue des guildes-challengers de la saison 6",347
"Grand danseur holographique norn",348
"Colonne ronde de l'académie",349
"Présentoir d'armure",350
"Lanterne Dent du dragon",351
"Parapluie rouge de festival",352
"Arche lunaire",353
"Pilier en or à calotte",354
"Cible de dragon violette",355
"Super main triste pointant du doigt",356
"Palmier chinois en pot",357
"Trophée d'or de Sabetha",358
"Statue commémorative de recherches de disciplines majoritaires",359
"Trophée d'or de Gorseval",360
"Obstacle : large dalle de lave",361
"Pilier du zéphyr",362
"Mur en or",363
"Super stalagmite de grotte",364
"Trophée de bronze de Dhuum",365
"Marmite profonde",366
"Citrouille",367
"Haie",368
"Gros bouquet de ballons",369
"Trophée d'or de « Assiéger la forteresse »",370
"Tente de festival",371
"Trophée d'argent de Dhuum",372
"Sol en toiles d'araignées",373
"Présent d'Hivernel bleu",374
"Table versatile de Guide",375
"Arbuste basique",376
"Pilier en grès brisé",377
"Catapulte supérieure de siège",378
"Roi grenouille décevant",379
"Trophée d'or de djinn éthéré",380
"Cyprès en pot",381
"Bar de guilde court",382
"Coussin jaune",383
"Foyer carré",384
"Canapé en ivoire kodan",385
"Coupon de la cardinale Adina",386
"Jardinière",387
"Statue de lion en détresse",388
"Grand cube de neige",389
"Lanterne du Zéphyr",390
"Trophée de bronze de djinn éthéré",391
"Drapeau de faîte",392
"Trophée de bronze de Samarog",393
"Essence de cœur-de-chêne",394
"Trophée d'argent de la Ligue des guildes-challengers de la saison 6",395
"Réverbère festif",397
"Étoile d'Hivernel embellie",398
"Trophée d'or de la Ligue des guildes-challengers de la saison 5",399
"Statue de Kormir",400
"Trophée d'or de Titan du fort",401
"Herbe de Janthir (grande)",402
"Bannière de faîte",403
"Petite jardinière élonienne",404
"Palmier en pot",405
"Statue de Charr",406
"Statue de chien de pierre des Brumes",407
"Statue de dolyak des Brumes",408
"Réverbère raffiné",409
"Statue de tigre",410
"Trophée d'argent de « Assiéger la forteresse »",411
"Table de banquet de guilde carrée",412
"Coupon du cardinal Sabir",413
"Mur en toiles d'araignées éphémères",414
"Trophée d'argent de la Ligue des guildes-challengers de la saison 3",415
"Statue de lion bondissant",416
"Trophée d'argent de la Ligue des guildes-challengers de la saison 2",417
"Statue de Joko le Victorieux",418
"Tabouret en bois kodan",419
"Rampe en descente de piste de course",420
"Trophée d'argent d'amalgame conjuré",421
"Canapé somptueux",422
"Chariot à flèches de guilde de siège",423
"Trébuchet de guilde de siège",424
"Super main pointant du doigt",425
"Cible de dragon bleue",426
"Tabouret de guilde",427
"Fosse de goudron des éveillés",428
"Baril",429
"Roue de moulin",430
"Puits",431
"Amas de boules de neige",432
"Obstacle : tourelle de Faiblesse",433
"Poste de location de raptor",434
"Super paroi de falaise",435
"Vitrine sylvestre kodan (grand modèle)",436
"Vitrine d'armure",437
"Super hêtre",438
"Poste de location de scaraboule",439
"Tabouret de bar de guilde",440
"Trophée de platine de la Ligue des guildes-challengers de la saison 5",441
"Pont à escalier canthien",442
"Statue de Lyssa",443
"Trophée d'or de la cardinale Adina",444
"Ballon vert",445
"Drapeau de pirate vert",446
"Cristal stigmatisé",447
"Arbre rare de la Côte de Bruinebois",448
"Fontaine basique",449
"Arche patinée élonienne",450
"Grande demi-sphère de neige",451
"Bloc de l'océan solide",452
"Stand d'armes commémoratif",453
"Trophée de bronze du cardinal Sabir",454
"Pierre tombale basique",455
"Escalier kryptis",456
"Bannière dorée",457
"Prisme de cristal",459
"Carreau de vitre du Zéphyr",461
"Rampe descendante de piste holographique",462
"Grand bosquet de bambous",463
"Trophée d'argent de djinn éthéré",464
"Trophée d'or du régent chak",465
"Présentoir à orbe de la Garde astrale",466
"Machine à brouillard",467
"Virage à gauche en montée de piste de course",468
"Lumière de l'académie",469
"Bannière de faîte sylvari",470
"Tapis somptueux",471
"Visage de la démence",472
"Virage à droite de piste de course",473
"Urne élégante",474
"Brasero des forgés",475
"Plate-forme à flocons de neige en forme de ramures",476
"Porte de la Garde astrale",477
"Bélier de feu supérieur de siège",478
"Statue de Joko l'Indomptable",479
"Flèche à la menthe poivrée",480
"Super tronc d'arbre",481
"Trophée de bronze de Deimos",482
"Torche décorative kodan",483
"Statue démoniaque",485
"Miroir mural kodan",486
"Ballot de tiges de maïs",487
"Urne élonienne",488
"Buisson taillé en forme de bol",489
"Drapeau de pirate rouge",490
"Étagère à livres basique",491
"Trophée de bronze du Gardien de la Vallée",492
"Super nuage grincheux",493
"Trophée d'argent de la Ligue des guildes-challengers de la saison 1",494
"Bouquet de bambous en pot",495
"Super nuage joyeux",496
"Palmier de Grenth",497
"Table en bois élonienne",498
"Portrait de Caudecus",499
"Rampe en montée de piste de course",500
"Tour de pierre élonienne",501
"Fragment du fardeau de Saul",502
"Trophée de bronze de Qadim",503
"Pilier ascalonien brisé",504
"Drapeau de faîte sylvari",505
"Grande colonne élonienne",506
"Trophée d'argent du surveillant mursaat",507
"Surface de glu de kryptis",508
"Virage montant à gauche de piste holographique",509
"Chariot éclairé",510
"Fontaine au griffon",511
"Mur kryptis",512
"Vase élonien",513
"Trophée d'or de la Rivière des âmes",514
"Étagère de bibliothèque",515
"Barque du zéphyr",516
"Champignon courbé",517
"Mât",518
"Bloc de cristal de l'océan solide",519
"Mur d'os des éveillés",520
"Trône",521
"Trophée d'argent de la Ligue des guildes-challengers de la saison 5",522
"Herbe de la jungle en pot",523
"Grande rampe courbée de piste holographique",524
"Trophée d'or de Desmina",525
"Bar de guilde",526
"Trophée d'argent de la cardinale Adina",527
"Super rocher",528
"Jardinière basique",529
"Baignoire à oiseaux tranquille",530
"Bélier de feu de siège",531
"Chaise d'apparat fantomatique",532
"Virage à gauche de piste holographique",533
"Lys de Maguuma en pot (triple floraison)",534
"Guirlande d'Hivernel",535
"Statue de nian canthien",536
"Fauteuil élégant",537
"Bannière de faîte asura",538
"Petite colonne élonienne",539
"Statue de griffon",540
"Coupon d'amalgame conjuré",541
"Évier en or",542
"Obstacle : tourelle lance-flammes",543
"Pont du Zéphyr",544
"Pilier en or",545
"Pilier de la Garde astrale",546
"Trophée de bronze de Titan du fort",547
"Super rampe en pierre",548
"Super pilier de grotte",549
"Muraille de la forteresse funeste",550
"Drapeau de faîte humain",551
"Brasero kournan",552
"Barre en canne en sucre",553
"Tapis",554
"Plateau de lait de poule",555
"Cage thoracique de Léviathan primordial : incurvée à gauche",556
"Moulin à vent rond élonien",557
"Buisson taillé en forme de tête",558
"Chaudron sinistre",559
"Angle de haie",560
"Attrape-vent de la Foire du Dragon",561
"Parapluie de la ville de Kaineng",562
"Drapeau de faîte asura",563
"Générateur d'hologrammes de Jormag",564
"Lanterne kodan",565
"Arbre épais de la Côte de Bruinebois",566
"Étoile d'Hivernel",567
"Super plate-forme en pierre",568
"Obstacle : grand mur large",569
"Mur de chaumière kodan (pilier)",570
"Danseuse holographique norn",571
"Arbre basique",572
"Toile kodan 2",573
"Trophée de bronze de Sabetha",575
"Plate-forme à la menthe poivrée",576
"Trophée de bronze du régent chak",577
"Grande danseuse holographique norn",578
"Trophée d'or de Paressor",579
"Générateur de bouclier supérieur de siège",580
"Flamme éternelle",581
"Caisse dans un filet",582
"Château de glace : toit",583
"Tête de dragon en pierre stylisée",584
"Bougie de pilier",585
"Soupière kodan",586
"Trophée d'argent des jumeaux largos",587
"Panneau mural élégant",588
"Évier kodan",589
"Gravats de Titan du fort",590
"Jardinière de treillis à salicaire",591
"Palan",592
"Super pin",593
"Établi à drone de jade",594
"Trophée d'argent d'abomination du Blanc-Manteau",595
"Fontaine au lion",596
"Lanterne de la chauve-souris",597
"Kalanchoé en pot",598
"Paroi de falaise super petite",599
"Riz sauvage en pot",600
"Bourgeon de noctchardon en pot",601
"Hélico charr de luxe",602
"Trophée d'argent de Samarog",603
"Super nuage géant",604
"Bannière du Zéphyr",605
"Noctchardon en pot",606
"Paroi de falaise super grande",607
"Grand cyprès en pot",608
"Mur de l'académie avec fenêtres",609
"Fauteuil sylvestre kodan",610
"Fougère dorée abondante en pot",611
"Champignon épineux courbé",612
"Table d'apparat sylvestre kodan",613
"Jardinière de treillis à pétunias rouges",614
"Gong élonien",615
"Drapeau rouge",616
"Super fleur",617
"Banc d'église",618
"Ballon jaune",619
"Écrin à bijoux",620
"Trophée d'or de la Ligue des guildes-challengers de la saison 6",621
"Bibliothèque en os kodan",622
"Fragment de Cairn l'Indomptable",623
"Super champignon",624
"Un jour en Kryte",625
"Fougère bleue abondante en pot",626
"Trophée d'argent de Tequatl",627
"Hamac kodan",628
"Trophée d'or de Tequatl",629
"Chaise à dossier haut",630
"Super petit rocher",631
"Affiche triomphale de la Foire du Dragon",632
"Jardinière de haie",633
"Trophée d'argent de Cairn l'Indomptable",634
"Pierres de cairn élonien",635
"Entrée de téléporteur",636
"Champignon de Paressor",637
"Statue de minotaure des Brumes",638
"Grappe de ballons gais",639
"Vitrine sylvestre kodan (modèle haut)",641
"Trophée d'or de Dhuum",642
"Escalier effondré",643
"Chariot à flèches supérieures de siège",644
"Sol en toiles d'araignées éphémères",645
"Drapeau de faîte norn",646
"Treillis élonien",647
"Treillis",648
"Colonne en os des éveillés",649
"Gros bloc de cristal de l'océan solide",650
"Épouvantail",651
"Trophée d'or d'abomination du Blanc-Manteau",652
"Grand chandelier",653
"Couche de glace",654
"Plateforme déchaînée",655
"Tête de Dolyak empaillée",656
"Statue du Chien",657
"Lance-feux d'artifice de la Foire du Dragon",658
"Buste miniature de Joko (pour le culte personnel)",659
"Trophée de bronze de la Ligue des guildes-challengers de la saison 5",660
"Cerf-volant de la Foire du Dragon",661
"Treillis à lianes",662
"Bannière de l'Initiative de la guilde",664
"Mausolée",665
"Coussin bleu",666
"Trophée d'argent du régent chak",667
"Trophée d'argent de la Rivière des âmes",668
"Grand cerisier canthien",669
"Tête de citrouille épineuse",670
"Coin de neige",671
"Virage à droite en descente de piste de course",672
"Langue de djinn en pot",673
"Brûle-encens élonien",674
"Tentacule de Gorseval",675
"Statue de l'Esprit de la Chouette",676
"Super nuage menaçant",677
"Obstacle : torche bleue",678
"Arbuste en pot",679
"Caisse basique",680
"Sculpture de bonhomme en pain d'épices en glace",681
"Trophée d'argent de Desmina",682
"Pavé de neige",683
"Chariot élégant",684
"Ballon orange",685
"Plate-forme musicale d'Hivernel",686
"Mât démoli",687
"Trophée de bronze de la Ligue des guildes-challengers de la saison 3",688
"Grande tente de festival",689
"Colonne carrée de l'académie",690
"Sanctuaire du Carcajou corrompu",691
"Tapis kodan à tourbillons",692
"Sculpture de renne en glace",693
"Obstacle : torche rouge",694
"Trophée de bronze des jumeaux largos",695
"Aiguille stigmatisée",696
"Super mur de nuages",697
"Baliste de siège",698
"Voile du Zéphyr",699
"Bambou en pot",700
"Grill au feu de bois",701
"Toboggan de glace",702
"Baril du maître brasseur",703
"Mur de flammes des forgés",704
"Grand treillis",705
"Fougère arborescente en pot",706
"Croton en pot",707
"Le cœur du Prieuré",708
"Pilier ascalonien",709
"Table de banquet de guilde",710
"Orchidée bleue en pot",711
"Muraille d'angle de la forteresse funeste",712
"Statue de lion",713
"Super arbre",714
"Râtelier à ustensiles",715
"Présent d'Hivernel vert",716
"Bannière de la Foire du Dragon",717
"Chaise d'apparat sinistre",718
"Trophée de bronze du Destructeur",719
"Vitrine d'armes",720
"Obstacle : tourelle curative",721
"Jardinière rectangulaire",722
"Statue de lynx",723
"Globe des Soupirs",724
"Phonographe",725
"Grande jardinière élonienne",726
"Âtre kodan",727
"Canon de siège",728
"Queue de Tequatl",729
"Couronne des fêtes",730
"Drapeau blanc",731
"Cheminée en pierre kodan",732
"Bar de guilde carré",733
"Buisson taillé en forme de sphère",734
"Foyer en or",735
"Cercle de foyer",736
"Canne en sucre géante",738
"Trophée de bronze de Cairn l'Indomptable",739
"Cloison en tissu kodan",740
"Super colonne de pagode",741
"Trophée d'or de Triple terreur",742
"Virage à gauche de piste de course",743
"Lanterne Souffle de dragon",744
"Trophée de bronze de « Assiéger la forteresse »",745
"Support pour barils",746
"Pylône des forgés",747
"Pilier kryptis",748
"Virage à gauche en descente de piste de course",749
"Feu de camp",750
"Grappe de ballons festifs",751
"Table simple",752
"Obstacle : tourelle de frappe",753
"Pilier couvert de mousse",754
"Moulin à vent élonien en spirale",755
"Miniature de Joko le Majestueux (pour le culte personnel)",756
"Trophée de bronze de Desmina",757
"Trophée de bronze du surveillant mursaat",758
"Cloison jointe en bois kodan",759
"Grande vague de l'océan solide",760
"Mur en toiles d'araignées",761
"Super mur de glace",762
"Statue commémorative de recherches de disciplines importantes",763
"Super main plate pointant du doigt",764
"Fougère moa bleue en pot",765
"Palmier",766
"Statue de serpent élonienne",767
"Trophée d'argent de Xera",768
"Fontaine illuminée",769
"Banquette pour amoureux hantée",770
"Grand coin de neige",771
"Trophée d'or de Cairn l'Indomptable",772
"Château de glace : tourelle",773
"Demi-sphère de neige",774
"Projecteur de point de contrôle de course",775
"Longue ligne droite de piste holographique",776
"Grande étagère de bibliothèque",777
"Jardinière de treillis à marguerites",778
"Bannière de faîte humaine",779
"Trophée de platine de la Ligue des guildes-challengers de la saison 6",780
"Rocher basique",781
"Super branche d'arbre",782
"Scène d'incrédulité",783
"Sanctuaire de l'Aigle corrompu",784
"Trophée d'or du cardinal Sabir",785
"Tête de citrouille effrayante",786
"Rouage de grand beffroi",787
"Trophée d'or de Samarog",788
"Fragment du lance-flammes de Sabetha",789
"Trophée de bronze de Paressor",790
"Super main plate triste pointant du doigt",791
"Dent de Triple terreur",792
"Longue ligne droite de piste de course",793
"Trophée d'argent du Destructeur",794
"Coupon de statue de Grenth",795
"Palmier à cire en pot",796
"Trophée de bronze de la Ligue des guildes-challengers de la saison 2",797
"Morceau de l'océan solide",798
"Fragment de tourelle de pierre de sang",799
"Arbre tordu se tortillant",800
"Obstacle : tourelle d'Empoisonnement",801
"Super plancher de grotte",802
"Trophée d'or des jumeaux largos",803
"Statue du Rat",804
"Arbre vert",805
"Balustrade élonienne",806
"Obstacle : tourelle d'Infirmité",807
"Ballon rouge",808
"Horloge de parquet",809
"Chaise basique",810
"Rangée de bougies",811
"Torche basique",812
"Fougère arborescente élancée en pot",813
"Façade infernale",814
"Trophée d'argent du Gardien de la Vallée",815
"Ballon blanc",816
"Tête de peluche amicale d'ours",817
"Peluche amicale de choya",818
"Peluche amicale de Quaggan",819
"Table de jeu de plateau versatile de Guide",820
"Table de navigation versatile de Guide",821
"Table de guerre versatile de Guide",822
"Peluche amicale d'oiseau",823
"Table basique versatile de Guide",824
"Gargouille porte-flamme",825
"Lanterne méditative en pierre",826
"Longue clôture méditative en bambou",827
"Poste de location de razziafelis",828
"Clôture méditative en bambou",829
"Sonnette antique",830
"Rocher méditatif porte-bonheur",831
"Cercle méditatif en sable",832
"Arbre méditatif battu par le vent",833
"Rocher méditatif favori",834
"Fontaine méditative en bambou",835
"Arabesques méditatives en sable",836
"Gargouille",838
"Sonnette hantée",840
"Trophée de bronze de Decima",841
"Trophée d'argent de Greer",842
"Trophée d'or de Decima",843
"Trophée d'argent de Decima",844
"Coupon d'Ura (pavillon)",845
"Trophée d'argent d'Ura",846
"Trophée de bronze de Greer",847
"Trophée d'or d'Ura",848
"Coupon de Greer (pavillon)",849
"Trophée de bronze d'Ura",850
"Zone d'accélération de scaraboule",851
"Micro-ondes à technologie de jade",852
"Trophée d'or de Greer",853
"Effigie de Charr",854
"Coupon de Decima (pavillon)",855
"Guirlande d'étoiles lumineuses",856
"Stalactite",857
"Arc joyeux",858
"Guirlande de lumières scintillantes",859
"Monolithe de glace balafrée",860
"M. Balourd",861
"Tesson de glace balafrée",862
"Plaque de glace balafrée",863
"Poste de location de frappesol",864
"Statue du Serpent",865
"Statue dorée du Serpent",866
"Lanterne rouge simple",867
"Statuette dorée du Dragon",868
"Lanterne blanche simple",869
"Statue du Dragon",870
"Table de l'imaginarium cruel",871
"Accès à l'imaginarium cruel",872
"Cabinet de l'imaginarium cruel",873
"Champignon de l'imaginarium cruel",874
"Statue de choya de l'imaginarium cruel",875
"Petit tapis élégant",876
"Tapis de lotus",877
"Tapis carré élégant",878
"Tapis extérieur décoratif",879
"Tapis extérieur robuste",880
"Tapis de sorcier",881
"Station à boissons du café\n<c=@flavor>Fournit des boissons à servir aux clients.</c>",882
"Transporteur du café\n<c=@flavor>Si elle est placée, les clients entreront et sortiront de votre pavillon par le biais de cette décoration, au lieu d'utiliser le point de passage.</c>",883
"Chaise de café\n<c=@flavor>Les clients s'installeront ici pour commander ! Veuillez noter qu'ils auront des difficultés à atteindre les chaises en hauteur.</c>",884
"Station à nourriture du café\n<c=@flavor>Fournit de la nourriture à servir aux clients.</c>",885
"Station de souvenirs du café\n<c=@flavor>Fournit des colifichets à servir aux clients.</c>",886
"Console de café\n<c=@flavor>Gère les essais, l'ouverture et les améliorations de votre café.</c>",887
"Fanal guide du café\n<c=@flavor>Les clients suivront les fanaux pour éviter les obstacles en cherchant à s'installer.</c>",888
"Super statue de la Chouette",889
"Super sol de pagode",890
"Super porte de pagode",891
"Super toit de pagode",892
"Super porte somptueuse",893
"Super cristal rouge",894
"Super terrasse de pagode",895
"Poste de location de chacal",896
"Super mur de pagode",897
"Super arche de pagode",898
"Super long toit de pagode",899
"Super étang de pagode",900
"Porte de pille-mer",901
"Statue de pille-mer",902
"Fenêtre de pille-mer",903
"Toit de pille-mer",904
"Corniche de pille-mer",905
"Pignon de pille-mer",906
"Sol de pille-mer",907
"Portail de pille-mer",908
"Mur de pille-mer",909
"Corps de dragon en fer forgé",910
"Piano à queue orné",911
"Tuyau en T en laiton",912
"Brasero norn",913
"Livre kodan : 20 saveurs de sable",914
"Baleine holographique",915
"Moteur en laiton",916
"Bouchon de tuyau en laiton",917
"Tuyau droit en laiton",918
"Structure norn en pierre",919
"Tuyau courbe en laiton",920
"Livre kodan : Puce performative",921
"Livre kodan : Vert vainqueur",922
"Queue de dragon en fer forgé",923
"Mur en laiton",924
"Petit engrenage en laiton",925
"Livre kodan : La beauté du bleu",926
"Orrax réprimé",927
"Livre kodan : Marron clair majestueux",928
"Salle du Corbeau",929
"Structure norn",930
"Grand engrenage en laiton",931
"Raccord de tuyau en laiton",932
"Escalier norn",933
"Statue de dragon en fer forgé",934
"Poste de location de dracaille",935
"Livre kodan : Or reluisant",936
"Livre kodan : Vert sauge suave",937
"Cristal d'aspect du vent",938
"Cristal d'aspect du soleil",939
"Support d'exposition zéphyrite",940
"Poste de location de voldécume",941
"Poste de location de tortue de siège",942
"Escalier en colimaçon de maison de plage",943
"Cristal d'aspect de l'éclair",944
"Auvent de bazar élonien",945
"Colonne de jardin krytien",946
"Sentier en pierre droit de cimetière",947
"Ruine de la forteresse funeste – Droite",948
"Portail de cimetière",949
"Brouillard de cimetière",950
"Ruine de la forteresse funeste – Gauche",951
"Clôture de cimetière",952
"Contrefort de la forteresse funeste",953
"Tombe de cimetière",954
"Tente d'automne festif",955
"Sentier en pierre incurvé de cimetière",956
"Charrgouille de cimetière",957
"Colonne de cimetière",958
"Poutre en bois (16 x 480 x 30)",959
"Guirlande de lumières nautiques",960
"Toit de cabanon long (B)",962
"Fougère d'île (grande)",963
"Promenade (480 x 960)",964
"Auvent en bambou",965
"Canopée en bambou",966
"Sac en jute",967
"Arbuste d'île (lot)",968
"Lopin de fougères d'île en éventail",969
"Fenêtre simple",970
"Toit incurvé (600)",971
"Coin de support mural intégral",972
"Mur (120 x 60)",973
"Mur (600 x 240)",974
"Mur en bambou (240 x 240)",975
"Mur (240 x 120)",976
"Poutre en bois (16 x 240 x 16)",977
"Promenade (240 x 1920)",978
"Mur d'entrée (double)",979
"Colonne (30 x 480 x 30)",981
"Coin de support mural",982
"Toit incurvé (960)",983
"Porte simple",984
"Support mural intégral (960)",987
"Sol (960 x 600)",988
"Milieu de coque de galion",989
"Mur taillé (960 x 240)",990
"Moitié de support mural (480)",992
"Coin de poutre en bois (30 x 120 x 30)",993
"Mur à fenêtre (600 x 240)",994
"Fougère d'île",995
"Bouteille en verre canthien (remplie)",996
"Mur (120 x 240)",997
"Tas de sacs en jute",998
"Poutre en bois (16 x 120 x 16)",999
"Coque de galion (poupe)",1000
"Lucarne de toit incurvé",1002
"Cheminée en briques simples",1003
"Pont tropical",1004
"Toit de cabanon long (A)",1005
"Mur (960 x 240)",1006
"Coin de poutre en bois (30 x 240 x 30)",1007
"Mur de cabanon (960)",1008
"Poutre en bois (16 x 240 x 30)",1009
"Coin de toit incurvé",1011
"Buisson sans branche",1013
"Mur de cabanon (120)",1014
"Guirlande de lumières rondes",1015
"Arbre d'île (courbe)",1016
"Mur d'entrée (simple)",1018
"Arbre d'île (court)",1022
"Grand escalier de navire",1023
"Arbre d'île (grand)",1024
"Promenade (240 x 960)",1025
"Fougère d'île coriace",1026
"Clôture en corde",1027
"Moitié de support mural (960)",1029
"Escalier (120 x 60)",1030
"Poutre en bois (16 x 120 x 30)",1031
"Arbuste tropical",1032
"Mur d'entrée large (simple)",1033
"Tente vestiaire",1034
"Lanterne canthienne",1035
"Lopin de plante carnivore d'île",1036
"Support mural intégral (480)",1037
"Buisson tropical (grand)",1038
"Arbuste d'île",1039
"Coque de galion avec sabords",1040
"Escalier (120 x 120)",1041
"Escalier de navire",1042
"Bouteille en verre canthien",1043
"Juke-box",1044
"Sol (960 x 840)",1045
"Mur à fenêtre (960 x 240)",1046
"Fenêtre",1048
"Mur (120 x 120)",1049
"Mur (240 x 240)",1050
"Poutre en bois (16 x 480 x 16)",1051
"Porte de galion",1052
"Girouette de navire",1053
"Entrée de coque de galion",1054
"Mur de passage",1055
"Escalier (coin dans le sens horaire)",1057
"Fougère d'île (mélange)",1058
"Mur (60 x 120)",1060
"Mur (60 x 240)",1061
"Mât de navire",1062
"Buisson tropical",1063
"Brasero suspendu",1064
"Poissons errants sous-marins",1066
"Poissons sereins sous-marins",1067
"Poissons frénétiques sous-marins",1068
"Rocher poreux sous-marin",1069
"Varech sous-marin",1070
"Formation corallienne sous-marine",1071
"Anémone sous-marine",1072
"Rocher plein sous-marin",1073
"Bosquet de varech sous-marin",1074
"Conduit thermique sous-marin",1075
"Méduse sous-marine",1076