"Intellect explosif",15
"Golem de Positionnement Spatial",16
"Sur les traces de Snaff",17
"Clé à molette",18
"Désamorçage du problème",19
"Ce qu'on fait par amour",20
"Le Prix Snaff",21
"Maintenance supérieure",22
"Un brillant sauvetage",23
"Les bons comptes font les bons amis",24
"Snaff serait fier",25
"Homicide politique",26
"Ici, là-bas, partout",27
"Relique à relier",28
"Relevés en hausse",29
"Retard pour impondérable",30
"Visiteurs indésirables",31
"Soutenir votre coterie",32
"Le dernier gadget de Gadd",33
"Une science suffisamment avancée",34
"Bêta",35
"Espionnage industriel",36
"Coup de crosse",37
"En moins de deux",38
"Ennuis en perspective",39
"Mèche courte",40
"Anguille sous roche",41
"Œuvre maîtresse",42
"Mauvaises affaires",43
"A tout seigneur tout honneur",44
"Le couteau dans la plaie",45
"En roue libre",46
"Inondation éclair",47
"Mauvais temps",48
"Une nouvelle théorie audacieuse",49
"Falsification autorisée",50
"Environnement périlleux",51
"Sujet d'expérience",52
"Expérience sur le terrain",53
"Quand les grands esprits se rencontrent",54
"Lignes de communication",55
"À la rescousse du professeur",56
"Ouvrir l'Œil",57
"Rakt et la ruine",58
"Des plans sans accroc",59
"L'Appel du tribun",60
"Espion contre espion",61
"Chiens d'épaves",62
"Du sang versé",63
"Mousquet percefantôme",64
"La poigne de fer de la Légion",65
"Les flammes progressent",66
"Test du métal",67
"Rapidité et discrétion",68
"Force létale",69
"Artillerie percefantôme",70
"Chaîne de commandement",71
"Promotion dans l'air",72
"Fin de la ligne",73
"Utilisateurs de magie",74
"Rage supprimée",75
"Opération : Rempart",76
"Furie des morts",77
"Un héritage insolite",78
"En plein bourbier",79
"Pas de négociations",80
"Récupération",81
"Dans les ruines",82
"Désertion",83
"Suivre la piste",84
"Une confiance mal placée",85
"Plus épais que l'eau",86
"Renvoi honorable",87
"En quête de la vérité",88
"Alimenter la flamme",89
"La croisée du chemin",90
"Les péchés du père",91
"Des tribuns en effigie",92
"Décorations funéraires",93
"Infestation cadavérique",94
"Des murmures dans la nuit",95
"Dangereuses recherches",97
"Extraction d'informations",98
"Défendre le fort",100
"Détection de morts-vivants",101
"Vigilance éternelle",102
"Recherche et destruction",104
"Murmures de vengeance",105
"L'informateur",106
"Cambriolage",107
"La fête du ministre",108
"Bandits geôliers",109
"Le procès de Julius Zamon",110
"Incendie criminel à l'orphelinat",111
"Hôpital en péril",112
"Infiltration",113
"La commandante",114
"Les risques d'une amitié",115
"Fournitures volées",116
"Défense de Shaemoor",117
"L'apothicaire",118
"Infiltration",119
"Le bien public",120
"Le sauvetage",121
"Le prix du poison",122
"Bienvenue à la maison",123
"En voie de guérison",124
"La chute de la Compagnie des Faucons",125
"Confrontation avec le capitaine Tervelan",126
"Aide de Logan",127
"Accusation",128
"Voix du passé",129
"Le Manteau rapiécé",130
"L'aiguillon",131
"Débusquer la secte",132
"Les cendres du passé",133
"Le tourbigriz flottant",134
"Collège de pitres",135
"L'atelier de l'artiste",136
"Dans les bois",137
"Monsieur Loyal",138
"Libération",139
"Les Ordres de la Tyrie",140
"Force brute",141
"Mortus Virge",142
"Quai de Triskel",144
"Pister le Séraphin",145
"L'orateur des morts",147
"Le triste sort du \"Vorace\"",148
"L'attaque de Kellach",150
"La justice de la Reine",151
"Le piège",152
"La Grande traque",154
"Une arme de légende",155
"Le dernier des Rois-géants",156
"Les épigones du dragon",157
"Echos du passé",158
"Esprits farouches",159
"Hors des cieux",160
"Crépuscule du Loup",161
"La maladie d'un chiot",162
"Le Courroux des minotaures",163
"Par-delà le voile",164
"Un piège déjoué",165
"Une bonne tournée en appelle une autre",166
"Forme de l'esprit",167
"Vénération du Corbeau",168
"L'élu de l'Ourse",169
"Dans les Brumes",170
"Le havroun du Loup",171
"Minotaure déchaîné",172
"Des visiteurs inattendus",173
"Ne pas laisser traîner les jouets",174
"Un nouveau concurrent",175
"À l'assaut de la Taupidavie",176
"Première attaque",177
"Le coup de grâce",178
"Les demi-finales",179
"Le combat du championnat",180
"La machine en action",181
"Barrage routier",182
"Parmi les Kodans",183
"Rumeurs de troubles",184
"Les ténèbres de Drakentelt",185
"Préservation d'équilibre",186
"La fin et les moyens",187
"Technologie draguerre",188
"Erudit souterrain",189
"Assaut draguerre",191
"Sabotage",192
"La cachette draguerre",194
"Décodage",195
"Armements",197
"Assaut sur la colline",198
"Décapitation",199
"Guerre silencieuse",200
"Face au cauchemar",201
"Appel aux armes",202
"Parodie de mort",203
"Découverte des ténèbres",204
"Amours égarées",205
"Traqueurs et traqués",206
"À la rescousse du cerf",207
"Un bon travail gâché",208
"Nuit noire, Cerf blanc",209
"Tapi dans les ténèbres",210
"Le cœur a ses raisons",211
"Eveil",212
"Lutte contre l'obscurité",213
"Ruse machiavélique",214
"Des racines profondes",215
"Le cœur des Cauchemars",216
"Sous une froide Lune",217
"Le marteau et l'acier",218
"Le duel du chevalier",219
"Pousse sauvage",220
"À la recherche de l'extrait de zalisco",221
"L'approche directe",222
"Duperie et diplomatie",223
"L'Œil du Soleil",224
"Où mène la vie",225
"Une âme inconnue",226
"La source du problème",227
"Un rêve différent",228
"Extinction des braises",229
"Après la tempête",230
"Sous les vagues",231
"Miroir, miroir",232
"Une vision des ténèbres",233
"Lumière éclatée",234
"La pomme pourrie",235
"Une écharde douloureuse",236
"Epines aiguisées",237
"Secrets souterrains",238
"Murs de ronces",239
"Problèmes à la racine",241
"Broussailles impénétrables",243
"La fleur de l'âge",244
"Fleur de mort",246
"Au cœur de l'hiver",247
"Une paix fragile",248
"Instinct de tueur",249
"Le messager n'y est pour rien",250
"Remuer le passé",251
"Siège du questeur",252
"Vol de secrets",253
"Confinement",254
"À la vôtre",255
"Rancune",256
"Plus fort que l'épée",257
"Ils sont partis par là !",258
"Pris au dépourvu",259
"Une pomme par jour",260
"La Gaine de pierre",261
"Défense du ministre",262
"Doute",263
"La tanière du faux dieu",264
"Tentative de déicide",265
"Hérésie salvatrice",266
"Le sacrifice du champion",267
"Convaincre des convaincus",268
"Terres impies",269
"L'élu du soleil",270
"Contrées sauvages",271
"Les familiers et les murs rendent le kraal plus fort",272
"Le retour du chef disparu",273
"Briser la glace",274
"Enragé et fier de l'être",275
"Gardien du passé",276
"Évacuation",277
"Rat-Tastrophe",278
"L'élevage",279
"Voler les voleurs",280
"Explosion imminente",281
"La bataille de l'Île de la griffe",282
"Une lueur dans les ténèbres",283
"Punition",284
"Alerte rouge",285
"Le rite fantôme",286
"Eclats d'Orr",287
"Le bruit d'une psi-lance",288
"Le Prieuré assailli",289
"Activité suspecte",290
"Reconnaissance",291
"Libération anticipée",292
"La magie, c'est pourri",293
"Contre-attaque décisive",294
"Une arme peut en cacher une autre",295
"Champ de bataille",296
"La bonne cause",297
"Contrat de défense",298
"Assiégé",299
"La bataille de Fort Trinité",300
"Réunion du Pacte",301
"Déjouer les accusations",302
"L'extraction du volcan",303
"Traumatisme",304
"Faire éclater la vérité",305
"Appliquer la justice",306
"Acquisition de munitions",307
"Au cœur du problème",308
"La chute de la tour",309
"Destruction du navire osseux",310
"Triste devoir",311
"Briser les chaînes",312
"Un travail bien humide",313
"Captifs volontaires",314
"Intercepter l'orbe",315
"Libérer Apatia",316
"Cathédrale du silence",317
"Au tréfonds d'Orr",318
"L'ultime voyage de Romke",319
"Ce que voit l'Œil",320
"Temple du Dieu oublié",321
"Contre la corruption",322
"La source d'Orr",323
"La victoire ou la mort",324
"Chasseurs et proie",325
"Largage aérien",326
"Retour dans le passé",327
"Ordre de marche",328
"Garde de l'armurerie",329
"La vague d'acier",330
"Vol de lumière",331
"Réquisition des navires morts-vivants",332
"La ligne de vaisseaux",333
"Fermer l'Œil",334
"Au delà du miroir",335
"Affamer la bête",336
"Le domaine de la putrescence",337
"L'ossuaire du défunt tourmenté",338
"Une sinistre cargaison",339
"Mise en scène",358
"Acculé",359
"Sur les traces du Maître de la paix",360
"Mystère à Prospérité",361
"Espoirs déchus",362
"Perturbation dans les Terres sauvages de Brisban",363
"Pièce secrète de Scarlet",364
"Découverte de la percée de Scarlet",365
"L'incident de Concordia",366
"La machine",367
"Problèmes à Fort Salma",368
"L'énigme des points de passage",369
"Le grand ralliement",371
"Désherbage des Marais de fer",372
"Plan d'attaque",373
"Invitations au sommet",374
"Le sommet mondial",375
"Recalibrage des points de passage",377
"Histoire de politique",378
"Taimi et les Asuras",379
"Arcane cachée",380
"Réunion avec le Pacte",381
"Escouade de reconnaissance de Caithe",383
"Les fantômes de Fort Salma",384
"Vers le labyrinthe",385
"Retour au Camp de la détermination",386
"À la recherche des Maîtres des aspects",387
"Les nouveaux éveillés",388
"À la rencontre des Asuras",389
"Nulle échappatoire",390
"Arcanes obscures",391
"Pacte assailli",392
"La grotte mystérieuse",393
"Récolte amère",398
"Connaissances cachées",401
"Cité de l'espoir",402
"Corps et âmes",404
"Dans la jungle",405
"Précieux effets",407
"Racines de la terreur",408
"Arrachés au ciel",409
"Prisonniers du dragon",410
"Prologue : ralliement à Maguuma",411
"Curieuses observations",413
"Souvenirs de la guerre contre Scarlet",415
"En avant",417
"Découpe de signe",418
"Établir une base avancée",419
"Sur leurs traces",421
"Le chemin du prédateur",423
"Forteresse du confesseur",425
"Faucheur de magie",426
"Actes d'une ombre",429
"Mémorial d'Eir à Hoelbrak",431
"Le sang et la pierre",432
"Recherches à Rata Novus",435
"En route pour le cirque",436
"Ennemis et fantômes du passé",437
"Brèche ardente",440
"Jeu de Taimi",441
"Machine de la Flamme",442
"Détruire les destructeurs",443
"Veilleur du Dragon",444
"Comme un froid",446
"Voyage vers les Confins de Givramer",447
"Recette d'élixir",448
"Elixir en préparation",449
"Froid mordant",451
"Figé dans la glace",452
"Aurene précoce",453
"La fin du confesseur",454
"Rejoindre la reine",455
"Une rencontre ministérielle",456
"Sabotage de Fort Evennie",457
"Les yeux sur le Lac Doric",458
"Briser le siège",459
"À la poursuite d'un dieu",460
"Arrivée et survie",461
"Protection des druides anciens",462
"Cœur du volcan",464
"Projet de familiers de Taimi",466
"La dernière chance",468
"\"Où est Balthazar ?\"",469
"Le flux de la magie",472
"Les secrets de la Lame brillante",473
"Sur les côtes orriennes",475
"La marche à suivre",477
"Faire sortir l'archonte",479
"Ouvrir la voie",480
"La mort d'un dieu",481
"Le sacrifice",482
"Bête de guerre",483
"Souvenirs cristallins",484
"Nuit des incendies",486
"Allumer la flamme (Prologue)",488
"Le sacrifice",491
"Affronter la vérité",493
"En partance",496
"Petite victoire (Épilogue)",499
"Sol consacré",500
"L'ennemi de mon ennemi",501
"Allumer la flamme",503
"Le héros d'Istan",504
"L'œil de la Stigmatempête",505
"Sous les étoiles",506
"La première ville",508
"Aube du Champion",509
"Convaincre le corsaire.",511
"La charge",513
"Le chemin de Rata Primus",519
"Un prêté pour un rendu",521
"Le sujet d'expérience",525
"Pistage du scientifique",526
"Une arme peut en cacher une autre",527
"Saisie",529
"À votre guise",532
"Triage tactique",533
"J'ai même pas peur",535
"Théorie du chaos",536
"Une nation brisée",537
"Patrimoine",538
"Suivi de la tempête",539
"Retour sur le champ des cendres",540
"Le dragon de cristal",542
"Descendante et champion",543
"Sang de dragon",544
"Les fleurs de cristal",545
"Résonance",546
"Descente",547
"Formation de dragons",548
"La fin",549
"Saignement",551
"Atterrissage",552
"Retour au bercail",553
"Festivités et rivalités",554
"Course à l'armement",555
"Toujours plus loin",556
"Rancune",557
"Ce qui reste",559
"L'invitation",561
"Silence",562
"Le vent et rien de plus",563
"Chasse aux fantômes",564
"Voix des profondeurs",565
"Que la chasse commence",566
"Guider les Esprits égarés",567
"La voix des Eaux calmes",568
"Galeries de Sombregivre",569
"Forge de l'acier",570
"Pourparlers difficiles",571
"Distraction, destruction, défiance",572
"Acier fragile",573
"Côte à côte",574
"Volte-face",575
"Derrière les lignes ennemies",576
"Un grain de sable dans l'engrenage",577
"Le panthéon sauvage",578
"Une négociation simple",579
"Un Charr, un dragon, un champion",580
"Le Brasier",581
"Défense de la Tyrie",583
"Le calme dans la tempête",587
"La Flamme et le Givre",590
"Marée gelée",593
"Éveil de Primordius",595
"Nouvelles et appréhensions",596
"Fin du champion",598
"Feu de forêt",599
"Le calme dans la tempête",600
"Le calme dans la tempête",602
"Monde de Jormag",605
"Le calme dans la tempête",606
"Folie de Jormag",608
"Tempête de dragons",611
"Point d'extraction",613
"Ce genre d'individus...",614
"L'avenir dans le jade",616
"Le cycle recommence",617
"Convergence",618
"On ne peut pas faire confiance à un pirate",620
"Le poids du monde",621
"Expansion",622
"L'appel du vide",623
"La route panoramique",626
"L'unique",627
"De vieux amis",629
"Retombées",630
"Les plus grands secrets",632
"Attraper une araignée",633
"Au nom de la loi",634
"Nouveaux amis, nouveaux ennemis",635
"Fête paisible",636
"La Bataille de Cragstead",638
"Enquête sur l'Alliance",640
"Fournaise de la Fusion",641
"Plus de secrets",642
"Cérémonie et amertume",643
"Roman noir",644
"Affaire classée",645
"Le Refuge étherlame",646
"Enquête sur l'éther",647
"Invasion mécanique",648
"La planque de Scarlet",649
"Rassembler les morceaux",650
"L'allocution de la reine",651
"La cérémonie d'ouverture",652
"La tour des Cauchemars",653
"Le Cauchemar dévoilé",654
"Éveillés et alliés",656
"Le Cauchemar incarné",657
"Créer l'antitoxine",658
"La fin du Cauchemar",659
"Affrontement sur le Percegarde",660
"La bataille pour l'Arche du Lion",661
"La fin de Scarlet",662
"Relier les points",663
"La marionnette détraquée",664
"À l'aube du prochain périple",665
"Les réfugiés de l'Arche du Lion",666
"Après l'affrontement",667
"Sur le coup",668
"De gros problèmes",669
"À la recherche d'une solution",672
"Une aura de mystère",673
"Une mauvaise affaire",674
"10. Trahison",685
"4. Les voix au-delà du voile",686
"3. Mère des étoiles",688
"7. Le sort de Mabon",691
"6. La Tour des secrets",692
"2. L'enfer déchaîné",694
"Prologue : Des temps incertains",695
"8. Dans l'Obscur",696
"1. Commandant sans cause",697
"5. La facette manquante",699
"9. L'Aiguillon du monde",700